1.206032,2.860650,-0.831844,12.000000
6.002921,14.217835,-2.999899,100.000000
6.018072,14.239829,-2.448513,32.000000
6.746402,15.947683,-2.126133,4.000000
6.060217,14.214852,-3.003715,100.000000
6.073007,14.237966,-2.451641,100.000000
6.124390,14.234355,-3.012111,100.000000
6.128918,14.231195,-2.454144,32.000000
6.877595,15.954253,-2.133201,4.000000
17.204012,39.851479,-2.274835,35.000000
6.190602,14.244224,-3.018980,100.000000
6.199945,14.252111,-2.461653,75.000000
6.946700,15.961096,-2.137345,33.000000
17.223017,39.497066,-2.258192,35.000000
6.248178,14.240504,-3.022796,100.000000
6.266341,14.268363,-2.468223,52.000000
6.984010,15.894948,-2.131739,42.000000
7.535018,17.132751,-1.637482,3.000000
17.207880,39.089394,-2.238304,34.000000
6.314445,14.262789,-3.031955,100.000000
6.320028,14.261950,-2.470726,65.000000
7.004502,15.799109,-2.121989,57.000000
17.163898,38.641506,-2.215904,32.000000
6.372915,14.266869,-3.037298,100.000000
6.382605,14.275178,-2.476671,37.000000
17.157997,38.285469,-2.198738,32.000000
6.444541,14.286363,-3.046457,73.000000
6.447073,14.278696,-2.481364,30.000000
17.136810,37.865677,-2.178223,31.000000
6.519580,14.319174,-3.058287,60.000000
6.523093,14.313622,-2.491375,90.000000
17.116186,37.471359,-2.158963,30.000000
6.589201,14.339142,-3.067446,40.000000
6.582079,14.317039,-2.495756,85.000000
7.116529,15.465343,-2.090303,50.000000
17.106607,37.124168,-2.142216,29.000000
6.648279,14.342146,-3.072788,40.000000
6.648633,14.329817,-2.502013,76.000000
6.759108,14.554598,-1.970384,44.000000
17.079453,36.727371,-2.122746,28.000000
6.704126,14.324799,-3.074315,45.000000
6.721231,14.348280,-2.509522,28.000000
6.797232,14.503953,-1.966728,68.000000
17.064552,36.346336,-2.104324,27.000000
6.769183,14.333261,-3.081184,55.000000
6.785616,14.355096,-2.514841,100.000000
6.833395,14.449629,-1.962584,88.000000
6.953073,14.689444,-1.421859,43.000000
17.059641,36.008583,-2.088205,26.000000
6.830182,14.339095,-3.087290,100.000000
6.846788,14.361044,-2.519847,100.000000
6.882982,14.430475,-1.963072,88.000000
6.992309,14.646524,-1.419941,43.000000
17.048080,35.677891,-2.072295,26.000000
6.893852,14.349988,-3.094540,100.000000
6.915771,14.382768,-2.527668,84.000000
6.944499,14.429616,-1.966240,32.000000
7.047751,14.637620,-1.421336,31.000000
17.032743,35.344090,-2.056175,25.000000
6.963593,14.366471,-3.103317,100.000000
6.978009,14.383420,-2.532048,84.000000
7.013039,14.442785,-1.971359,48.000000
17.011047,34.986248,-2.038800,25.000000
7.032671,14.380879,-3.111713,97.000000
7.044672,14.392687,-2.537993,81.000000
7.093107,14.478827,-1.979646,33.000000
17.018730,34.693546,-2.025192,24.000000
7.105408,14.402021,-3.121635,66.000000
7.115863,14.410516,-2.545502,85.000000
17.003298,34.358261,-2.009073,24.000000
7.186377,14.426257,-2.552698,96.000000
16.982168,34.016365,-1.992535,24.000000
7.380205,14.699457,-3.197196,5.000000
7.253546,14.434619,-2.558642,100.000000
7.269303,14.453415,-1.986470,45.000000
16.994791,33.746391,-1.980183,23.000000
7.442112,14.694625,-3.201775,5.000000
7.320854,14.442689,-2.564587,82.000000
7.294567,14.378383,-1.979646,41.000000
16.871494,33.241127,-3.261368,17.000000
17.016611,33.498104,-1.969088,23.000000
7.391004,14.455742,-2.571470,74.000000
7.333865,14.331625,-1.976721,40.000000
16.849398,32.912476,-3.234872,17.000000
17.000473,33.178982,-1.953806,23.000000
7.464964,14.475501,-2.579605,82.000000
7.384753,14.307701,-1.976965,37.000000
16.824329,32.582596,-3.208203,17.000000
17.015312,32.924267,-1.942292,22.000000
7.535497,14.487911,-2.586488,86.000000
7.643644,14.683297,-2.032537,13.000000
16.811876,32.281582,-3.184322,17.000000
17.021214,32.655678,-1.929941,22.000000
7.648935,14.575256,-2.021081,25.000000
16.795649,31.991037,-3.161139,16.000000
17.114536,32.570766,-1.928266,22.000000
7.673762,14.499342,-2.014256,51.000000
16.787889,31.706825,-3.138827,16.000000
17.228119,32.510830,-1.928266,22.000000
7.729939,14.482974,-2.015719,38.000000
16.781944,31.416626,-3.116166,16.000000
7.805853,14.503096,-2.022300,34.000000
16.774351,31.140345,-3.094552,16.000000
16.772627,30.878517,-3.074332,16.000000
17.764061,32.676514,-1.949201,22.000000
20.824829,38.290791,-0.760820,28.000000
16.756853,30.594355,-3.051846,15.000000
17.872314,32.617432,-1.949201,22.000000
20.800665,37.930321,-0.755096,27.000000
16.734013,30.313606,-3.029359,15.000000
18.016964,32.610790,-1.952550,23.000000
16.735067,30.066990,-3.010533,15.000000
16.721935,29.798161,-2.989442,15.000000
16.703949,29.536160,-2.968699,14.000000
18.369513,32.454826,-1.954434,23.000000
16.694265,29.291933,-2.949699,14.000000
18.368193,32.202888,-1.942920,22.000000
16.693192,29.053810,-2.931571,14.000000
18.420761,32.034687,-1.936640,22.000000
16.691643,28.817789,-2.913616,14.000000
20.640696,35.621410,8.002530,26.000000
18.414286,31.766291,-1.924289,22.000000
21.125919,36.283424,0.732861,40.000000
16.676611,28.561478,-2.893570,14.000000
20.689665,35.420300,7.973527,25.000000
18.400085,31.488001,-1.911309,22.000000
20.612734,35.119511,0.710802,36.000000
16.665932,28.304441,-2.873699,13.000000
20.709732,35.158161,7.931549,25.000000
18.428175,31.272362,-1.902308,21.000000
21.004068,35.629402,-0.721936,26.000000
20.680195,34.940479,0.708707,36.000000
16.678007,28.088985,-2.858011,13.000000
20.748211,34.930107,7.897203,25.000000
18.389635,30.947056,-1.886607,21.000000
21.010038,35.356812,9.495185,13.000000
20.692324,34.670410,0.704763,35.000000
20.791925,34.823483,2.125573,34.000000
16.649088,27.818605,-2.836396,13.000000
20.761105,34.675549,7.855988,25.000000
18.409285,30.735329,-1.877605,21.000000
20.684540,34.397671,0.700609,34.000000
20.906254,34.752640,2.125468,34.000000
16.644531,27.602865,-2.820011,13.000000
20.766466,34.424950,7.814774,25.000000
20.775961,34.427143,9.283280,13.000000
21.065964,34.893929,-0.711465,25.000000
20.681414,34.135620,0.696665,33.000000
20.831713,34.356667,2.105685,33.000000
16.629429,27.372124,-2.802057,13.000000
20.774441,34.181431,7.775085,25.000000
18.349169,30.179083,-1.851018,20.000000
20.795763,34.189579,9.238741,13.000000
20.787930,34.042747,0.696246,33.000000
20.730728,33.922443,2.083495,32.000000
24.034523,39.313141,4.031301,58.000000
16.621866,27.145699,-2.784800,13.000000
20.801344,33.958027,7.740739,24.000000
18.391798,30.012671,-1.844738,20.000000
20.807009,33.940674,9.191051,25.000000
20.809153,33.811600,0.693000,33.000000
20.822838,33.807354,2.080878,32.000000
24.171597,39.229008,4.031301,58.000000
16.605616,26.907784,-2.766323,12.000000
20.817659,33.719826,7.702960,24.000000
18.301222,29.632233,-1.825269,19.000000
20.827034,33.708679,9.147860,25.000000
20.756306,33.463459,0.687346,32.000000
20.777441,33.471443,2.064654,32.000000
20.787268,33.474236,3.447358,47.000000
20.824411,33.507946,4.844063,22.000000
20.855165,33.531284,6.254251,25.000000
16.598429,26.687233,-2.749589,12.000000
20.836697,33.488594,7.666706,24.000000
18.332783,29.452860,-1.818151,19.000000
20.847754,33.480267,9.105569,25.000000
20.783503,33.364147,-0.686124,24.000000
20.832703,33.326370,0.686019,32.000000
20.846493,33.322514,2.059943,32.000000
20.849016,33.313648,3.438294,46.000000
20.882250,33.340836,4.830414,36.000000
20.893377,33.332767,6.230785,34.000000
16.588823,26.465391,-2.732681,12.000000
20.841879,33.237682,7.625873,24.000000
18.308126,29.185650,-1.805591,19.000000
20.862957,33.245544,9.061479,24.000000
20.897720,33.287998,-0.686054,24.000000
20.939322,33.238213,0.685705,32.000000
20.954140,33.236042,2.059106,32.000000
20.961994,33.235607,3.437771,46.000000
20.966694,33.217392,4.823102,29.000000
20.986404,33.222885,6.223903,33.000000
16.589603,26.262455,-2.717690,12.000000
20.865456,33.018688,7.592290,24.000000
18.275415,28.908859,-1.792402,19.000000
20.884104,33.022636,9.020538,24.000000
21.060841,33.289200,-0.687590,24.000000
21.091209,33.234444,0.687066,32.000000
21.082451,33.195030,2.060885,32.000000
21.024006,33.090240,3.429927,46.000000
21.021353,33.060566,4.810427,14.000000
21.068895,33.109772,6.215768,8.000000
16.578201,26.052647,-2.701654,12.000000
20.873636,32.790321,7.555655,23.000000
20.886703,32.785549,8.974648,24.000000
21.209784,33.279896,-0.688846,24.000000
21.260967,33.244850,0.688812,33.000000
21.252035,33.205341,2.066119,32.000000
21.031963,32.848858,3.412496,46.000000
21.046677,32.846588,4.789953,7.000000
21.087284,32.884720,6.187297,8.000000
16.569004,25.838654,-2.685443,11.000000
20.892572,32.568531,7.521310,23.000000
18.273285,28.474503,-1.773142,18.000000
20.908354,32.568146,8.935057,24.000000
21.245867,33.081142,-0.686264,24.000000
21.242554,32.962006,0.684483,32.000000
21.425200,33.219910,2.071667,32.000000
21.066557,32.651356,3.399597,45.000000
21.071838,32.634499,4.769722,7.000000
21.097960,32.649971,6.156949,8.000000
16.544481,25.603273,-2.666966,11.000000
20.903820,32.337116,7.484674,23.000000
16.639425,25.730499,-1.605877,14.000000
20.927711,32.349339,8.895016,24.000000
21.254747,32.842251,-0.682843,23.000000
21.246405,32.716587,0.680923,32.000000
21.573654,33.195171,2.074807,65.000000
21.043577,32.367146,3.377634,45.000000
21.090336,32.414337,4.748274,7.000000
21.119110,32.433754,6.130042,8.000000
16.539175,25.400103,-2.651800,11.000000
20.914766,32.107681,7.448421,23.000000
16.583033,25.448029,-1.591851,13.000000
20.948990,32.135685,8.856324,23.000000
21.275311,32.623817,-0.679841,23.000000
21.293676,32.540157,0.678794,31.000000
21.578890,32.950901,2.064235,32.000000
21.090914,32.193504,3.367175,45.000000
21.101049,32.184464,4.725362,14.000000
21.143330,32.224415,6.104387,8.000000
16.534826,25.200623,-2.636984,11.000000
20.931904,31.890045,7.414838,23.000000
16.557747,25.216362,-1.580965,13.000000
20.962599,31.912523,8.814933,23.000000
21.320965,32.445744,-0.677677,23.000000
21.360895,32.395519,0.677328,31.000000
21.605768,32.742020,2.055861,31.000000
21.130713,32.009949,3.355670,44.000000
21.116972,31.964865,4.703914,7.000000
21.167448,32.016933,6.079044,8.000000
16.541388,25.019762,-2.624085,11.000000
20.964027,31.697254,7.386980,23.000000
16.570732,25.045139,-1.573847,13.000000
20.979225,31.696146,8.775341,23.000000
21.345764,32.237740,-0.674885,23.000000
21.436228,32.264122,0.676141,31.000000
21.697821,32.633133,2.053768,31.000000
21.143019,31.786684,3.339982,44.000000
21.140432,31.758755,4.684414,13.000000
21.166271,31.773523,6.046819,7.000000
16.501589,24.771185,-2.604039,11.000000
20.989632,31.496449,7.357214,22.000000
16.567204,24.850878,-1.565264,13.000000
20.998905,31.486544,8.737550,23.000000
21.347193,31.996681,-0.671394,22.000000
21.438585,32.024597,0.672686,31.000000
21.693773,32.381302,2.042673,31.000000
21.138477,31.540565,3.321854,43.000000
21.153866,31.539682,4.662965,13.000000
21.193394,31.574791,6.023041,7.000000
16.503572,24.587702,-2.590792,10.000000
20.997673,31.271402,7.321723,22.000000
16.553614,24.643686,-1.555843,13.000000
21.014133,31.272326,8.698408,23.000000
21.373976,31.795835,-0.668741,22.000000
21.409355,31.740675,0.668288,30.000000
21.701588,32.161850,2.033357,31.000000
21.159256,31.334488,3.307909,43.000000
21.183794,31.347231,4.645416,13.000000
21.211681,31.376690,5.998637,7.000000
16.500004,24.397915,-2.576847,10.000000
21.010986,31.056450,7.288522,22.000000
16.545507,24.446810,-1.547051,12.000000
18.233393,26.930614,7.508417,9.000000
21.362696,31.552578,-0.665111,22.000000
21.536976,31.702581,0.668986,30.000000
21.765446,32.014874,2.028856,31.000000
21.183319,31.135244,3.294661,43.000000
21.193802,31.138966,4.624942,13.000000
21.228771,31.166952,5.972668,15.000000
16.493067,24.205162,-2.562553,10.000000
21.018780,30.847080,7.255703,22.000000
16.513998,24.226768,-1.536584,12.000000
18.253428,26.768576,7.480073,18.000000
21.450161,31.444782,-0.664413,22.000000
21.518724,31.439102,0.665006,30.000000
21.842083,31.887617,2.025611,30.000000
21.185087,30.916912,3.278973,42.000000
21.203583,30.920723,4.603493,13.000000
21.248024,30.962355,5.947639,15.000000
16.486441,24.023836,-2.549131,21.000000
21.036333,30.642418,7.224792,22.000000
16.517040,24.050447,-1.529047,12.000000
18.255173,26.571377,7.442731,28.000000
18.361162,26.705702,8.683897,16.000000
21.564772,31.271603,0.663052,30.000000
21.876112,31.699402,2.018493,30.000000
21.236292,30.760790,3.270258,42.000000
21.227882,30.725666,4.585456,13.000000
21.264988,30.756380,5.922297,7.000000
16.480696,23.836672,-2.535361,10.000000
21.060518,30.449318,7.196553,22.000000
16.525894,23.884243,-1.522139,12.000000
18.267962,26.392117,7.410338,27.000000
21.441486,30.965458,-0.657432,21.000000
18.359673,26.504866,8.639380,16.000000
21.664665,31.183004,0.662773,30.000000
21.912529,31.516254,2.011690,30.000000
21.213850,30.500004,3.250386,41.000000
21.248825,30.527550,4.566932,13.000000
21.284130,30.555552,5.897893,7.000000
16.462429,23.633505,-2.519847,20.000000
21.071278,30.238697,7.164115,21.000000
16.515514,23.692055,-1.513556,12.000000
18.295307,26.235491,7.384243,27.000000
21.435041,30.726412,-0.653942,21.000000
18.365854,26.317047,8.599005,16.000000
21.712618,31.020357,0.660923,59.000000
22.084263,31.527924,2.017342,30.000000
21.251581,30.327873,3.239928,41.000000
21.268631,30.329674,4.548408,13.000000
21.302158,30.354940,5.873489,7.000000
16.464718,23.461733,-2.507645,10.000000
21.088724,30.039623,7.134349,21.000000
16.500542,23.495333,-1.504659,12.000000
18.303883,26.053467,7.350951,27.000000
18.359823,26.113708,8.553452,16.000000
21.785049,30.893713,0.659841,59.000000
21.950058,31.104685,1.995152,30.000000
21.288376,30.155838,3.229469,41.000000
21.287313,30.132032,4.529884,13.000000
21.315611,30.149752,5.848147,7.000000
16.440691,23.254448,-2.491608,10.000000
21.102743,29.837612,7.103819,21.000000
16.490175,23.307154,-1.496285,12.000000
18.315905,25.878077,7.319458,27.000000
18.368242,25.932798,8.515147,16.000000
21.867270,30.781616,0.659073,29.000000
22.036520,30.996941,1.993163,29.000000
21.278032,29.918983,3.212038,40.000000
21.293381,29.918447,4.508922,6.000000
21.334782,29.954481,5.824681,7.000000
16.455887,23.104412,-2.481673,10.000000
21.112219,29.631052,7.072145,21.000000
16.476370,23.116087,-1.487702,11.000000
18.331459,25.709257,7.289764,27.000000
18.391321,25.774174,8.484089,16.000000
21.966431,30.693720,0.658828,29.000000
22.148067,30.924706,1.993477,59.000000
21.312712,29.747356,3.201579,40.000000
21.323654,29.740698,4.493323,13.000000
21.342487,29.745005,5.798400,7.000000
16.437716,22.909227,-2.466856,9.000000
21.181171,29.509333,7.060697,21.000000
16.485895,22.959475,-1.481317,11.000000
18.343786,25.537479,7.259171,27.000000
21.511879,29.936970,-0.643470,20.000000
18.392094,25.585901,8.443195,15.000000
22.109684,30.667143,0.659910,29.000000
22.227842,30.808329,1.990965,59.000000
21.330141,29.553223,3.188680,40.000000
21.336683,29.540552,4.474311,6.000000
21.355921,29.545454,5.773996,7.000000
16.432377,22.733837,-2.454131,9.000000
21.300163,29.457483,7.066039,21.000000
16.471127,22.770704,-1.472839,11.000000
18.381403,25.402250,7.238925,27.000000
21.079220,29.119808,-0.627484,19.000000
18.395187,25.402624,8.403854,15.000000
21.126106,29.088280,0.627519,26.000000
21.130089,29.083086,1.883990,26.000000
21.161339,29.104731,3.148240,38.000000
21.179216,29.107948,4.419958,25.000000
16.453051,22.604185,-3.432816,11.000000
21.234064,29.172626,5.714865,13.000000
16.416632,22.545879,-2.440012,9.000000
21.245663,29.167130,7.014139,21.000000
16.461113,22.590395,-1.464884,11.000000
18.414869,25.262339,7.217330,26.000000
21.080263,28.918844,-0.624656,19.000000
18.408760,25.244701,8.371761,15.000000
21.130383,28.892160,0.624796,25.000000
21.134748,28.876999,1.875407,26.000000
21.161568,28.892447,3.133249,38.000000
21.187624,28.917463,4.401677,25.000000
16.382408,22.350964,-3.402592,11.000000
21.236488,28.962914,5.688271,27.000000
16.422165,22.388836,-2.429205,9.000000
21.249352,28.969885,6.983610,20.000000
16.442600,22.408468,-1.456614,11.000000
18.438574,25.119450,7.193935,26.000000
21.186979,28.853161,-0.624831,19.000000
18.425854,25.083761,8.339667,15.000000
21.219240,28.802130,0.624447,25.000000
21.225945,28.790180,1.874569,26.000000
21.247795,28.809292,3.131855,38.000000
21.271942,28.820963,4.398265,31.000000
16.387217,22.194633,-3.387480,11.000000
21.282293,28.813934,5.673566,27.000000
16.414650,22.223669,-2.417177,9.000000
21.295521,28.821316,6.965673,20.000000
16.437622,22.238503,-1.449287,11.000000
18.460098,24.965624,7.168291,26.000000
21.285194,28.775806,-0.624761,19.000000
18.444361,24.926111,8.308609,15.000000
20.006382,26.958286,0.585982,21.000000
20.014042,26.948923,1.759221,22.000000
21.362480,28.754143,3.133946,38.000000
21.367685,28.740156,4.397290,25.000000
16.379290,22.022615,-3.369931,10.000000
21.373314,28.726782,5.671063,27.000000
16.399363,22.041548,-2.403581,9.000000
21.394831,28.745226,6.965292,20.000000
16.431641,22.068863,-1.441960,11.000000
18.494755,24.830702,7.148045,26.000000
19.987616,26.825212,-0.583923,15.000000
18.448114,24.750069,8.271339,15.000000
20.009371,26.766558,0.583329,21.000000
20.035000,26.781342,1.752836,22.000000
20.073185,26.822624,2.931047,32.000000
18.689339,24.955311,3.828160,4.000000
16.365614,21.844563,-3.351407,10.000000
20.117012,26.842081,5.312828,17.000000
16.383007,21.859808,-2.389985,9.000000
20.145414,26.870228,6.527958,18.000000
16.430687,21.907509,-1.435157,11.000000
18.528696,24.695841,7.127800,26.000000
20.009104,26.659325,-0.581828,15.000000
18.462488,24.589735,8.239245,15.000000
20.058172,26.637449,0.582038,21.000000
20.076685,26.642653,1.748335,22.000000
18.806650,24.948221,2.733378,27.000000
18.815794,24.942213,3.836203,4.000000
16.356861,21.674805,-3.334102,10.000000
18.829952,24.942890,4.949900,4.000000
16.381170,21.699141,-2.378654,9.000000
18.769609,24.853914,6.053988,15.000000
16.423992,21.740059,-1.427934,11.000000
18.564249,24.564177,7.108454,26.000000
20.121344,26.614836,-0.582387,15.000000
18.461983,24.411112,8.200940,14.000000
20.153452,26.570450,0.582108,21.000000
20.162300,26.562880,1.747707,22.000000
18.773138,24.723738,2.715947,27.000000
20.179401,26.556524,4.095298,10.000000
16.353142,21.513269,-3.318015,10.000000
20.195097,26.557905,5.284357,5.000000
16.395315,21.560936,-2.369765,9.000000
18.784918,24.694504,6.031091,15.000000
16.412691,21.568161,-1.420398,10.000000
18.589687,24.420139,7.085509,25.000000
20.204412,26.531719,-0.582108,15.000000
18.486198,24.266613,8.174024,29.000000
20.257013,26.514236,0.582422,21.000000
20.259758,26.498676,1.748126,22.000000
18.859333,24.658052,2.715947,27.000000
19.258509,25.161781,3.890557,4.000000
16.334011,21.333111,-3.299003,10.000000
20.281666,26.479410,5.282793,11.000000
16.378399,21.383368,-2.356517,9.000000
18.799366,24.535275,6.008194,15.000000
16.410124,21.409285,-1.413699,10.000000
18.643982,24.314896,7.073811,8.000000
20.362631,26.546709,-0.583992,15.000000
18.499062,24.108440,8.142447,29.000000
20.409182,26.521032,0.584132,21.000000
20.406975,26.498997,1.752836,22.000000
18.823683,24.434252,2.698516,26.000000
18.747490,24.317764,3.770150,9.000000
16.329565,21.173800,-3.283160,21.000000
18.772779,24.332996,4.867615,4.000000
16.370188,21.218794,-2.344664,8.000000
18.834524,24.404221,5.992166,15.000000
16.410288,21.255447,-1.407314,10.000000
18.732323,24.254290,7.075161,8.000000
20.505306,26.540342,-0.585424,16.000000
18.514578,23.955069,8.112425,29.000000
20.572695,26.541292,0.586157,21.000000
20.570345,26.519140,1.758907,22.000000
18.864895,24.311724,2.692241,26.000000
18.768948,24.170650,3.757476,18.000000
16.337622,21.032011,-3.269999,20.000000
18.790945,24.181524,4.850408,13.000000
16.359808,21.052963,-2.332636,8.000000
18.820787,24.211231,5.960874,15.000000
16.412052,21.105007,-1.401138,10.000000
18.797733,24.164141,7.067963,8.000000
20.655539,26.542780,-0.587064,16.000000
18.525692,23.797312,8.080849,14.000000
20.715666,26.533949,0.587588,21.000000
20.731657,26.535307,1.764769,22.000000
18.871115,24.145260,2.681085,26.000000
18.773718,24.003345,3.741633,18.000000
16.325308,20.865417,-3.252937,20.000000
18.803400,24.024014,4.831948,13.000000
16.357056,20.898460,-2.321829,8.000000
18.820469,24.037174,5.934160,15.000000
16.406807,20.946955,-1.394439,10.000000
18.857924,24.067699,7.058964,8.000000
20.812220,26.552353,-0.588879,16.000000
18.533554,23.636719,8.048237,28.000000
20.887276,26.562073,0.589822,22.000000
20.890846,26.547539,1.770421,22.000000
18.955290,24.079233,2.681085,26.000000
18.782454,23.842548,3.726765,13.000000
16.316954,20.705397,-3.236850,20.000000
18.821100,23.874462,4.815053,12.000000
16.352192,20.742664,-2.310847,8.000000
18.845901,23.897341,5.915843,15.000000
16.391993,20.778229,-1.387008,10.000000
18.871796,23.913006,7.032870,8.000000
20.986553,26.583136,-0.591183,16.000000
18.546499,23.483953,8.018214,28.000000
27.396254,34.590256,0.770210,46.000000
25.269026,31.893032,2.132481,34.000000
18.915449,23.856796,2.663654,25.000000
18.798943,23.692863,3.713603,13.000000
16.307682,20.545691,-3.220763,20.000000
18.826488,23.719078,4.796281,12.000000
16.356352,20.599642,-2.301260,8.000000
18.863270,23.748392,5.895235,14.000000
16.391119,20.628620,-1.380832,10.000000
18.886030,23.760035,7.007226,8.000000
18.558149,23.339149,7.989744,28.000000
27.475889,34.455441,0.769232,46.000000
25.275564,31.673492,2.123689,34.000000
18.906601,23.675419,2.650755,25.000000
18.810497,23.546644,3.700441,17.000000
16.293930,20.389154,-3.204677,20.000000
18.835155,23.560646,4.777509,12.000000
16.332348,20.422607,-2.287838,8.000000
18.868343,23.593716,5.872338,14.000000
16.405783,20.507092,-1.376331,10.000000
18.880707,23.592287,6.976182,8.000000
24.256393,30.298607,-0.677468,23.000000
18.575499,23.194315,7.962309,28.000000
27.500824,34.240841,0.766580,45.000000
25.295876,31.472988,2.116152,33.000000
18.952545,23.572224,2.646223,25.000000
18.825382,23.397316,3.687279,17.000000
16.296541,20.247105,-3.191271,10.000000
18.850391,23.411663,4.760614,12.000000
16.322517,20.272112,-2.277031,8.000000
18.869312,23.426792,5.847151,14.000000
16.383276,20.333061,-1.368481,10.000000
18.885904,23.430647,6.947839,8.000000
24.344442,30.191950,-0.676979,23.000000
18.582359,23.037613,7.930734,27.000000
27.637794,34.166393,0.767068,45.000000
25.315111,31.272718,2.108616,33.000000
18.984564,23.443985,2.639250,24.000000
18.830698,23.237389,3.672411,17.000000
16.294619,20.100651,-3.177134,10.000000
18.858574,23.255211,4.742155,12.000000
16.314106,20.117531,-2.266049,8.000000
18.891600,23.287605,5.828834,14.000000
16.395006,20.202856,-1.363561,10.000000
18.912304,23.296501,6.927593,8.000000
24.444635,30.100588,-0.676839,23.000000
18.590799,22.884138,7.900193,27.000000
28.277256,34.708447,0.781449,48.000000
25.345881,31.088181,2.102126,33.000000
18.965538,23.254059,2.625305,24.000000
18.840160,23.083853,3.658518,17.000000
16.265499,19.922176,-3.157879,19.000000
18.883411,23.120388,4.728076,12.000000
16.313656,19.974043,-2.256288,8.000000
18.888311,23.118132,5.802883,14.000000
16.398436,20.063547,-1.358014,9.000000
18.909624,23.127758,6.897000,8.000000
24.521715,29.981018,-0.676071,23.000000
18.604502,22.738371,7.872241,27.000000
28.144558,34.300343,0.774468,47.000000
25.347755,30.869875,2.093334,33.000000
18.945429,23.064543,2.611360,24.000000
18.857580,22.941284,3.646331,17.000000
16.274429,19.791677,-3.146179,19.000000
18.886204,22.959743,4.708678,12.000000
16.304811,19.821573,-2.245481,8.000000
18.911497,22.982334,5.785329,14.000000
16.402370,19.925993,-1.352571,9.000000
18.923353,22.980371,6.872705,8.000000
24.631283,29.901426,-0.676211,23.000000
18.614965,22.589794,7.843253,27.000000
28.141838,34.053902,0.771117,46.000000
25.371361,30.679619,2.086425,32.000000
19.025831,22.998264,2.611360,24.000000
18.869194,22.792744,3.633169,17.000000
16.249725,19.621605,-3.128143,9.000000
18.890615,22.802410,4.689906,11.000000
16.302717,19.678621,-2.235719,8.000000
18.928972,22.840595,5.766248,14.000000
16.395348,19.776358,-1.346290,9.000000
18.933784,22.830177,6.847510,8.000000
24.730412,29.809105,-0.676071,23.000000
18.627090,22.444401,7.815300,26.000000
28.188879,33.869411,0.769162,46.000000
25.404154,30.501860,2.080354,32.000000
19.014153,22.821512,2.598810,24.000000
18.879999,22.644398,3.620007,17.000000
16.258347,19.493126,-3.116687,9.000000
18.905560,22.658972,4.673950,11.000000
16.297283,19.532860,-2.225609,7.000000
18.928078,22.677914,5.741825,14.000000
16.407944,19.651560,-1.341685,9.000000
18.939663,22.675697,6.820966,8.000000
24.808676,29.691898,-0.675373,23.000000
18.633450,22.293283,7.785277,26.000000
28.201607,33.645130,0.766300,45.000000
25.423201,30.308937,2.073237,32.000000
19.001495,22.645105,2.586260,23.000000
18.892546,22.499311,3.607333,12.000000
16.252241,19.348091,-3.102550,9.000000
18.914640,22.509666,4.656742,11.000000
16.275639,19.369081,-2.213407,7.000000
18.931324,22.521538,5.718928,13.000000
16.427599,19.536074,-1.337707,9.000000
18.958494,22.537863,6.799371,8.000000
24.917313,29.611244,-0.675513,23.000000
18.648954,22.154203,7.759395,26.000000
28.259535,33.476204,0.764695,45.000000
25.446360,30.122355,2.066538,32.000000
19.041842,22.532991,2.581030,23.000000
18.888937,22.336212,3.591734,17.000000
16.244034,19.201830,-3.088170,19.000000
18.939499,22.380177,4.643601,11.000000
16.277508,19.234589,-2.204517,7.000000
18.948942,22.383389,5.700610,13.000000
16.459549,19.435940,-1.334776,9.000000
18.972792,22.395729,6.776426,8.000000
25.020531,29.524080,-0.675513,23.000000
18.656212,22.006454,7.730408,26.000000
28.358091,33.356018,0.764206,45.000000
25.437412,29.910009,2.057745,31.000000
19.073900,22.411758,2.574755,23.000000
18.910152,22.203648,3.581009,17.000000
16.234261,19.061710,-3.074276,28.000000
18.938034,22.228529,4.625142,11.000000
16.269596,19.089699,-2.194407,7.000000
18.973457,22.254366,5.684582,13.000000
16.527296,19.378363,-1.334776,9.000000
18.979939,22.254099,6.752581,8.000000
25.118294,29.440952,-0.675513,23.000000
18.666386,21.870991,7.704525,26.000000
28.541357,33.346874,0.766161,45.000000
25.455931,29.731422,2.051256,31.000000
19.091070,22.281815,2.567085,23.000000
18.921652,22.068487,3.569310,16.000000
16.219851,18.917353,-3.059652,28.000000
18.937048,22.078642,4.606996,15.000000
16.270542,18.963057,-2.186040,7.000000
18.967869,22.098963,5.660922,13.000000
16.607077,19.341637,-1.336033,9.000000
18.969843,22.093460,6.722888,8.000000
25.215794,29.357489,-0.675513,23.000000
18.665785,21.723989,7.674503,26.000000
25.489126,29.560713,2.045604,31.000000
19.084179,22.124842,2.556278,23.000000
18.931177,21.931980,3.557366,12.000000
16.228706,18.794506,-3.048928,27.000000
18.950733,21.939150,4.591665,11.000000
16.251282,18.814011,-2.175059,7.000000
18.976871,21.961662,5.641840,13.000000
16.694639,19.313652,-1.337916,9.000000
18.988220,21.959295,6.702192,8.000000
25.331192,29.284418,-0.675862,23.000000
18.677038,21.584192,7.648103,38.000000
25.497860,29.362980,2.038067,31.000000
19.281496,22.196476,2.572315,23.000000
18.968544,21.820824,3.550054,4.000000
16.209539,18.640379,-3.033084,18.000000
18.963667,21.799841,4.576334,7.000000
16.239700,18.668482,-2.164774,7.000000
18.983818,21.815317,5.621233,13.000000
16.790802,19.288404,-1.340219,9.000000
19.000763,21.819405,6.679697,7.000000
22.443745,25.764025,-0.596418,16.000000
18.692621,21.450409,7.623774,25.000000
25.518679,29.180590,2.031577,31.000000
19.421831,22.201008,2.580681,23.000000
19.111280,21.830658,3.562485,12.000000
16.214355,18.514984,-3.021873,18.000000
19.112547,21.816715,4.593855,7.000000
16.252254,18.551731,-2.157802,7.000000
19.111607,21.807981,5.636498,13.000000
16.852766,19.223663,-1.339801,9.000000
19.022852,21.691404,6.660801,7.000000
22.441210,25.580315,-0.593975,16.000000
18.708761,21.318239,7.599963,25.000000
25.527987,28.986410,2.024250,30.000000
19.491302,22.124111,2.579636,23.000000
19.253010,21.838259,3.574672,8.000000
16.192230,18.360008,-3.005786,18.000000
19.250004,21.819492,4.608560,7.000000
16.240461,18.408237,-2.147692,7.000000
19.257769,21.820620,5.657105,13.000000
16.911839,19.155731,-1.339173,9.000000
19.010727,21.525551,6.630208,7.000000
22.480061,25.444870,-0.592649,16.000000
18.721661,21.183315,7.575116,25.000000
25.549509,28.807461,2.017970,30.000000
19.532705,22.015705,2.574929,23.000000
23.849712,26.862572,4.410696,6.000000
16.192932,18.232143,-2.994086,18.000000
23.554697,26.511644,5.616937,6.000000
16.230516,18.268019,-2.137930,21.000000
19.388605,21.814892,5.673133,13.000000
16.952047,19.066740,-1.337079,9.000000
19.026182,21.392073,6.609512,15.000000
22.470388,25.255686,-0.590066,16.000000
18.731256,21.045696,7.549234,25.000000
25.567415,28.625751,2.011480,30.000000
19.590857,21.926584,2.572489,23.000000
18.994831,21.244566,3.499113,4.000000
16.192959,18.104483,-2.982387,18.000000
23.633934,26.414536,5.613808,6.000000
16.215809,18.123646,-2.127646,21.000000
19.367739,21.638830,5.644894,13.000000
17.018505,19.007446,-1.337079,9.000000
19.033134,21.250040,6.586117,7.000000
22.510366,25.123486,-0.588809,16.000000
18.724669,20.890987,7.517140,25.000000
25.600407,28.462076,2.006247,30.000000
19.644428,21.825020,2.569003,23.000000
19.056620,21.157110,3.496188,4.000000
16.178997,17.962305,-2.968250,26.000000
19.054298,21.147108,4.508442,7.000000
16.223429,17.998976,-2.119976,21.000000
19.068283,21.147779,5.534987,13.000000
17.085377,18.941980,-1.336870,9.000000
19.087603,21.161779,6.579369,7.000000
22.555065,24.997240,-0.587692,16.000000
18.745707,20.768131,7.496435,25.000000
25.592764,28.264515,1.998292,30.000000
19.718037,21.761227,2.569177,23.000000
20.188080,22.264374,3.690204,17.000000
16.202469,17.868853,-2.961669,53.000000
23.781321,26.217947,5.606299,6.000000
16.226791,17.883112,-2.112655,21.000000
19.386372,21.357731,5.606732,13.000000
17.131990,18.867470,-1.335614,9.000000
19.155058,21.095476,6.578469,7.000000
18.749502,20.634380,7.470553,37.000000
25.610518,28.086460,1.992011,29.000000
24.223162,26.537062,4.411671,12.000000
16.295534,17.845898,-2.967275,44.000000
23.848717,26.108517,5.600667,6.000000
16.322710,17.863132,-2.117013,49.000000
19.499475,21.339699,5.618944,13.000000
17.207935,18.825300,-1.336660,9.000000
19.231215,21.031355,6.579369,7.000000
18.678320,20.419569,-0.483048,28.000000
18.767950,20.510366,7.449330,37.000000
18.787434,20.474190,0.485037,13.000000
18.850313,20.513947,2.437397,22.000000
20.700546,22.519564,3.755770,13.000000
16.399385,17.834198,-2.974831,26.000000
23.926317,26.010586,5.597538,6.000000
16.409254,17.832432,-2.120151,49.000000
19.568256,21.257969,5.616272,13.000000
17.290352,18.776791,-1.337707,9.000000
19.310804,20.963598,6.580268,7.000000
18.752199,20.357182,-0.483118,9.000000
18.779217,20.379374,7.425519,37.000000
31.993792,34.610699,0.822706,55.000000
25.652746,27.741278,1.980183,29.000000
20.791035,22.452284,3.757232,18.000000
16.231260,17.522039,-2.932664,17.000000
23.990122,25.897917,5.591281,6.000000
16.448385,17.750198,-2.117187,21.000000
19.639668,21.186659,5.615509,13.000000
19.391821,20.904631,6.582968,7.000000
18.804110,20.271070,-0.482629,9.000000
18.780590,20.238649,7.398084,37.000000
31.955824,34.340443,0.818797,54.000000
25.681362,27.578485,1.974950,29.000000
19.471197,20.887608,3.506181,4.000000
16.153896,17.322931,-2.908290,17.000000
24.072289,25.805361,5.589405,6.000000
16.212551,17.373669,-2.079013,20.000000
19.705805,21.117104,5.614364,13.000000
19.466341,20.845919,6.584768,7.000000
26.530035,28.400249,-0.678375,23.000000
18.794411,20.112268,7.375825,37.000000
31.968838,34.114880,0.816075,54.000000
25.696873,27.402708,1.968774,29.000000
19.997025,21.317030,2.557149,23.000000
19.957012,21.259499,3.580278,12.000000
16.140882,17.188299,-2.895128,17.000000
24.167635,25.726927,5.590656,6.000000
16.197771,17.242847,-2.069775,13.000000
19.752502,21.019577,5.606732,13.000000
19.536325,20.775000,6.583868,7.000000
26.645441,28.324953,-0.678794,23.000000
18.807566,19.986050,7.353567,24.000000
31.994410,33.904179,0.813701,53.000000
25.715572,27.231531,1.962913,29.000000
20.043955,21.218126,2.553663,23.000000
19.949274,21.103157,3.565654,12.000000
16.140776,17.068388,-2.884404,17.000000
24.238295,25.622314,5.586276,6.000000
16.183929,17.108040,-2.060362,13.000000
19.820353,20.944801,5.605206,13.000000
19.598011,20.695353,6.580268,7.000000
26.744148,28.231775,-0.678794,23.000000
18.813438,19.852966,7.328721,36.000000
32.076725,33.754623,0.812793,53.000000
25.720427,27.056349,1.956423,28.000000
20.106909,21.136486,2.552269,23.000000
20.441645,21.473351,3.640238,12.000000
16.142757,16.951569,-2.874167,16.000000
24.295877,25.513189,5.580018,6.000000
16.178955,16.983644,-2.052169,6.000000
19.856779,20.837109,5.594902,13.000000
17.576363,18.437664,-1.334986,9.000000
19.675508,20.632463,6.582068,7.000000
26.862471,28.168974,-0.679422,23.000000
18.828495,19.737356,7.309050,36.000000
32.194019,33.653835,0.812933,53.000000
25.735998,26.884161,1.950457,28.000000
20.157129,21.041716,2.549305,23.000000
19.749100,20.608559,3.504719,4.000000
16.121950,16.817699,-2.860518,16.000000
24.354704,25.396866,5.573135,6.000000
16.170563,16.856611,-2.043628,12.000000
19.909466,20.754141,5.590322,13.000000
17.618052,18.359097,-1.333520,9.000000
19.760010,20.583975,6.587467,7.000000
26.974491,28.089453,-0.679771,23.000000
18.826351,19.597670,7.281615,36.000000
32.441719,33.676620,0.816214,54.000000
25.765903,26.728035,1.945642,28.000000
20.215736,20.963278,2.547911,23.000000
19.804359,20.522366,3.501794,8.000000
16.126791,16.705616,-2.851012,24.000000
19.824347,20.528713,4.520018,3.000000
16.162846,16.731291,-2.035261,12.000000
19.944946,20.646406,5.580019,13.000000
17.648716,18.263020,-1.331008,9.000000
19.827682,20.510666,6.586117,7.000000
27.089041,28.012394,-0.680190,23.000000
18.842257,19.477686,7.261427,36.000000
25.764448,26.540476,1.938524,28.000000
20.303535,20.900478,2.549305,23.000000
19.862047,20.438871,3.499357,4.000000
16.119978,16.582319,-2.839556,16.000000
19.895880,20.459393,4.520018,3.000000
16.164194,16.616213,-2.028114,18.000000
19.949303,20.499987,5.560174,13.000000
17.690453,18.172457,-1.329124,9.000000
19.919035,20.454615,6.591516,7.000000
27.228518,27.960634,-0.681237,23.000000
18.852171,19.352287,7.239169,36.000000
25.784342,26.376106,1.933081,28.000000
20.315073,20.766808,2.541636,23.000000
20.474228,20.914913,3.593683,4.000000
16.122311,16.463560,-2.829319,16.000000
24.602739,25.123487,5.569380,6.000000
16.162149,16.498484,-2.020619,18.000000
20.083935,20.494741,5.577729,13.000000
17.742598,18.099180,-1.328287,9.000000
19.968487,20.362692,6.584318,7.000000
27.362364,27.902534,-0.682145,23.000000
18.866835,19.232594,7.218981,36.000000
25.803391,26.211935,1.927638,27.000000
20.542086,20.845486,3.593440,4.000000
16.104345,16.336498,-2.816644,8.000000
24.676424,25.023386,5.566252,6.000000
16.163671,16.385235,-2.013646,24.000000
20.165581,20.441999,5.581545,13.000000
17.788488,18.026030,-1.327240,9.000000
20.057814,20.318546,6.591516,7.000000
27.470829,27.818239,-0.682424,23.000000
18.874121,19.106142,7.196205,24.000000
25.830057,26.056450,1.922823,27.000000
20.315655,20.486584,2.524204,23.000000
16.099733,16.218199,-2.805920,8.000000
24.744116,24.917488,5.561872,6.000000
16.147718,16.260860,-2.004931,24.000000
20.242353,20.377048,5.583072,13.000000
17.876648,17.989323,-1.329124,9.000000
20.142342,20.262241,6.596015,7.000000
27.610077,27.764711,-0.683471,23.000000
18.928442,19.027811,7.191546,35.000000
25.836187,25.881323,1.916543,27.000000
20.316656,20.345049,2.515489,23.000000
16.119764,16.125397,-2.799583,8.000000
24.830950,24.830957,5.561872,6.000000
16.146622,16.146627,-1.997784,24.000000
20.330017,20.322926,5.587651,13.000000
17.930853,17.918344,-1.328496,9.000000
20.223982,20.202822,6.599615,7.000000
27.735117,27.696430,-0.684169,24.000000
19.060369,19.027138,7.216393,36.000000
25.854151,25.719147,1.911205,27.000000
20.373426,20.259949,2.513746,23.000000
24.953897,24.797615,4.319537,12.000000
16.130892,16.024256,-2.791783,8.000000
24.917469,24.744137,5.561872,6.000000
16.211367,16.098595,-1.998830,6.000000
20.400827,20.251842,5.587651,13.000000
17.970613,17.833132,-1.326821,9.000000
20.280539,20.118382,6.595115,7.000000
27.854340,27.621981,-0.684728,24.000000
19.210365,19.043447,7.247969,24.000000
25.869892,25.555748,1.905762,27.000000
20.492220,20.236315,2.519672,23.000000
20.670057,20.397684,3.565654,4.000000
16.107588,15.889786,-2.778134,7.000000
24.967131,24.620937,5.553737,6.000000
16.144045,15.920192,-1.983665,23.000000
20.482584,20.191526,5.590704,13.000000
18.041283,17.778708,-1.327449,9.000000
20.364532,20.061138,6.599615,7.000000
27.990488,27.563860,-0.685705,24.000000
19.346930,19.045397,7.274368,36.000000
26.508270,26.022346,0.648392,28.000000
25.894773,25.402355,1.901051,27.000000
20.545660,20.147924,2.517581,23.000000
20.789333,20.372652,3.573941,12.000000
16.086376,15.758452,-2.764972,7.000000
24.978125,24.460379,5.537155,12.000000
16.141159,15.806585,-1.976518,35.000000
20.572578,20.139137,5.596046,13.000000
18.077534,17.690483,-1.325565,9.000000
20.440010,19.995375,6.601414,7.000000
26.227915,25.648445,-0.640329,20.000000
19.494802,19.057419,7.304909,24.000000
26.253849,25.593258,0.639980,27.000000
25.917486,25.247696,1.896237,26.000000
20.598730,20.059408,2.515489,23.000000
16.119114,15.691583,-3.562952,5.000000
20.969870,20.406553,3.592709,8.000000
16.084368,15.646842,-2.755222,7.000000
25.006704,24.317959,5.524640,12.000000
16.133385,15.689032,-1.968848,34.000000
20.648388,20.072672,5.597573,13.000000
18.164963,17.652323,-1.327449,9.000000
20.526453,19.940205,6.606813,7.000000
26.228348,25.470356,-0.638165,20.000000
19.633282,19.059229,7.331826,24.000000
26.284126,25.444424,0.638549,27.000000
25.946522,25.108835,1.892259,26.000000
16.057327,15.522643,-3.537297,5.000000
25.006495,24.165375,4.269815,11.000000
16.076214,15.535475,-2.744985,7.000000
25.019007,24.169027,5.509623,12.000000
16.123562,15.570335,-1.961004,11.000000
20.735275,20.016840,5.602152,13.000000
18.235090,17.597134,-1.328077,9.000000
20.592461,19.872030,6.606813,7.000000
20.557360,19.831213,-0.498580,10.000000
19.785370,19.079845,7.364955,24.000000
20.565424,19.776722,0.498022,13.000000
20.576929,19.780878,1.495866,15.000000
20.579626,19.769651,2.496663,23.000000
16.026079,15.389947,-3.519150,5.000000
20.612793,19.787701,3.508375,12.000000
16.070360,15.427094,-2.735236,23.000000
20.645052,19.811729,4.531907,3.000000
16.117592,15.461615,-1.954032,11.000000
20.801535,19.947973,5.602152,13.000000
18.278931,17.522741,-1.327031,9.000000
20.655436,19.800932,6.605913,7.000000
20.553707,19.696527,-0.496905,10.000000
19.929441,19.091644,7.394978,24.000000
20.571604,19.651785,0.496591,13.000000
20.581741,19.654602,1.491470,31.000000
20.606150,19.664164,2.491957,23.000000
16.024143,15.286263,-3.507574,11.000000
20.628021,19.671284,3.499844,24.000000
16.058222,15.313435,-2.724511,15.000000
20.650581,19.685917,4.518766,18.000000
16.119740,15.361343,-1.948105,11.000000
20.678516,19.698776,5.551397,26.000000
18.331150,17.456524,-1.326612,9.000000
20.678646,19.692015,6.592416,23.000000
18.885221,17.977859,-0.455124,17.000000
20.085011,19.113340,7.429142,24.000000
20.585896,19.535278,0.495369,13.000000
20.585943,19.528517,1.487074,31.000000
20.601845,19.529924,2.483590,22.000000
16.017384,15.178702,-3.495059,11.000000
20.647020,19.559088,3.492044,33.000000
16.042622,15.197305,-2.713299,15.000000
20.662685,19.567068,4.507191,18.000000
16.104029,15.244801,-1.940087,11.000000
20.683832,19.573425,5.535369,13.000000
18.393293,17.399752,-1.326926,9.000000
20.691458,19.573778,6.575770,23.000000
18.866272,17.840944,-0.453239,25.000000
20.232512,19.126263,7.460200,25.000000
20.666573,19.461578,0.495509,13.000000
20.665136,19.453440,1.487388,31.000000
20.659264,19.434298,2.481498,22.000000
16.023739,15.068375,-3.483796,11.000000
20.693047,19.452469,3.487170,28.000000
16.060362,15.097519,-2.706475,15.000000
20.695913,19.448359,4.498117,26.000000
16.098541,15.122842,-1.932417,5.000000
20.710182,19.448160,5.522394,26.000000
18.494913,17.361811,-1.329438,9.000000
20.715309,19.446173,6.559573,31.000000
18.879230,17.716370,-0.451913,25.000000
20.381889,19.119801,7.488153,25.000000
20.723700,19.386103,0.495334,13.000000
20.745584,19.399805,1.488539,31.000000
20.720690,19.362955,2.481150,22.000000
16.021656,14.966607,-3.472533,11.000000
20.764690,19.390518,3.488388,32.000000
16.059555,14.996761,-2.697944,7.000000
20.773294,19.391748,4.500933,26.000000
16.112190,15.035388,-1.928059,5.000000
20.783169,19.387415,5.524684,26.000000
18.545088,17.293568,-1.328915,9.000000
20.789663,19.386669,6.562723,31.000000
18.876431,17.596409,-0.450447,34.000000
20.529978,19.131134,7.519211,25.000000
20.827419,19.354033,0.496277,13.000000
20.830742,19.343575,1.489795,31.000000
20.819828,19.326674,2.485333,22.000000
16.013279,14.859652,-3.460018,11.000000
20.831795,19.324249,3.488876,28.000000
16.069599,14.901464,-2.690876,7.000000
20.852434,19.329878,4.503436,30.000000
16.100277,14.919465,-1.920390,5.000000
20.853605,19.317415,5.525447,26.000000
18.571621,17.197529,-1.326507,9.000000
20.864346,19.320616,6.564972,23.000000
18.934809,17.527691,-0.450377,34.000000
20.702982,19.157755,7.558034,12.000000
20.989342,19.361633,0.498441,13.000000
20.983734,19.342907,1.495657,15.000000
20.984289,19.336647,2.496489,23.000000
16.024057,14.760696,-3.450632,5.000000
20.991554,19.329796,3.503744,28.000000
16.065683,14.788693,-2.681126,7.000000
20.978392,19.304132,4.515325,22.000000
16.110855,14.819891,-1.915160,5.000000
20.976288,19.288694,5.539186,26.000000
18.603662,17.100946,-1.324309,9.000000
20.978073,19.283566,6.578469,23.000000
18.579275,17.072563,-0.440429,8.000000
20.865530,19.166697,7.591681,25.000000
21.157495,19.373709,0.500744,13.000000
21.151731,19.354860,1.502565,15.000000
21.149105,19.345676,2.507645,23.000000
16.028482,14.656548,-3.439994,10.000000
21.157503,19.339779,3.519587,28.000000
16.055304,14.670787,-2.670401,7.000000
21.140886,19.311049,4.535036,26.000000
16.093355,14.700404,-1.906968,10.000000
21.144979,19.308020,5.565899,40.000000
18.571781,16.952425,-1.317819,9.000000
21.134975,19.285362,6.605464,23.000000
21.249323,19.382906,-0.502036,10.000000
21.018440,19.165585,7.621704,25.000000
21.322649,19.388521,0.503048,13.000000
21.319685,19.372238,1.509683,31.000000
21.304998,19.352106,2.518104,23.000000
16.022505,14.548722,-3.427792,21.000000
21.324827,19.356537,3.536161,28.000000
16.059370,14.571972,-2.662602,14.000000
21.306190,19.326059,4.555998,26.000000
16.078159,14.583905,-1.899124,5.000000
21.300961,19.314541,5.589178,40.000000
18.570168,16.832502,-1.313528,9.000000
21.298925,19.299135,6.635607,23.000000
21.390953,19.375744,-0.503781,10.000000
21.188313,19.185463,7.658973,25.000000
21.476273,19.391705,0.505073,13.000000
21.482086,19.383326,1.516382,15.000000
21.461184,19.357691,2.528562,23.000000
16.023317,14.447725,-3.417155,21.000000
21.482216,19.363050,3.551029,28.000000
16.062943,14.473306,-2.654802,21.000000
21.477737,19.345428,4.578211,26.000000
16.096403,14.498352,-1.895289,5.000000
21.457254,19.320196,5.612456,27.000000
18.569427,16.714136,-1.309341,9.000000
21.486395,19.332861,6.672948,15.000000
24.586615,22.114586,-0.577221,15.000000
21.338470,19.186308,7.688997,26.000000
24.456053,21.927761,0.573346,20.000000
24.488939,21.941833,1.723214,21.000000
21.862556,19.581743,2.567782,23.000000
16.038328,14.360085,-3.409646,21.000000
21.784855,19.498449,3.589784,8.000000
16.067509,14.376110,-2.647246,21.000000
21.689423,19.399401,4.608873,7.000000
16.097904,14.398249,-1.889536,15.000000
21.632864,19.342018,5.640696,13.000000
18.547249,16.577337,-1.303689,9.000000
21.645296,19.339544,6.701292,8.000000
24.490648,21.874113,-0.573172,15.000000
21.506191,19.201763,7.725231,26.000000
24.504078,21.816990,0.572683,20.000000
24.508684,21.805761,1.719236,21.000000
22.100498,19.656252,2.587654,23.000000
16.038160,14.259390,-3.399009,21.000000
22.004133,19.556793,3.614645,12.000000
16.089401,14.294884,-2.642615,14.000000
21.996271,19.536083,4.659557,7.000000
16.118271,14.315513,-1.886050,15.000000
22.004152,19.536196,5.719691,13.000000
18.542269,16.456808,-1.299293,9.000000
22.001297,19.519953,6.790373,8.000000
24.545914,21.769907,-0.572683,15.000000
21.677170,19.218843,7.762501,26.000000
24.586071,21.736626,0.572823,20.000000
24.595114,21.729349,1.719969,21.000000
22.222734,19.626471,2.593929,23.000000
16.031569,14.153635,-3.387119,21.000000
22.176445,19.571817,3.631707,8.000000
16.204697,14.296421,-2.653340,7.000000
22.157671,19.541492,4.679268,7.000000
16.195044,14.282878,-1.889188,5.000000
22.181185,19.555351,5.747931,14.000000
18.524677,16.325958,-1.294059,8.000000
22.177509,19.538355,6.823666,8.000000
24.636759,21.697315,-0.573032,15.000000
21.839819,19.227316,7.796665,26.000000
24.675325,21.662537,0.573137,20.000000
24.689558,21.667423,1.721539,21.000000
22.440910,19.680141,2.611360,24.000000
16.030371,14.053317,-3.376482,21.000000
22.367044,19.601576,3.651693,8.000000
16.105188,14.108955,-2.628966,7.000000
22.332308,19.564226,4.702421,8.000000
16.142874,14.137004,-1.877335,5.000000
22.340893,19.557985,5.771591,14.000000
19.164719,16.771530,-1.334672,9.000000
22.362919,19.563465,6.859658,8.000000
24.690519,21.599691,-0.572613,15.000000
21.993618,19.233639,7.828759,26.000000
24.756063,21.588480,0.573346,20.000000
24.780106,21.594225,1.722586,21.000000
22.527487,19.617405,2.613452,24.000000
16.008354,13.940410,-3.362090,21.000000
22.515776,19.600279,3.665343,8.000000
16.045563,13.962953,-2.611660,21.000000
22.504778,19.576921,4.724321,8.000000
16.073357,13.977283,-1.863564,14.000000
22.518223,19.581696,5.800594,14.000000
19.193094,16.684305,-1.332788,9.000000
22.510029,19.560795,6.884852,8.000000
24.788404,21.533049,-0.573137,15.000000
22.175859,19.256809,7.869652,13.000000
24.720911,21.406382,0.570798,39.000000
24.867418,21.518042,1.723423,21.000000
22.715984,19.649469,2.627746,24.000000
16.012096,13.845679,-3.352704,20.000000
22.680178,19.604641,3.680942,8.000000
16.044634,13.864031,-2.603617,14.000000
22.680614,19.591211,4.746848,8.000000
16.069857,13.880927,-1.857812,4.000000
22.669655,19.574820,5.821964,14.000000
19.220976,16.591108,-1.330694,9.000000
24.805882,21.396749,-0.571811,14.000000
22.352669,19.273905,7.908475,27.000000
24.742420,21.274324,0.569577,59.000000
24.946911,21.435030,1.723737,21.000000
22.878147,19.650537,2.638553,24.000000
16.016869,13.752379,-3.343631,20.000000
22.878000,19.636559,3.701904,8.000000
16.029659,13.753646,-2.593380,14.000000
22.853827,19.601940,4.768749,8.000000
16.084946,13.796207,-1.853977,4.000000
22.848125,19.590151,5.850204,14.000000
19.300007,16.542107,-1.332160,9.000000
22.687485,19.438658,6.897449,8.000000
24.888002,21.316555,-0.571985,15.000000
22.528410,19.288733,7.946781,27.000000
24.795225,21.169664,0.569088,58.000000
25.025457,21.358664,1.724261,21.000000
23.034521,19.645550,2.648663,25.000000
16.042227,13.677167,-3.338938,25.000000
23.043104,19.638981,3.717503,9.000000
16.047983,13.677240,-2.588993,7.000000
23.017950,19.610590,4.789398,8.000000
16.072330,13.688307,-1.847005,4.000000
23.018024,19.596811,5.876154,14.000000
19.391096,16.503109,-1.334462,9.000000
22.768152,19.377207,6.902399,8.000000
22.695259,19.301533,7.983015,28.000000
20.974287,17.768631,2.404976,22.000000
16.040760,13.584322,-3.329239,20.000000
23.217194,19.654802,3.735052,9.000000
16.025076,13.566226,-2.578024,6.000000
23.203474,19.636255,4.814427,8.000000
16.084166,13.606627,-1.843170,4.000000
23.226801,19.642069,5.912789,15.000000
19.448755,16.441307,-1.334672,9.000000
22.879894,19.341873,6.916795,16.000000
22.868351,19.318413,8.021320,28.000000
20.891325,17.579672,2.388765,66.000000
16.017696,13.473827,-3.315160,20.000000
23.396191,19.673527,3.753332,9.000000
16.049538,13.491048,-2.574368,6.000000
23.383793,19.649172,4.837580,8.000000
15.998841,13.438907,-1.828004,37.000000
23.366968,19.628078,5.931870,15.000000
19.512352,16.384422,-1.335300,9.000000
21.029280,17.651924,6.338671,44.000000
20.589670,17.276791,-0.469156,9.000000
23.042208,19.327864,8.058590,28.000000
20.967855,17.513195,2.390159,88.000000
15.995704,13.355530,-3.300455,20.000000
23.537857,19.652813,3.765032,4.000000
16.017281,13.368801,-2.561694,6.000000
23.552351,19.650946,4.858229,4.000000
16.016581,13.358735,-1.824693,4.000000
23.556362,19.640371,5.961637,15.000000
18.492172,15.412563,-1.261611,8.000000
21.023466,17.516106,6.317526,29.000000
18.532782,15.440944,-0.421057,7.000000
23.223833,19.342516,8.098448,14.000000
25.355551,21.050583,0.575231,20.000000
25.363674,21.049850,1.727401,21.000000
21.068731,17.472973,2.394691,88.000000
15.990524,13.256742,-3.289817,25.000000
23.774807,19.703205,3.791355,9.000000
16.029488,13.279607,-2.555844,6.000000
23.763788,19.687078,4.887639,4.000000
16.046238,13.288762,-1.822775,4.000000
23.763912,19.673199,5.996746,15.000000
21.084484,17.442606,6.317526,22.000000
23.407333,19.357355,8.138824,29.000000
25.419037,20.961298,0.575092,20.000000
25.432365,20.957380,1.727087,21.000000
21.148048,17.414524,2.396783,66.000000
15.994746,13.170998,-3.281682,20.000000
23.944231,19.710052,3.807930,9.000000
16.073433,13.226382,-2.555844,6.000000
23.929996,19.684326,4.907663,9.000000
16.057137,13.203561,-1.818766,4.000000
23.947308,19.691540,6.026512,15.000000
18.328182,15.065666,-1.243398,8.000000
23.602432,19.394150,7.052666,25.000000
23.597185,19.376062,8.181271,14.000000
18.492418,15.141258,0.417182,10.000000
25.465183,20.835588,1.724365,21.000000
15.987097,13.071326,-3.270732,25.000000
24.138927,19.729357,3.827916,4.000000
16.033422,13.099856,-2.542195,6.000000
24.116362,19.696898,4.931754,4.000000
16.062998,13.114672,-1.814234,4.000000
21.769726,17.773943,5.462862,26.000000
18.346622,14.973808,-1.241095,8.000000
23.790770,19.410213,7.088658,25.000000
18.470314,15.064022,-0.416030,7.000000
23.778477,19.386345,8.220611,29.000000
18.512573,15.050129,0.416449,10.000000
15.972018,12.961595,-3.257905,19.000000
24.334047,19.747540,3.847903,4.000000
16.011219,12.988787,-2.531470,6.000000
24.310787,19.714615,4.957409,4.000000
16.062248,13.020876,-1.809005,4.000000
21.827093,17.687859,5.460954,39.000000
18.482079,14.971842,-1.246538,8.000000
23.995039,19.430790,7.128250,26.000000
23.960114,19.395607,8.259952,15.000000
25.469580,20.551353,0.571252,19.000000
25.484581,20.548777,1.715677,21.000000
15.972551,12.869834,-3.248832,24.000000
24.502108,19.735428,3.863015,4.000000
16.058722,12.930011,-2.531470,6.000000
24.502907,19.721992,4.981812,4.000000
16.044664,12.909466,-1.801683,4.000000
21.844349,17.575867,5.449887,39.000000
24.178127,19.439734,7.162442,26.000000
25.460669,20.463587,-0.570170,14.000000
24.157551,19.409290,8.303432,30.000000
25.481852,20.414818,0.569926,19.000000
25.487555,20.404762,1.711072,21.000000
24.863089,19.890612,2.785672,28.000000
15.977968,12.777882,-3.240384,24.000000
24.710382,19.761356,3.884951,4.000000
16.026228,12.811902,-2.519283,6.000000
24.695057,19.734991,5.006842,4.000000
16.067841,12.835966,-1.799243,4.000000
24.745186,19.760902,6.155499,16.000000
18.050232,14.409316,-1.210426,22.000000
24.374132,19.450640,7.199334,26.000000
18.204506,14.527257,-0.406536,28.000000
24.345966,19.421228,8.344844,15.000000
25.488382,20.281651,0.568565,19.000000
25.489008,20.274864,1.706885,20.000000
24.925449,19.812410,2.785672,28.000000
15.974727,12.693216,-3.231624,29.000000
24.901670,19.779329,3.904694,5.000000
15.997110,12.701909,-2.508071,6.000000
22.498281,17.863922,4.550053,7.000000
16.020693,12.716063,-1.789482,4.000000
22.469465,17.828238,5.575439,13.000000
24.554218,19.468410,7.234426,27.000000
25.457939,20.184946,-0.567099,14.000000
24.549179,19.457438,8.393501,15.000000
25.491180,20.146173,0.567133,19.000000
25.507885,20.144938,1.703431,20.000000
15.968657,12.602240,-3.221925,19.000000
25.091799,19.795008,3.924193,5.000000
15.989267,12.609449,-2.500272,6.000000
22.600842,17.817070,4.558188,26.000000
16.021158,12.625545,-1.784601,4.000000
25.112822,19.790272,6.215031,16.000000
24.751837,19.491776,7.273568,27.000000
25.465376,20.046497,-0.565702,14.000000
24.729290,19.460037,8.431808,15.000000
25.573338,20.052071,1.703117,20.000000
15.958126,12.503784,-3.210974,23.000000
25.302961,19.818684,3.946373,5.000000
16.020687,12.543767,-2.498322,6.000000
22.580450,17.673548,4.541606,26.000000
16.033751,12.544984,-1.781115,4.000000
22.528439,17.626499,5.560174,13.000000
24.954823,19.510889,7.313159,27.000000
24.946260,19.490149,8.482536,16.000000
15.955509,12.407615,-3.201275,23.000000
15.992271,12.431735,-2.487110,6.000000
22.715319,17.651581,4.556311,11.000000
16.017656,12.442490,-1.774491,4.000000
25.514313,19.812338,6.279143,17.000000
25.152416,19.517250,7.350051,27.000000
24.470381,18.988018,-0.540641,12.000000
25.148464,19.507153,8.528088,16.000000
15.951813,12.315631,-3.191889,19.000000
23.311609,17.991287,3.615620,25.000000
16.009447,12.351200,-2.482723,6.000000
16.032589,12.364603,-1.771353,4.000000
25.651724,19.775902,6.295934,17.000000
25.350063,19.529238,7.387843,27.000000
25.319067,19.505358,-0.557884,13.000000
25.338846,19.513550,8.569499,16.000000
25.392494,19.498449,0.558826,18.000000
25.547415,19.603218,1.687625,20.000000
25.583654,19.616844,2.820534,29.000000
15.945542,12.226604,-3.182503,23.000000
23.341215,17.890932,3.610989,42.000000
15.965220,12.232857,-2.469561,6.000000
24.647722,18.878714,4.917362,4.000000
16.037689,12.279490,-1.767170,4.000000
25.668844,19.653725,6.284104,34.000000
25.547792,19.546898,7.426534,27.000000
21.126980,16.158640,-0.464269,9.000000
25.537264,19.524714,8.613499,33.000000
25.536739,19.467878,0.560501,18.000000
25.566429,19.476406,1.684381,20.000000
23.698885,18.047182,2.606131,24.000000
15.942539,12.136171,-3.173430,23.000000
23.343489,17.763672,3.601727,29.000000
15.979387,12.155416,-2.465173,6.000000
24.634850,18.732782,4.901718,4.000000
16.002193,12.168356,-1.758803,4.000000
25.662266,19.506981,6.265786,33.000000
25.674833,19.502396,7.443631,37.000000
25.531065,19.386166,-0.559559,14.000000
25.696047,19.504370,8.644039,16.000000
25.553520,19.339996,0.559385,18.000000
25.596035,19.358124,1.681868,20.000000
23.785580,17.982365,2.608746,24.000000
15.928068,12.037575,-3.162167,18.000000
15.967864,12.058884,-2.456886,6.000000
25.661791,19.372696,5.092568,5.000000
15.965062,12.052405,-1.750087,4.000000
25.670656,19.372337,6.251285,33.000000
25.696072,19.377462,7.430134,27.000000
25.537907,19.251183,-0.558233,13.000000
25.730034,19.388969,8.632650,16.000000
25.569712,19.212246,0.558268,18.000000
25.593168,19.215899,1.677263,20.000000
23.778088,17.846607,2.601076,24.000000
15.924170,11.947517,-3.153093,18.000000
24.071991,18.054064,3.694591,35.000000
15.971739,11.974498,-2.451036,6.000000
23.906700,17.917063,4.731830,16.000000
16.029358,12.013328,-1.752528,4.000000
25.690979,19.247303,6.239836,16.000000
25.702717,19.242092,7.412587,27.000000
25.563320,19.130774,-0.557325,27.000000
25.757332,19.268955,8.619192,16.000000
25.585331,19.084606,0.557151,18.000000
25.604038,19.084673,1.673599,19.000000
23.896162,17.805157,2.607177,24.000000
15.932512,11.867075,-3.146523,18.000000
23.977232,17.852568,3.670461,35.000000
15.968856,11.885482,-2.444212,6.000000
24.011892,17.865334,4.740278,20.000000
15.981683,11.890696,-1.742766,4.000000
25.707598,19.120022,6.227624,16.000000
18.959650,14.096085,-1.238164,8.000000
25.716558,19.112728,7.397291,27.000000
25.768610,19.137457,8.600557,16.000000
24.156778,17.868570,2.628791,24.000000
15.937304,11.784380,-3.139327,18.000000
24.119225,17.827753,3.682648,13.000000
15.971920,11.801366,-2.438362,6.000000
24.075691,17.782585,4.740591,20.000000
15.999051,11.817085,-1.740152,3.000000
25.717329,18.988182,6.213886,33.000000
19.008736,14.029821,-1.238164,8.000000
25.725092,18.980043,7.380644,27.000000
25.768394,18.998085,8.578299,32.000000
15.973569,11.725165,-3.138388,13.000000
16.005016,11.739667,-2.437143,6.000000
16.020924,11.747023,-1.738060,11.000000
25.723280,18.854197,6.199385,49.000000
25.739311,18.852123,7.365798,27.000000
25.764391,18.856699,8.555005,16.000000
24.556131,17.919769,0.530623,15.000000
24.617989,17.951746,1.596770,17.000000
16.059093,11.701919,-3.147149,4.000000
16.073183,11.703588,-2.441287,6.000000
24.673580,17.959343,4.833513,4.000000
16.172974,11.771942,-1.750087,4.000000
25.728615,18.720392,6.184883,49.000000
25.751358,18.723215,7.350502,27.000000
25.783175,18.732576,8.539476,16.000000
24.582901,17.808140,0.529855,15.000000
24.620644,17.822365,1.592897,17.000000
24.631504,17.823692,2.659993,25.000000
16.173473,11.699044,-3.161541,9.000000
24.668142,17.837070,3.737733,18.000000
16.162201,11.682301,-2.448599,6.000000
24.708908,17.853434,4.828194,17.000000
16.213968,11.715411,-1.750087,4.000000
25.746061,18.595976,6.173434,32.000000
25.765999,18.596710,7.336105,27.000000
25.795130,18.604046,8.521876,16.000000
24.745577,17.794600,0.532019,15.000000
24.742708,17.779453,1.596770,17.000000
24.743738,17.773630,2.665397,25.000000
16.275187,11.686295,-3.173430,13.000000
24.743143,17.760132,3.739683,18.000000
16.270624,11.674413,-2.458836,6.000000
24.738977,17.744041,4.821937,17.000000
16.313049,11.700541,-1.756362,8.000000
25.753368,18.464827,6.159696,49.000000
25.761059,18.456711,7.316308,27.000000
19.152964,13.717245,-0.411214,7.000000
25.817507,18.483519,8.507900,32.000000
25.647367,18.307606,0.550030,17.000000
25.671282,18.311152,1.652560,19.000000
24.932161,17.777378,2.678993,26.000000
16.396309,11.686745,-3.189074,19.000000
24.919779,17.755430,3.756988,4.000000
16.377565,11.664766,-2.468829,6.000000
24.905359,17.732056,4.842273,13.000000
16.383007,11.664332,-1.759500,16.000000
25.774483,18.344074,6.149393,48.000000
19.151428,13.625302,-1.231779,7.000000
25.780857,18.335056,7.303711,27.000000
19.142057,13.608588,-0.409957,7.000000
25.840929,18.364183,8.494441,32.000000
24.967093,17.690786,0.534113,15.000000
25.013107,17.716818,1.606400,17.000000
25.664082,18.164473,2.750810,28.000000
16.512796,11.683057,-3.203778,28.000000
25.668779,18.154354,3.860333,39.000000
16.495569,11.666562,-2.480772,12.000000
25.273710,17.868322,4.902344,18.000000
16.485456,11.650765,-1.766124,4.000000
25.785440,18.216616,6.136799,32.000000
20.807470,14.694390,-1.334986,9.000000
25.793758,18.215744,7.290214,36.000000
25.679165,18.128084,-0.548669,13.000000
25.816439,18.218260,8.466489,31.000000
24.920958,17.534245,0.531880,15.000000
24.983501,17.571733,1.600748,17.000000
25.698099,18.060928,2.748020,27.000000
16.620949,11.677069,-3.217232,23.000000
25.735344,18.073690,3.861309,34.000000
16.621893,11.673399,-2.493934,6.000000
25.762884,18.086317,4.985567,28.000000
16.623482,11.665853,-1.776757,4.000000
25.774994,18.081390,6.120008,32.000000
20.846275,14.618423,-1.334358,9.000000
25.801374,18.093180,7.275368,36.000000
25.819763,18.092634,8.447854,31.000000
16.677404,11.634314,-3.220673,24.000000
16.695108,11.638014,-2.498809,13.000000
16.725830,11.655082,-1.783555,4.000000
25.778425,17.956549,6.106651,48.000000
20.861853,14.526392,-1.332264,9.000000
25.802002,17.959581,7.257821,27.000000
25.849461,17.979225,8.436984,15.000000
16.677309,11.547917,-3.212851,23.000000
16.609936,11.492691,-2.480041,12.000000
24.650553,17.049765,4.747161,4.000000
16.861450,11.662366,-1.793665,8.000000
25.794123,17.834068,6.095584,48.000000
20.905867,14.448936,-1.331846,9.000000
25.813225,17.833963,7.243424,27.000000
25.862774,17.854864,8.420938,31.000000
25.694832,17.685999,0.544480,16.000000
25.692726,17.671337,1.634243,18.000000
16.676817,11.461664,-3.205030,19.000000
25.745018,17.687454,3.835228,4.000000
16.685949,11.459368,-2.485404,19.000000
24.788094,17.017275,4.762178,4.000000
16.876150,11.581325,-1.790702,13.000000
25.814125,17.715046,6.085662,47.000000
21.005581,14.409771,-1.334986,9.000000
25.817467,17.704069,7.227228,26.000000
25.679264,17.602709,-0.543433,12.000000
25.867567,17.725170,8.402302,31.000000
25.698624,17.556713,0.543259,16.000000
25.731165,17.565773,1.632777,18.000000
25.684410,17.520733,2.720131,27.000000
16.677917,11.372638,-3.197208,19.000000
16.684845,11.373096,-2.479310,19.000000
25.309311,17.245447,4.850720,17.000000
16.850611,11.477477,-1.783729,12.000000
25.830204,17.587160,6.074214,47.000000
21.064856,14.337184,-1.335404,9.000000
25.840288,17.580828,7.215530,26.000000
25.674414,17.467974,-0.542037,12.000000
25.862194,17.589130,8.380561,31.000000
25.704861,17.423140,0.542037,16.000000
25.755684,17.444471,1.630265,18.000000
25.743769,17.429848,2.719956,27.000000
16.653713,11.271167,-3.185006,23.000000
25.790363,17.448269,3.823285,33.000000
16.685307,11.284070,-2.473217,19.000000
25.804399,17.444622,4.933318,27.000000
16.844688,11.383292,-1.778674,12.000000
25.839380,17.461718,6.062002,31.000000
21.081676,14.241201,-1.333311,9.000000
25.857899,17.461069,7.203383,35.000000
25.693512,17.343554,-0.541094,12.000000
25.888050,17.468296,8.368137,31.000000
25.714092,17.298698,0.540955,16.000000
25.770012,17.323256,1.627334,36.000000
25.757858,17.302052,2.714727,27.000000
16.657192,11.184729,-3.177810,23.000000
25.791788,17.318295,3.814511,38.000000
16.685038,11.199203,-2.467367,19.000000
25.830675,17.331345,4.926748,32.000000
16.842958,11.296675,-1.774317,4.000000
25.849398,17.330809,6.049409,47.000000
21.117138,14.152723,-1.332264,9.000000
25.863434,17.327137,7.187187,35.000000
25.704060,17.220366,-0.540047,12.000000
25.894299,17.341267,8.350537,30.000000
25.732738,17.181080,0.540082,16.000000
25.750895,17.186707,1.622519,36.000000
25.775316,17.190002,2.710544,26.000000
16.659672,11.106421,-3.171240,23.000000
25.814093,17.202831,3.808905,33.000000
16.665924,11.106378,-2.459080,18.000000
25.845268,17.217112,4.918613,32.000000
16.838863,11.213153,-1.769959,4.000000
25.865875,17.217789,6.039868,31.000000
21.173933,14.089251,-1.332892,9.000000
25.867445,17.212339,7.173240,26.000000
25.474640,16.944550,-0.534044,11.000000
25.906622,17.225346,8.336043,30.000000
25.571224,16.950920,0.535510,15.000000
25.754475,17.065907,1.619170,36.000000
25.792305,17.078041,2.706360,26.000000
16.302723,10.790534,-3.096464,9.000000
25.806419,17.074432,3.799399,32.000000
16.662922,11.024775,-2.453230,18.000000
25.837959,17.088818,4.906411,32.000000
16.829422,11.126481,-1.765078,4.000000
25.870403,17.097300,6.027657,31.000000
21.210539,14.012357,-1.332264,9.000000
25.880478,17.097467,7.161092,35.000000
25.727598,16.990004,-0.538162,12.000000
25.908783,17.103163,8.318445,30.000000
25.790998,16.973757,0.538930,32.000000
25.813877,16.975922,1.619170,36.000000
25.795525,16.957386,2.700782,26.000000
16.643822,10.937107,-3.154345,27.000000
25.841328,16.974600,3.796230,32.000000
16.669779,10.945836,-2.448599,6.000000
25.847914,16.965996,4.897025,31.000000
16.818176,11.034890,-1.759849,12.000000
25.887249,16.978889,6.017735,46.000000
21.269344,13.944798,-1.332892,9.000000
25.887854,16.972826,7.146696,35.000000
25.811831,16.916542,-0.538686,12.000000
25.916609,16.978748,8.301880,30.000000
25.868103,16.888958,0.539244,16.000000
25.904375,16.899729,1.620949,18.000000
25.900888,16.891029,2.705314,26.000000
16.639112,10.846907,-3.145897,27.000000
25.926664,16.894926,3.799643,32.000000
16.683170,10.867332,-2.444699,6.000000
25.936407,16.888399,4.902031,27.000000
16.825119,10.951423,-1.756362,8.000000
25.949303,16.883900,6.017735,46.000000
21.333706,13.875463,-1.333730,9.000000
25.971121,16.891644,7.152544,26.000000
25.920605,16.852335,-0.539663,12.000000
25.968948,16.877337,8.298775,30.000000
25.965082,16.816856,0.539977,32.000000
25.971579,16.814646,1.621473,36.000000
25.982702,16.808964,2.707406,26.000000
16.642263,10.762254,-3.139014,23.000000
26.008417,16.812725,3.802567,37.000000
16.674328,10.778852,-2.437875,6.000000
26.021749,16.814907,4.907037,23.000000
16.821404,10.865603,-1.752005,12.000000
26.031176,16.808121,6.023077,15.000000
21.365232,13.790074,-1.332683,9.000000
26.051218,16.814619,7.158393,26.000000
26.056564,16.811628,-0.541269,12.000000
26.073162,16.815893,8.313269,30.000000
26.045931,16.746887,0.540501,16.000000
26.054081,16.745701,1.623147,36.000000
26.071827,16.744249,2.710892,26.000000
16.644615,10.685659,-3.132757,18.000000
26.090752,16.743542,3.806467,38.000000
16.649832,10.684904,-2.429100,12.000000
26.103975,16.745581,4.912043,23.000000
16.815411,10.782878,-1.747647,8.000000
26.109907,16.736544,6.028420,31.000000
21.447844,13.742849,-1.334986,9.000000
26.124884,16.739695,7.163342,26.000000
26.073437,16.700327,-0.540466,12.000000
26.154808,16.746012,8.321550,30.000000
26.138405,16.684099,0.541269,16.000000
26.142691,16.673979,1.625032,18.000000
26.150726,16.672701,2.713333,26.000000
16.634985,10.601735,-3.124309,23.000000
26.182972,16.680391,3.811830,38.000000
16.650188,10.603266,-2.423738,12.000000
26.187260,16.670275,4.916736,32.000000
16.817463,10.705654,-1.744161,8.000000
26.205021,16.675154,6.037579,31.000000
21.493290,13.671665,-1.334986,9.000000
26.211111,16.666180,7.170990,35.000000
26.232677,16.667038,8.327763,30.000000
24.137192,15.288400,0.498720,13.000000
26.335743,16.668077,1.633405,18.000000
26.321577,16.652678,2.725011,27.000000
16.631821,10.518268,-3.116801,27.000000
26.333319,16.647240,3.825235,19.000000
16.646828,10.519626,-2.417888,12.000000
26.308752,16.618860,4.928625,18.000000
16.799141,10.611774,-1.738408,11.000000
26.312866,16.615032,6.049027,15.000000
21.551020,13.602945,-1.335614,9.000000
26.321861,16.607866,7.185387,26.000000
19.692785,12.420424,-0.406397,6.000000
26.328276,16.599068,8.339667,15.000000
26.561794,16.675098,2.743837,27.000000
16.619909,10.429700,-3.107728,22.000000
26.564478,16.663862,3.850340,28.000000
16.643087,10.436140,-2.412038,18.000000
26.532301,16.630793,4.959599,19.000000
16.809067,10.536143,-1.735619,19.000000
26.535408,16.626272,6.086807,15.000000
21.601761,13.529752,-1.335823,9.000000
26.553099,16.624472,7.232626,18.000000
26.523638,16.593124,8.383150,15.000000
26.765270,16.672882,2.758828,28.000000
16.621004,10.349690,-3.101157,18.000000
26.791008,16.675940,3.874714,24.000000
16.645704,10.357011,-2.407163,18.000000
26.778063,16.654915,4.994640,19.000000
16.805141,10.452145,-1.731436,27.000000
26.755007,16.634100,6.123824,16.000000
21.652246,13.456376,-1.336033,9.000000
26.783127,16.638624,7.279417,18.000000
26.761938,16.612516,8.440089,15.000000
27.379200,16.922937,2.816002,29.000000
16.623417,10.270846,-3.094900,18.000000
27.325333,16.876482,3.943449,10.000000
16.627707,10.265469,-2.399364,18.000000
16.789074,10.357011,-1.725858,11.000000
26.981667,16.644718,6.162368,16.000000
21.722889,13.395385,-1.337498,9.000000
27.050074,16.673868,7.336105,9.000000
26.997416,16.628408,8.495994,16.000000
27.563946,16.924330,0.564585,19.000000
27.621386,16.946306,1.698302,20.000000
27.617693,16.930775,2.834130,30.000000
16.625582,10.188170,-3.088330,22.000000
27.597345,16.911676,3.974159,10.000000
16.636345,10.190784,-2.395464,12.000000
27.633242,16.920408,5.131989,10.000000
16.794538,10.279616,-1.722720,19.000000
27.672159,16.930981,6.305856,17.000000
21.799099,13.332355,-1.339173,9.000000
27.643045,16.899891,7.480073,9.000000
27.661669,16.845011,0.565318,19.000000
27.670130,16.843561,1.697674,20.000000
27.676628,16.834263,2.834130,30.000000
16.628973,10.110579,-3.082385,13.000000
27.723600,16.849596,3.983422,25.000000
16.639587,10.113057,-2.390833,18.000000
27.734352,16.849485,5.139812,21.000000
16.779228,10.189907,-1.717491,19.000000
27.761307,16.852617,6.312726,17.000000
21.818190,13.239597,-1.337498,9.000000
27.767248,16.849573,7.498519,18.000000
25.150337,15.255605,-0.513450,63.000000
27.791773,16.851204,8.708744,16.000000
27.778980,16.790432,0.566575,19.000000
27.811306,16.803360,1.702908,20.000000
27.797112,16.781525,2.840754,30.000000
16.604906,10.020683,-3.071748,17.000000
27.803123,16.771915,3.986834,25.000000
16.633942,10.034235,-2.385227,18.000000
27.808678,16.768648,5.143253,26.000000
16.775385,10.111585,-1.713656,15.000000
27.811996,16.757414,6.311581,17.000000
21.879080,13.177482,-1.338545,9.000000
27.836317,16.765448,7.502118,28.000000
25.173372,15.155622,-0.512891,10.000000
27.840885,16.754959,8.706674,16.000000
28.031698,16.816542,0.570589,19.000000
28.029108,16.801670,1.712642,21.000000
16.594788,9.947521,-3.760845,7.000000
28.040613,16.801897,2.859929,31.000000
16.597374,9.941199,-3.064239,17.000000
28.037418,16.786703,4.012426,21.000000
16.627989,9.951640,-2.379377,17.000000
28.014517,16.759710,5.170473,16.000000
16.788353,10.039669,-1.711390,15.000000
28.008945,16.749741,6.343637,17.000000
21.905518,13.094601,-1.337498,9.000000
28.018457,16.742155,7.535411,19.000000
25.275913,15.097388,-0.513904,31.000000
28.002043,16.719065,8.738766,16.000000
28.291281,16.838243,0.574673,20.000000
28.283278,16.820112,1.724574,21.000000
28.310965,16.823187,2.881195,31.000000
16.628601,9.877275,-3.063300,17.000000
28.298941,16.809378,4.041431,21.000000
16.623362,9.870239,-2.373771,17.000000
28.266504,16.776749,5.206140,22.000000
16.797594,9.965752,-1.708775,19.000000
28.259270,16.759138,6.386377,17.000000
21.946489,13.010156,-1.337079,9.000000
28.264053,16.748621,7.584900,19.000000
25.342228,15.017216,-0.514183,31.000000
28.263006,16.741356,8.801919,17.000000
33.237076,19.593771,3.375542,45.000000
16.668087,9.822176,-3.064239,17.000000
33.284641,19.606161,4.743155,28.000000
16.662848,9.811255,-2.374259,17.000000
28.492935,16.770233,5.236488,5.000000
16.777332,9.874721,-1.703198,15.000000
28.522352,16.780846,6.432553,17.000000
21.981438,12.927400,-1.336451,9.000000
28.513855,16.762451,7.636189,9.000000
25.414335,14.934368,-0.514532,32.000000
28.509085,16.746243,8.859377,17.000000
33.449936,19.585756,0.676595,31.000000
33.339657,19.497755,3.379028,45.000000
16.692041,9.757947,-3.062361,17.000000
33.383728,19.507891,4.747542,35.000000
16.705564,9.758040,-2.375477,23.000000
33.382351,19.491440,6.122533,32.000000
16.768684,9.790977,-1.698840,18.000000
32.948570,19.230473,7.415601,23.000000
22.043676,12.860661,-1.337498,9.000000
33.413628,19.486250,8.930107,12.000000
25.504313,14.867725,-0.515300,10.000000
36.402351,21.144171,0.734816,40.000000
33.613609,19.508654,2.036811,31.000000
33.652237,19.523220,3.403780,46.000000
16.719164,9.695661,-3.061110,21.000000
33.626797,19.492777,4.772404,21.000000
16.741245,9.700659,-2.375721,17.000000
33.598896,19.460938,6.149752,24.000000
16.768248,9.708490,-1.695179,15.000000
33.249969,19.251087,7.468265,23.000000
22.050409,12.761621,-1.335195,9.000000
33.538795,19.402681,8.945404,12.000000
26.560091,15.359215,-0.535545,36.000000
36.501923,21.031956,0.735340,40.000000
35.467793,20.419596,2.144832,34.000000
16.727190,9.618558,-3.056104,17.000000
35.665035,20.508297,5.051485,7.000000
16.752628,9.629305,-2.372553,11.000000
34.288372,19.700758,6.263324,8.000000
16.748478,9.619133,-1.689775,7.000000
33.562073,19.267897,7.522455,23.000000
22.079714,12.670768,-1.334148,9.000000
33.807461,19.393064,8.998042,12.000000
26.597935,15.257446,-0.535230,36.000000
36.632584,20.928787,0.736422,40.000000
16.724628,9.539560,-3.049534,21.000000
35.401962,20.184734,5.003712,7.000000
16.749870,9.546211,-2.367190,11.000000
34.610931,19.725719,6.309628,8.000000
16.766371,9.551740,-1.688207,3.000000
33.902096,19.306061,7.583513,24.000000
22.151579,12.609432,-1.335823,9.000000
34.435574,19.593946,9.146960,12.000000
26.513723,15.086389,-0.532473,11.000000
36.745277,20.831839,0.737294,40.000000
16.730383,9.469456,-3.044841,21.000000
35.282108,19.961647,4.977388,7.000000
16.762424,9.479867,-2.364509,5.000000
34.899677,19.729221,6.349676,8.000000
16.763186,9.472567,-1.684546,3.000000
34.212067,19.332605,7.638466,24.000000
22.134142,12.502513,-1.332264,9.000000
26.674198,15.054677,-0.534637,12.000000
36.868324,20.731861,0.738307,41.000000
36.919296,20.752047,2.219568,37.000000
16.718554,9.385851,-3.036706,17.000000
35.289238,19.803419,4.968613,7.000000
16.741743,9.391187,-2.356953,5.000000
35.223347,19.758335,6.396606,8.000000
16.768436,9.402312,-1.681931,3.000000
34.543064,19.360910,7.697235,24.000000
20.247040,11.343530,-1.216288,7.000000
26.699547,14.952465,-0.534148,11.000000
36.874004,20.574419,0.737050,40.000000
36.932194,20.589987,2.216009,37.000000
36.908504,20.559874,3.696275,52.000000
16.715076,9.311129,-3.030449,17.000000
36.955528,20.577641,5.193584,33.000000
16.760651,9.328863,-2.355247,17.000000
36.086151,20.077034,6.540525,9.000000
16.778517,9.331138,-1.679665,15.000000
34.854156,19.383650,7.752188,25.000000
26.954357,14.971818,-0.538197,12.000000
36.896603,20.418476,0.736073,40.000000
36.930435,20.420343,2.211613,37.000000
36.924164,20.408461,3.691046,52.000000
16.716345,9.235541,-3.024817,17.000000
36.957630,20.410120,5.183835,33.000000
16.746193,9.244394,-2.348666,23.000000
36.052231,19.893711,6.521754,9.000000
16.800644,9.270638,-1.678794,18.000000
35.213856,19.423056,7.817063,25.000000
22.321180,12.306708,-1.335823,9.000000
20.392776,11.234208,-0.406397,6.000000
36.890522,20.247215,0.734537,40.000000
36.913914,20.243313,2.206379,36.000000
36.956734,20.258385,3.687211,52.000000
16.717302,9.160045,-3.019186,17.000000
36.981625,20.255268,5.177254,32.000000
16.748756,9.169680,-2.344523,17.000000
36.117992,19.765839,6.521128,9.000000
16.789211,9.188020,-1.674436,15.000000
35.532913,19.437569,7.872779,25.000000
18.894270,10.331460,-1.128573,12.000000
26.991545,14.746830,-0.536871,12.000000
36.911800,20.091541,0.733560,40.000000
36.942249,20.091425,2.203867,36.000000
36.946709,20.085472,3.679192,51.000000
16.723137,9.087489,-3.014493,17.000000
36.994545,20.094776,5.169210,32.000000
16.742285,9.090316,-2.339160,17.000000
36.219753,19.657553,6.527072,18.000000
16.747631,9.089444,-1.667115,15.000000
35.883545,19.466976,7.935365,25.000000
18.907394,10.253060,-1.127212,6.000000
16.428207,8.904952,4.314112,4.000000
27.220427,14.748756,-0.540396,12.000000
16.402731,8.883727,4.998313,14.000000
27.957993,15.091633,0.554568,18.000000
36.984035,19.947172,2.202193,36.000000
36.985012,19.939390,3.676055,51.000000
16.723459,9.012188,-3.008861,12.000000
37.029518,19.946682,5.164336,32.000000
16.747692,9.017715,-2.335504,11.000000
36.472534,19.630230,6.560236,18.000000
16.733644,9.006374,-1.662583,10.000000
16.556192,8.907140,3.654374,7.000000
18.914923,10.171867,-1.125537,12.000000
16.438597,8.836477,4.308713,8.000000
27.201284,14.615782,-0.539000,12.000000
16.392796,8.804483,4.985890,14.000000
27.694929,14.825014,0.548320,17.000000
37.109795,19.848103,2.205542,36.000000
37.110619,19.840216,3.681633,51.000000
16.709518,8.929545,-3.000726,12.000000
37.149693,19.844435,5.171404,32.000000
16.756304,8.947040,-2.332336,11.000000
36.727306,19.602310,6.593713,18.000000
16.736858,8.932894,-1.659794,3.000000
16.562931,8.836360,3.649031,7.000000
18.893917,10.075710,-1.122188,12.000000
16.428070,8.757037,4.297915,8.000000
27.335083,14.564945,-0.540641,12.000000
16.406376,8.738130,4.980714,14.000000
27.592840,14.646688,0.545283,17.000000
37.211342,19.727345,3.684771,51.000000
16.709169,8.854519,-2.995095,16.000000
37.206459,19.708122,5.169698,8.000000
16.738314,8.862482,-2.325511,16.000000
37.022476,19.594122,6.634387,18.000000
16.757374,8.868829,-1.658748,3.000000
16.545088,8.752781,3.638346,7.000000
18.906023,9.997555,-1.120827,6.000000
16.639437,8.795262,4.345155,4.000000
27.590857,14.577796,-0.544690,12.000000
16.652018,8.794477,5.045936,7.000000
27.597795,14.526059,0.544375,16.000000
28.051815,14.752530,1.661039,19.000000
16.774937,8.821988,-3.684140,7.000000
37.255283,19.584360,3.682330,51.000000
16.720737,8.786035,-2.991653,20.000000
37.232845,19.555981,5.163848,8.000000
16.732237,8.784626,-2.320393,11.000000
37.318031,19.584108,6.675059,18.000000
16.728243,8.778806,-1.652821,3.000000
16.714626,8.767929,3.668875,7.000000
17.826429,9.347188,-1.054884,5.000000
16.637241,8.719941,4.336607,4.000000
27.677006,14.499949,-0.545388,12.000000
16.805834,8.800829,5.083206,7.000000
27.150181,14.169643,0.534567,15.000000
27.941990,14.570479,1.651514,19.000000
16.770817,8.745219,-3.676508,7.000000
16.753056,8.728531,-2.991966,12.000000
37.258633,19.403881,5.157999,8.000000
16.769844,8.729827,-2.321367,11.000000
37.484291,19.504793,6.692580,9.000000
16.734037,8.707486,-1.650381,7.000000
16.928013,8.804657,3.708946,7.000000
17.869587,9.290429,-1.055512,5.000000
16.876806,8.770551,4.391045,18.000000
27.283810,14.172805,-0.536662,12.000000
16.409540,8.520438,4.954314,6.000000
27.250980,14.101443,0.535579,31.000000
27.985582,14.469193,1.651095,19.000000
16.731482,8.650562,-3.661243,7.000000
37.302597,19.278055,3.673615,51.000000
16.741301,8.648235,-2.984457,8.000000
37.273220,19.246389,5.150687,8.000000
16.793158,8.667599,-2.320393,5.000000
17.195238,8.871328,3.064551,10.000000
16.720068,8.626180,-1.646023,21.000000
17.051121,8.793207,3.729171,7.000000
16.739098,8.628600,-0.986952,26.000000
16.884802,8.699978,4.385196,13.000000
27.144670,13.980432,-0.532962,11.000000
16.409985,8.448079,4.945515,6.000000
27.332067,14.022656,0.536208,16.000000
27.685778,14.191938,1.630475,18.000000
16.724886,8.573302,-3.653229,6.000000
16.739744,8.573532,-2.978826,8.000000
37.280090,19.085417,5.142399,8.000000
16.787970,8.590837,-2.315518,5.000000
17.196205,8.795955,3.059233,10.000000
16.721699,8.553241,-1.643234,25.000000
17.181347,8.784581,3.750923,23.000000
16.737104,8.553753,-0.985067,26.000000
16.953249,8.660485,4.395094,13.000000
27.253853,13.916518,-0.534148,11.000000
16.928047,8.640162,5.092524,14.000000
27.241814,13.856467,0.533485,31.000000
27.609846,14.037584,1.623252,18.000000
16.681200,8.477507,-3.637201,6.000000
16.730816,8.495375,-2.971942,12.000000
37.291618,18.927305,5.134843,8.000000
16.764744,8.505242,-2.308206,5.000000
17.197092,8.724585,3.054227,10.000000
16.721243,8.479505,-1.640271,21.000000
17.204903,8.720999,3.749397,23.000000
16.718761,8.470901,-0.982241,17.000000
16.974682,8.596856,4.392845,9.000000
27.171412,13.761006,-0.531635,11.000000
16.937645,8.574385,5.086830,22.000000
27.310827,13.777757,0.533939,47.000000
27.965445,14.095737,1.641256,18.000000
16.673872,8.400680,-3.629187,13.000000
37.324478,18.796764,3.656183,51.000000
16.714787,8.417637,-2.964120,28.000000
37.311626,18.782108,5.128994,8.000000
16.721924,8.413916,-2.298456,27.000000
17.455091,8.779004,3.094587,6.000000
16.716921,8.404078,-1.636959,25.000000
17.354761,8.724738,3.775728,7.000000
16.716417,8.400169,-0.980462,13.000000
16.952593,8.515155,4.379797,8.000000
20.078043,10.080644,-0.392156,6.000000
16.945028,8.503940,5.080100,14.000000
27.337296,13.671599,0.533520,46.000000
27.762550,13.872177,1.626497,36.000000
16.677050,8.333059,-3.623845,13.000000
16.715792,8.345119,-2.959115,24.000000
37.332542,18.629618,5.122900,8.000000
16.717443,8.338655,-2.293825,27.000000
16.701567,8.323466,-1.632601,21.000000
16.724184,8.331084,-0.979206,12.000000
16.417015,8.174494,4.234029,8.000000
27.238169,13.556736,-0.531077,11.000000
16.926178,8.420649,5.065607,14.000000
27.282734,13.525456,0.531530,31.000000
27.968307,13.853189,1.635708,37.000000
16.672297,8.254445,-3.616212,13.000000
16.712624,8.267158,-2.953170,20.000000
17.885532,8.847356,2.450061,10.000000
16.716200,8.265286,-2.289681,22.000000
17.726690,8.761083,3.131818,4.000000
16.696583,8.248345,-1.629289,21.000000
16.725948,8.255591,-0.977531,8.000000
16.420650,8.101338,4.227281,8.000000
27.328369,13.482801,-0.531914,11.000000
16.912157,8.340149,5.052666,7.000000
27.163403,13.342503,0.528249,30.000000
28.129444,13.810923,1.642302,37.000000
16.674566,8.183234,-3.610488,6.000000
37.340401,18.317122,3.638752,51.000000
16.705910,8.191373,-2.946913,20.000000
17.900015,8.773011,2.447624,13.000000
16.735685,8.198728,-2.288219,27.000000
17.758942,8.700016,3.132131,2.000000
16.694857,8.175114,-1.626326,21.000000
16.826429,8.232262,-0.981718,4.000000
16.947758,8.287955,4.355503,4.000000
22.348955,10.929301,-0.434251,7.000000
16.908182,8.264956,5.042830,14.000000
27.286598,13.290887,0.529785,45.000000
28.107441,13.678571,1.638220,18.000000
16.678316,8.112952,-3.605145,13.000000
37.404114,18.186659,3.638752,51.000000
16.701006,8.120376,-2.941281,24.000000
16.728851,8.126707,-2.283588,27.000000
17.853176,8.669030,3.143395,2.000000
16.691025,8.101132,-1.623188,14.000000
41.156231,19.975529,8.892464,29.000000
17.022549,8.258368,-0.991557,4.000000
16.864683,8.178136,4.327158,8.000000
22.448149,10.880882,-0.435438,8.000000
16.916069,8.195773,5.036619,14.000000
27.307611,13.183392,0.529297,30.000000
28.302534,13.651518,1.646803,19.000000
16.671532,8.041390,-3.597895,13.000000
37.374470,18.019283,3.630037,51.000000
16.698992,8.047462,-2.935962,24.000000
16.728500,8.054489,-2.279688,27.000000
37.573311,18.082832,6.604351,9.000000
16.694069,8.030724,-1.620748,14.000000
18.392523,8.847769,3.967301,8.000000
17.198872,8.269865,-1.000140,4.000000
16.396057,7.880328,4.199836,8.000000
27.094950,13.016630,-0.524689,11.000000
16.840088,8.086495,5.005560,21.000000
27.418407,13.119055,0.530553,46.000000
28.321180,13.538864,1.645129,18.000000
16.669004,7.965000,-3.591026,13.000000
16.714117,7.979391,-2.933460,24.000000
18.023443,8.604469,2.452255,2.000000
16.718893,7.978089,-2.274570,27.000000
18.034498,8.602018,3.164670,2.000000
16.700417,7.962116,-1.618656,21.000000
17.301189,8.241132,-1.004327,4.000000
16.405479,7.810962,4.194888,8.000000
18.905352,9.001199,-0.365488,5.000000
16.826345,8.007743,4.993137,14.000000
27.403057,12.988503,0.529332,30.000000
27.862877,13.200494,1.615820,18.000000
16.682514,7.900039,-3.587973,13.000000
18.564842,8.787463,1.796977,16.000000
16.702583,7.902416,-2.926576,27.000000
18.474781,8.736932,2.509290,5.000000
16.722895,7.904884,-2.271157,26.000000
18.621614,8.802405,3.262285,11.000000
16.681267,7.881645,-1.614124,21.000000
18.382580,8.681554,3.951654,25.000000
17.360554,8.195187,-1.006106,4.000000
16.853861,7.952392,4.302414,13.000000
18.853466,8.895893,-0.363883,5.000000
16.380686,7.725632,4.852857,6.000000
19.117172,8.983636,0.368700,8.000000
37.454582,17.584887,2.168488,35.000000
16.681551,7.828417,-3.581867,13.000000
18.580975,8.715833,1.795583,16.000000
16.698296,7.832719,-2.921258,19.000000
18.582737,8.712703,2.520015,13.000000
16.725651,7.838429,-2.267989,21.000000
18.630766,8.727290,3.258530,16.000000
16.688831,7.814071,-1.612207,28.000000
18.397039,8.613891,3.948601,17.000000
17.497984,8.189210,-1.012491,4.000000
16.850130,7.882424,4.294766,13.000000
18.915197,8.844432,-0.364476,22.000000
16.372551,7.652051,4.842505,6.000000
19.099468,8.894062,0.367757,8.000000
19.236841,8.949863,1.111930,10.000000
16.693176,7.766434,-3.578814,13.000000
18.606161,8.652492,1.795234,16.000000
16.691504,7.758560,-2.915313,31.000000
18.566227,8.626040,2.513677,10.000000
16.725906,7.767452,-2.264333,21.000000
18.623489,8.644732,3.251960,14.000000
16.687088,7.742355,-1.609418,24.000000
18.615770,8.637211,3.989053,25.000000
17.571762,8.149084,-1.015108,4.000000
16.858095,7.814538,4.289817,17.000000
18.918737,8.765745,-0.363952,22.000000
16.819880,7.789692,4.966738,21.000000
19.208471,8.863369,0.369258,8.000000
19.240763,8.870113,1.110360,10.000000
16.675169,7.683839,-3.568892,13.000000
18.923677,8.715927,1.822775,16.000000
16.698294,7.687420,-2.911559,34.000000
18.818018,8.663282,2.543657,13.000000
16.718649,7.693265,-2.259702,32.000000
18.815069,8.653966,3.280118,19.000000
16.686861,7.671572,-1.606803,28.000000
18.649088,8.569738,3.989435,8.000000
17.717667,8.137980,-1.021807,4.000000
16.847660,7.734815,4.279919,17.000000
18.898336,8.676287,-0.362975,5.000000
16.824141,7.720461,4.960009,20.000000
19.171722,8.761308,0.367932,8.000000
19.340363,8.830228,1.114233,10.000000
16.662601,7.607643,-3.560496,13.000000
19.084494,8.709370,1.835326,16.000000
16.703457,7.619251,-2.907804,34.000000
18.882153,8.609079,2.548044,13.000000
16.726868,7.622869,-2.257020,37.000000
18.862837,8.592320,3.282934,9.000000
16.676786,7.593026,-1.603143,24.000000
44.447674,20.237253,9.493130,32.000000
17.820501,8.110001,-1.026099,4.000000
16.846174,7.663052,4.272721,17.000000
18.902704,8.594552,-0.362452,21.000000
16.382740,7.445333,4.821799,6.000000
19.218575,8.701769,0.368246,8.000000
19.338316,8.747842,1.112349,10.000000
16.677849,7.540862,-3.557825,13.000000
19.119915,8.641008,1.835674,16.000000
16.704269,7.545776,-2.903111,34.000000
19.125565,8.639542,2.576806,11.000000
16.717188,7.548109,-2.252146,32.000000
16.665052,7.517558,-1.599482,24.000000
44.614613,20.116180,9.512974,32.000000
17.933867,8.082383,-1.030914,4.000000
16.838612,7.585243,4.263722,17.000000
18.896126,8.512085,-0.361753,21.000000
16.354015,7.363524,4.805752,12.000000
19.090431,8.567572,0.365244,8.000000
19.334415,8.668951,1.110464,10.000000
16.674589,7.476368,-3.552100,13.000000
19.266964,8.634681,1.847179,17.000000
16.695440,7.478729,-2.897480,34.000000
21.824669,9.771783,2.936076,13.000000
16.722197,7.483706,-2.249465,32.000000
37.627193,16.831467,6.528636,9.000000
16.657665,7.451338,-1.596519,24.000000
45.082653,20.156990,9.599219,33.000000
18.046692,8.065122,-1.035938,4.000000
16.839228,7.521977,4.257874,12.000000
18.900515,8.438773,-0.361300,21.000000
16.787630,7.491900,4.925844,13.000000
19.081850,8.483815,0.364511,8.000000
19.225832,8.539804,1.102509,10.000000
16.677256,7.407768,-3.547139,13.000000
19.322483,8.578687,1.849619,17.000000
16.696171,7.409184,-2.893099,34.000000
37.489582,16.628773,5.035642,7.000000
16.708296,7.407586,-2.244102,31.000000
37.620705,16.671200,6.517374,9.000000
16.650789,7.378613,-1.593381,7.000000
45.601490,20.198301,9.694624,35.000000
18.184315,8.050585,-1.042218,4.000000
16.410959,7.262059,4.143149,4.000000
19.001173,8.404306,-0.362661,21.000000
16.796013,7.425440,4.920668,13.000000
19.188208,8.451021,0.365977,8.000000
19.218964,8.456549,1.100416,10.000000
16.679653,7.339225,-3.542178,13.000000
16.694803,7.338937,-2.888406,30.000000
37.527409,16.489012,5.032960,7.000000
16.710417,7.338851,-2.240934,31.000000
21.841002,9.587534,3.777893,2.000000
16.665495,7.315644,-1.592335,3.000000
46.131966,20.240925,9.792318,36.000000
18.333027,8.039998,-1.049127,5.000000
16.370171,7.175786,4.126503,12.000000
19.156776,8.393295,-0.365069,16.000000
16.807674,7.360561,4.916527,13.000000
19.393545,8.460749,0.369328,8.000000
19.515676,8.505922,1.115698,10.000000
16.669174,7.265273,-3.534546,13.000000
37.582001,16.372339,3.586459,50.000000
16.702209,7.272726,-2.885278,30.000000
37.531956,16.334953,5.025892,7.000000
16.714090,7.270969,-2.238009,31.000000
37.634731,16.364042,6.499853,9.000000
16.647081,7.238355,-1.588152,3.000000
46.634468,20.267586,9.883906,38.000000
18.487375,8.030875,-1.056349,5.000000
16.707935,7.254416,4.205235,8.000000
19.308861,8.379717,-0.367408,16.000000
16.804903,7.289557,4.908245,13.000000
19.551458,8.448522,0.371771,8.000000
19.672123,8.496599,1.123025,10.000000
16.674610,7.198479,-3.530348,19.000000
37.547455,16.201576,3.577743,50.000000
16.700285,7.202649,-2.880585,33.000000
37.554111,16.188902,5.021261,7.000000
16.707121,7.202140,-2.233865,31.000000
37.623474,16.211018,6.488589,9.000000
16.644798,7.168385,-1.585537,3.000000
47.191822,20.314251,9.986943,39.000000
18.654730,8.026280,-1.064304,5.000000
16.370302,7.043396,4.114355,8.000000
19.481670,8.378047,-0.370166,16.000000
16.786392,7.215477,4.895821,13.000000
19.689667,8.430861,0.373865,8.000000
19.837906,8.490250,1.130875,11.000000
16.669506,7.130793,-3.524242,13.000000
23.472904,10.036256,2.233453,20.000000
16.691380,7.133259,-2.874953,33.000000
23.485346,10.031894,3.135699,14.000000
16.712658,7.138903,-2.231428,21.000000
37.629799,16.065987,6.480455,9.000000
16.642820,7.102204,-1.583097,6.000000
18.806179,8.017632,-1.071422,10.000000
16.363098,6.976074,4.106707,8.000000
19.656515,8.376114,-0.372958,17.000000
16.783564,7.148419,4.888057,19.000000
19.864779,8.428017,0.376658,8.000000
19.953850,8.457579,1.135795,11.000000
16.667757,7.064745,-3.518900,13.000000
16.693117,7.068622,-2.871198,33.000000
37.561939,15.897696,5.008099,7.000000
16.706396,7.067369,-2.227284,31.000000
37.623783,15.908388,6.469817,9.000000
16.645491,7.034755,-1.581005,6.000000
18.957773,8.008078,-1.078539,5.000000
16.805647,7.095528,4.211534,12.000000
19.833025,8.369642,-0.375750,17.000000
16.781715,7.078523,4.880292,19.000000
20.565144,8.640571,0.389363,9.000000
16.673620,6.995255,-3.514702,13.000000
16.693407,6.996705,-2.866818,33.000000
16.699837,6.995974,-2.223141,31.000000
37.631706,15.757132,6.461683,8.000000
16.653400,6.969688,-1.579436,3.000000
19.132566,7.999408,-1.086809,5.000000
16.811764,7.025615,4.206585,12.000000
19.967291,8.344306,-0.377740,5.000000
16.783150,7.010226,4.873563,19.000000
20.755463,8.631175,0.392365,9.000000
16.668932,6.924956,-3.508596,19.000000
16.701309,6.931572,-2.864002,33.000000
16.697861,6.923318,-2.219485,31.000000
37.641766,15.599425,6.453548,8.000000
16.627934,6.890915,-1.574730,6.000000
19.306154,7.992934,-1.095078,5.000000
16.801971,6.952734,4.198037,17.000000
21.019615,8.693719,-0.397042,6.000000
16.323122,6.747921,4.732765,6.000000
20.903809,8.607396,0.394599,9.000000
16.665768,6.855529,-3.502872,38.000000
16.692513,6.859719,-2.858371,30.000000
16.699892,6.855939,-2.216560,30.000000
37.652122,15.449947,6.446039,8.000000
16.620550,6.819977,-1.571767,3.000000
19.492868,7.990639,-1.104079,5.000000
16.811712,6.888135,4.194438,17.000000
21.007267,8.602867,-0.396239,6.000000
16.305458,6.674066,4.720860,12.000000
20.918917,8.528331,0.394320,9.000000
16.671415,6.789903,-3.499056,38.000000
16.687080,6.789503,-2.853365,33.000000
37.604557,15.292564,4.984457,7.000000
16.712688,6.793114,-2.215097,30.000000
37.670216,15.311604,6.440408,8.000000
16.622103,6.752923,-1.569675,3.000000
19.709412,7.999153,-1.114756,12.000000
16.804955,6.816960,4.186790,12.000000
21.035679,8.533162,-0.396239,13.000000
16.656918,6.753514,4.816105,12.000000
16.684086,6.727273,-3.496766,38.000000
16.687519,6.725264,-2.849611,29.000000
37.653221,15.167045,4.984213,7.000000
16.703817,6.725055,-2.210954,30.000000
37.708771,15.174127,6.437905,8.000000
16.628939,6.688165,-1.568106,6.000000
19.809956,7.963544,-1.118943,6.000000
16.693659,6.707427,4.153497,8.000000
21.336266,8.568478,-0.401336,6.000000
16.318241,6.549962,4.711542,12.000000
16.662548,6.654430,-3.487607,6.000000
16.696217,6.661111,-2.847108,29.000000
16.693996,6.653481,-2.206567,25.000000
37.867947,15.084794,6.456051,8.000000
16.638071,6.627819,-1.566886,6.000000
20.002787,7.960083,-1.128259,6.000000
16.376549,6.513707,4.068915,8.000000
21.414360,8.513149,-0.402243,6.000000
16.391270,6.512947,4.726036,12.000000
23.494118,9.287752,1.323995,13.000000
16.658289,6.585396,-3.481883,12.000000
27.915272,11.029902,2.626003,24.000000
16.700989,6.595545,-2.843979,29.000000
16.685730,6.582778,-2.202423,30.000000
37.975494,14.974283,6.465437,9.000000
16.629591,6.557287,-1.563923,6.000000
20.201416,7.957551,-1.137888,6.000000
16.357477,6.440094,4.058568,12.000000
21.382538,8.414187,-0.401091,6.000000
16.591888,6.525688,4.777282,6.000000
38.037655,14.883813,2.140646,34.000000
16.659235,6.518618,-3.477303,12.000000
16.685274,6.522101,-2.837409,29.000000
16.697510,6.520166,-2.200961,15.000000
38.134266,14.883278,6.483584,9.000000
16.613403,6.483982,-1.560262,3.000000
20.400263,7.953737,-1.147518,6.000000
16.365332,6.377292,4.054968,12.000000
21.391285,8.331509,-0.400707,6.000000
16.328325,6.356307,4.694978,12.000000
50.302078,19.500786,0.941697,63.000000
38.148972,14.774054,2.143995,34.000000
16.669069,6.455475,-3.474632,19.000000
16.671095,6.449560,-2.831151,18.000000
16.692394,6.451102,-2.197304,20.000000
38.281815,14.787077,6.499853,9.000000
16.615494,6.418050,-1.558345,6.000000
20.569519,7.937118,-1.155473,6.000000
16.363859,6.311007,4.049119,8.000000
21.390377,8.245296,-0.400149,6.000000
16.314360,6.285377,4.684625,11.000000
50.067383,19.209049,0.936042,63.000000
38.261158,14.671768,2.147554,34.000000
16.665838,6.387409,-3.469289,18.000000
16.673212,6.383561,-2.827710,14.000000
16.662899,6.372936,-2.190480,25.000000
38.422894,14.695320,6.515496,9.000000
16.611740,6.350056,-1.555904,6.000000
20.750101,7.923687,-1.164056,6.000000
16.331167,6.233006,4.035622,12.000000
21.395185,8.165754,-0.399730,6.000000
16.304428,6.219540,4.675825,17.000000
49.798054,18.916525,0.929829,63.000000
38.390579,14.567875,2.151950,35.000000
16.664167,6.320148,-3.464328,18.000000
16.672121,6.319837,-2.823955,25.000000
16.661659,6.309220,-2.187555,15.000000
38.577400,14.600291,6.533017,9.000000
16.607718,6.282158,-1.553464,10.000000
20.935055,7.914885,-1.172953,7.000000
16.311640,6.163664,4.025724,8.000000
21.380535,8.074766,-0.398927,6.000000
16.309772,6.156444,4.671166,17.000000
49.788914,18.714426,0.928433,63.000000
38.512238,14.460462,2.155927,35.000000
16.653044,6.249520,-3.457459,18.000000
16.677437,6.255354,-2.821139,14.000000
38.582561,14.463822,5.059285,7.000000
16.678003,6.248927,-2.186824,10.000000
38.698433,14.491857,6.544906,9.000000
16.601553,6.213675,-1.550849,10.000000
21.143522,7.905243,-1.183002,7.000000
16.314806,6.099860,4.021225,8.000000
21.376745,7.988190,-0.398334,6.000000
16.304018,6.089341,4.663402,17.000000
49.767193,18.498383,0.926758,63.000000
38.632393,14.344230,2.159696,35.000000
16.655590,6.180932,-3.453262,25.000000
16.659506,6.179077,-2.814256,21.000000
16.672874,6.177417,-2.183168,30.000000
38.873554,14.395187,6.565555,9.000000
16.581244,6.136876,-1.546840,6.000000
21.357815,7.896257,-1.193365,7.000000
16.340710,6.041369,4.022125,8.000000
21.385248,7.902157,-0.397950,6.000000
16.293604,6.017498,4.654084,17.000000
41.118153,15.112242,0.764660,45.000000
38.760963,14.238222,2.164092,35.000000
16.653107,6.113955,-3.448300,18.000000
16.650515,6.106409,-2.808938,14.000000
16.675699,6.112344,-2.180730,25.000000
39.001465,14.287953,6.578696,9.000000
16.591335,6.074852,-1.545794,6.000000
21.544683,7.879974,-1.202262,7.000000
16.343395,5.977602,4.017626,12.000000
21.388283,7.818539,-0.397496,6.000000
16.305439,5.957267,4.651496,17.000000
41.115417,14.956674,0.763682,45.000000
38.853012,14.125995,2.166604,35.000000
16.649305,6.049977,-3.443339,25.000000
16.653961,6.045097,-2.806122,10.000000
16.658554,6.043467,-2.175855,25.000000
39.156349,14.197586,6.596842,9.000000
16.598276,6.015052,-1.544574,3.000000
21.775398,7.882581,-1.213671,7.000000
16.337477,5.914081,4.011327,12.000000
21.391525,7.739410,-0.397077,6.000000
16.301489,5.894619,4.644767,17.000000
41.112103,14.801290,0.762705,45.000000
39.027439,14.043046,2.173722,35.000000
16.643412,5.985435,-3.437997,25.000000
16.651608,5.981820,-2.802367,17.000000
16.643005,5.975450,-2.171224,15.000000
39.314758,14.107718,6.615614,9.000000
16.590002,5.949883,-1.541959,6.000000
21.933033,7.857495,-1.220998,7.000000
16.329475,5.850024,4.004579,16.000000
21.377541,7.654269,-0.396344,6.000000
16.304577,5.834675,4.640108,11.000000
41.225014,14.687682,0.763892,45.000000
39.133999,13.934998,2.177071,35.000000
16.615080,5.913091,-3.428075,24.000000
16.649017,5.918631,-2.798613,21.000000
16.644028,5.913577,-2.168787,15.000000
39.458126,14.011630,6.631883,9.000000
16.575842,5.882844,-1.538822,6.000000
22.154747,7.854118,-1.231884,7.000000
16.324911,5.787373,3.998730,16.000000
21.353798,7.565977,-0.395437,6.000000
16.269205,5.761224,4.624578,11.000000
41.550179,14.632123,0.768918,46.000000
39.243744,13.804505,2.180212,36.000000
16.619137,5.842742,-3.424258,24.000000
16.638912,5.846441,-2.793294,21.000000
16.644133,5.841740,-2.165862,5.000000
39.619747,13.897952,6.650030,9.000000
16.560707,5.805967,-1.535336,6.000000
22.331768,7.820486,-1.240048,8.000000
16.326778,5.717566,3.993782,16.000000
21.358156,7.475336,-0.394983,6.000000
16.256557,5.686597,4.614744,16.000000
49.890614,17.363995,0.922080,63.000000
39.384624,13.692065,2.185236,36.000000
16.623751,5.775996,-3.420824,18.000000
16.619179,5.771148,-2.786411,21.000000
16.650425,5.775496,-2.163912,9.000000
39.801075,13.797907,6.671931,9.000000
16.572460,5.741972,-1.534464,3.000000
22.575453,7.813034,-1.251981,8.000000
16.325531,5.650027,3.988383,16.000000
21.374071,7.393087,-0.394773,6.000000
16.264509,5.622561,4.611120,16.000000
49.925552,17.171274,0.921557,63.000000
39.496403,13.576570,2.188795,36.000000
16.630814,5.713471,-3.418153,24.000000
39.525425,13.571142,3.656183,51.000000
16.617798,5.702507,-2.782656,24.000000
39.560013,13.567563,5.135087,8.000000
16.642321,5.707676,-2.160256,4.000000
39.946159,13.692226,6.688200,9.000000
16.579210,5.679565,-1.533244,9.000000
22.672503,7.758123,-1.255854,8.000000
16.319336,5.584184,3.982084,20.000000
21.373259,7.309368,-0.394285,6.000000
16.278555,5.563874,4.609568,16.000000
49.944366,16.992727,0.920859,63.000000
39.692478,13.496966,2.197168,36.000000
16.610630,5.645027,-3.410139,24.000000
16.629135,5.644832,-2.781405,21.000000
16.623560,5.639705,-2.155381,4.000000
40.088627,13.592657,6.704469,9.000000
16.582855,5.619442,-1.531849,9.000000
22.665949,7.672004,-1.254074,8.000000
16.304541,5.518785,3.973985,16.000000
21.367071,7.228203,-0.393726,6.000000
16.282276,5.504907,4.605426,16.000000
49.977692,16.819366,0.920440,63.000000
39.769638,13.368523,2.198843,36.000000
16.610651,5.583653,-3.406322,30.000000
16.625292,5.582108,-2.777651,21.000000
16.620556,5.574072,-2.152457,24.000000
40.229481,13.484016,6.720112,9.000000
16.578732,5.556818,-1.529757,6.000000
22.611715,7.570172,-1.249678,8.000000
16.312618,5.458124,3.971286,16.000000
21.350449,7.139626,-0.392958,6.000000
16.281235,5.441313,4.599732,16.000000
50.074051,16.657419,0.921138,63.000000
39.910831,13.261097,2.204077,36.000000
16.602095,5.516347,-3.400598,36.000000
16.620302,5.515955,-2.773583,13.000000
16.628609,5.512269,-2.150994,29.000000
40.407566,13.387004,6.742013,9.000000
16.562090,5.487011,-1.526446,3.000000
22.672136,7.502485,-1.251562,8.000000
16.322319,5.398093,3.969037,12.000000
21.356255,7.058774,-0.392609,6.000000
16.267111,5.373537,4.590415,16.000000
50.230671,16.515017,0.922953,63.000000
40.068432,13.166092,2.210357,36.000000
16.591408,5.448556,-3.394492,24.000000
16.600037,5.444981,-2.767013,13.000000
16.628885,5.448015,-2.148557,19.000000
40.575630,13.293533,6.762663,9.000000
16.562208,5.422970,-1.524703,9.000000
23.153780,7.572303,-1.276683,8.000000
16.318834,5.333823,3.963638,12.000000
21.345331,6.976737,-0.391981,6.000000
16.271988,5.315360,4.586791,16.000000
50.372643,16.376780,0.924559,63.000000
40.182529,13.048362,2.214125,37.000000
16.593517,5.385157,-3.391058,24.000000
16.602970,5.385023,-2.764510,23.000000
16.609091,5.380600,-2.143682,29.000000
40.719513,13.183445,6.778932,9.000000
16.567770,5.360826,-1.523482,9.000000
23.463821,7.587655,-1.292384,8.000000
16.273386,5.259298,3.948341,8.000000
21.356237,6.897878,-0.391737,6.000000
16.261026,5.249036,4.578509,11.000000
48.761715,15.665071,0.893982,63.000000
40.300102,12.931198,2.218103,37.000000
16.577633,5.319307,-3.384188,30.000000
16.597212,5.319201,-2.760443,13.000000
16.580505,5.307465,-2.137589,19.000000
40.900742,13.084572,6.801458,9.000000
16.555090,5.296145,-1.520693,6.000000
23.547237,7.523946,-1.295524,8.000000
16.267513,5.194758,3.942492,12.000000
21.343987,6.811741,-0.391074,6.000000
16.268208,5.188724,4.575403,16.000000
48.751293,15.474207,0.892795,63.000000
40.440193,12.820613,2.223336,37.000000
16.564289,5.251318,-3.377701,24.000000
16.608145,5.258843,-2.759191,10.000000
40.518459,12.822083,5.218202,8.000000
16.549719,5.233997,-2.131251,9.000000
41.051655,12.975051,6.818979,9.000000
16.548784,5.230515,-1.518427,9.000000
23.649540,7.465760,-1.299711,9.000000
16.294842,5.140870,3.944742,12.000000
21.340935,6.728771,-0.390585,6.000000
16.264109,5.124942,4.569192,11.000000
48.839359,15.314693,0.893424,63.000000
40.579994,12.709227,2.228570,37.000000
16.571274,5.189949,-3.375411,36.000000
16.586809,5.188457,-2.752621,13.000000
40.566757,12.681763,5.218689,8.000000
16.581154,5.180335,-2.132957,19.000000
41.239990,12.876427,6.842757,9.000000
16.538410,5.163814,-1.515813,6.000000
23.721222,7.397427,-1.302223,9.000000
16.290361,5.076997,3.939343,16.000000
21.352837,6.650673,-0.390375,6.000000
16.263454,5.062392,4.564015,11.000000
49.102638,15.209214,0.897263,63.000000
40.750042,12.606444,2.235478,37.000000
16.574287,5.127426,-3.372359,36.000000
16.576508,5.121783,-2.747928,10.000000
16.587757,5.118908,-2.131495,23.000000
44.225636,13.639406,7.330207,10.000000
16.556334,5.106056,-1.515813,6.000000
23.815613,7.335739,-1.305992,9.000000
16.291220,5.014953,3.935294,12.000000
21.349163,6.567859,-0.389887,6.000000
16.245943,4.994800,4.554180,16.000000
40.858734,12.483995,2.239037,37.000000
16.556408,5.058651,-3.365108,36.000000
16.562168,5.054083,-2.742610,10.000000
16.582735,5.054033,-2.128570,28.000000
54.817318,16.696592,9.076015,16.000000
16.548258,5.037205,-1.513372,6.000000
23.997761,7.300232,-1.314575,9.000000
16.295574,4.954083,3.932145,11.000000
21.341351,6.483991,-0.389328,6.000000
16.257730,4.936380,4.552627,16.000000
40.997673,12.370132,2.244271,38.000000
16.554163,4.991688,-3.360910,36.000000
16.563557,4.988223,-2.739793,10.000000
41.007156,12.349574,5.258419,8.000000
16.566061,4.985816,-2.124183,19.000000
54.901749,16.513121,9.080396,16.000000
16.554289,4.975980,-1.512326,9.000000
24.156343,7.251856,-1.321797,9.000000
16.281889,4.884808,3.924496,11.000000
21.338949,6.402000,-0.388875,6.000000
16.241558,4.869609,4.543310,10.000000
16.531969,4.922120,-3.352896,29.000000
16.561935,4.924741,-2.736665,10.000000
41.643929,12.375058,5.334221,8.000000
16.548067,4.914331,-2.119552,33.000000
54.890884,16.301117,9.069133,16.000000
16.556276,4.913625,-1.510932,9.000000
24.242790,7.185647,-1.325147,9.000000
16.283894,4.823511,3.920897,11.000000
21.332407,6.318949,-0.388351,6.000000
16.219553,4.801382,4.532439,16.000000
16.530216,4.858842,-3.349080,35.000000
16.547852,4.860879,-2.731659,9.000000
42.339970,12.429230,5.418068,8.000000
16.554749,4.856638,-2.118333,23.000000
57.290405,16.796301,9.455839,17.000000
16.542734,4.846843,-1.508143,9.000000
24.300987,7.115323,-1.327031,9.000000
16.282969,4.764555,3.916848,11.000000
21.317865,6.233788,-0.387688,6.000000
16.208401,4.736603,4.524674,16.000000
16.529270,4.799068,-3.345645,41.000000
16.541948,4.796497,-2.727905,9.000000
16.544905,4.791086,-2.114921,23.000000
54.813595,15.862623,9.037846,15.000000
16.541491,4.786977,-1.506574,9.000000
24.298815,7.022683,-1.325565,9.000000
16.288265,4.704455,3.914149,11.000000
21.326048,6.155448,-0.387443,6.000000
16.228548,4.681063,4.525710,10.000000
16.521385,4.734313,-3.340684,41.000000
16.530104,4.730569,-2.723212,13.000000
43.845688,12.539437,5.599410,9.000000
16.529083,4.724036,-2.110777,27.000000
54.849640,15.665751,9.034717,15.000000
16.533195,4.722090,-1.504308,9.000000
24.350069,6.945497,-1.327031,9.000000
16.268982,4.637416,3.905601,11.000000
21.335869,6.077677,-0.387234,6.000000
16.239216,4.622803,4.524157,16.000000
16.522697,4.672344,-3.337631,41.000000
16.531305,4.668548,-2.720708,26.000000
44.653374,12.601988,5.696905,9.000000
16.511082,4.656606,-2.106390,27.000000
53.341114,15.033725,8.777539,14.000000
16.563000,4.668136,-1.505528,21.000000
24.420307,6.873436,-1.329543,9.000000
16.268187,4.575853,3.901551,7.000000
21.322300,5.993428,-0.386606,6.000000
16.236656,4.560861,4.518981,16.000000
16.499195,4.603556,-3.329617,35.000000
16.518961,4.602857,-2.716016,29.000000
45.496452,12.668613,5.798788,9.000000
16.504284,4.592560,-2.103465,27.000000
53.109703,14.768569,8.730922,14.000000
16.533129,4.597477,-1.501345,6.000000
24.494184,6.802052,-1.332264,9.000000
16.265282,4.513823,3.897053,7.000000
21.316113,5.911486,-0.386117,6.000000
16.226414,4.496936,4.511734,15.000000
16.496235,4.540728,-3.325801,35.000000
16.527309,4.543068,-2.714764,29.000000
46.332870,12.727422,5.899695,10.000000
16.502989,4.530188,-2.101271,27.000000
53.143147,14.588172,8.728418,14.000000
16.524097,4.532881,-1.499079,9.000000
24.652620,6.753442,-1.339591,9.000000
16.267784,4.453413,3.893903,11.000000
21.312456,5.834424,-0.385698,6.000000
16.224464,4.438519,4.507075,10.000000
52.947018,14.405235,0.957788,63.000000
16.487354,4.476426,-3.320840,41.000000
16.498434,4.476343,-2.707568,29.000000
47.225491,12.804338,6.007915,10.000000
16.496845,4.469730,-2.098590,27.000000
53.474030,14.478480,8.774410,14.000000
16.532125,4.473096,-1.498381,9.000000
24.667168,6.669574,-1.339173,9.000000
16.265530,4.394871,3.889854,11.000000
21.313385,5.754787,-0.385349,6.000000
16.228668,4.378834,4.503969,10.000000
16.473663,4.414101,-3.315116,28.000000
16.491058,4.412601,-2.703814,29.000000
52.925259,14.151572,6.726701,12.000000
16.483576,4.404435,-2.094934,27.000000
53.510296,14.298025,8.772533,14.000000
16.533394,4.414655,-1.497161,9.000000
24.686441,6.582393,-1.338963,9.000000
16.256290,4.331547,3.884005,15.000000
21.324621,5.682022,-0.385210,6.000000
16.220699,4.319024,4.497757,15.000000
53.411125,14.141774,0.964420,63.000000
16.462395,4.349560,-3.309773,28.000000
16.492233,4.354357,-2.701623,22.000000
52.941181,13.967896,6.722801,38.000000
16.484655,4.346210,-2.093228,27.000000
53.261894,14.032629,8.723725,14.000000
16.558336,4.359447,-1.498033,9.000000
24.708130,6.500510,-1.338963,9.000000
16.255487,4.273647,3.880406,15.000000
21.303711,5.596875,-0.384477,6.000000
16.228199,4.260426,4.495687,15.000000
16.452782,4.285632,-3.304812,28.000000
16.483229,4.287420,-2.697556,22.000000
52.972805,13.768781,6.720364,25.000000
16.475500,4.279262,-2.090060,27.000000
53.538582,13.895891,8.760644,14.000000
16.540668,4.293116,-1.495070,9.000000
24.801395,6.427927,-1.342731,9.000000
16.263496,4.212088,3.878606,15.000000
21.300850,5.512747,-0.384058,6.000000
16.228746,4.197036,4.491546,10.000000
16.450527,4.223776,-3.301377,34.000000
16.467478,4.222002,-2.692550,21.000000
52.989780,13.575891,6.716464,25.000000
16.476873,4.218291,-2.088353,37.000000
53.575283,13.705970,8.758766,14.000000
16.524672,4.227447,-1.492281,25.000000
24.873991,6.354186,-1.345453,9.000000
16.264883,4.151914,3.875457,11.000000
21.306400,5.434895,-0.383813,6.000000
16.218960,4.134170,4.484817,5.000000
16.446136,4.161515,-3.297561,34.000000
16.445730,4.155296,-2.686606,15.000000
52.998352,13.381131,6.711589,25.000000
16.462626,4.153461,-2.084697,27.000000
53.584496,13.509201,8.752509,14.000000
16.525805,4.166325,-1.491060,25.000000
25.008358,6.295593,-1.351524,9.000000
16.260380,4.090355,3.870958,11.000000
21.309727,5.356593,-0.383534,12.000000
16.386932,4.116117,4.527263,5.000000
53.101280,13.239628,2.868115,56.000000
16.437706,4.098378,-3.292982,46.000000
16.442879,4.093581,-2.683790,21.000000
52.994656,13.183578,6.705252,37.000000
16.442348,4.087354,-2.080310,18.000000
53.681160,13.334493,8.760644,14.000000
16.534441,4.107184,-1.490538,28.000000
24.991409,6.198636,-1.349430,9.000000
16.246183,4.026550,3.864210,11.000000
21.310827,5.277843,-0.383220,6.000000
16.215548,4.012942,4.476017,10.000000
53.147163,13.054201,2.868115,56.000000
16.421406,4.033486,-3.286876,34.000000
16.445557,4.033332,-2.681913,9.000000
53.011425,12.991434,6.701596,37.000000
16.419880,4.020959,-2.075679,9.000000
53.642956,13.126355,8.746878,14.000000
16.523520,4.043282,-1.488271,9.000000
25.199152,6.156876,-1.359479,9.000000
16.231743,3.962879,3.857461,11.000000
21.305807,5.197740,-0.382801,12.000000
16.205059,3.950371,4.469288,15.000000
53.138050,12.855464,2.865185,56.000000
16.410576,3.970141,-3.281915,34.000000
16.440332,3.971267,-2.678784,12.000000
53.039089,12.802131,6.699402,37.000000
16.422237,3.960821,-2.074216,4.000000
53.657722,12.931633,8.741872,14.000000
16.527847,3.983249,-1.487400,12.000000
25.193310,6.062328,-1.358014,9.000000
16.256847,3.908932,3.860161,11.000000
21.300488,5.117735,-0.382382,18.000000
16.466707,3.953305,4.537616,16.000000
53.174835,12.668034,2.864766,56.000000
16.397598,3.906460,-3.276572,39.000000
16.411818,3.903794,-2.671901,12.000000
53.064140,12.612308,6.696965,25.000000
16.412786,3.897972,-2.071291,9.000000
57.731045,13.700252,9.397645,17.000000
16.524206,3.921387,-1.485831,21.000000
25.260956,5.985407,-1.360526,9.000000
16.312111,3.862034,3.870058,15.000000
21.306547,5.040584,-0.382173,12.000000
16.170202,3.822476,4.452206,15.000000
53.218727,12.482353,2.864766,56.000000
16.393932,3.845166,-3.273138,33.000000
16.402267,3.841073,-2.668147,12.000000
53.073048,12.418872,6.692578,25.000000
16.397299,3.833881,-2.067636,4.000000
57.766979,13.495937,9.395768,17.000000
16.531975,3.862319,-1.485308,34.000000
25.351715,5.913532,-1.364294,10.000000
16.469732,3.838685,3.904251,23.000000
21.290901,4.958473,-0.381579,18.000000
16.177799,3.764698,4.450653,15.000000
53.185883,12.288704,2.860788,56.000000
16.397692,3.785705,-3.271230,22.000000
16.404024,3.781136,-2.666269,9.000000
53.077389,12.224611,6.687703,25.000000
16.380907,3.772797,-2.063979,9.000000
57.780605,13.297252,9.390762,17.000000
16.535646,3.802359,-1.484437,34.000000
25.461750,5.845553,-1.369109,10.000000
16.579237,3.806290,3.927196,23.000000
21.305279,4.887390,-0.381545,18.000000
16.542320,3.791737,4.547451,5.000000
16.385265,3.725652,-3.266268,28.000000
16.389502,3.720599,-2.661889,25.000000
53.098270,12.044152,6.685265,25.000000
16.366224,3.712311,-2.060567,9.000000
57.766590,13.092456,9.381375,17.000000
16.497641,3.736066,-1.479905,6.000000
25.636841,5.796328,-1.377483,10.000000
16.595568,3.752153,3.928095,27.000000
21.288210,4.809225,-0.380951,18.000000
16.601913,3.747489,4.560392,16.000000
53.588612,12.017781,0.958626,63.000000
16.364964,3.664000,-3.259781,33.000000
16.386330,3.662777,-2.659386,21.000000
53.116611,11.863232,6.682584,37.000000
16.346146,3.647813,-2.056423,4.000000
53.373623,11.901075,8.661151,14.000000
16.521608,3.683934,-1.480950,25.000000
25.624727,5.704343,-1.375808,10.000000
16.616175,3.695889,3.929895,31.000000
21.277538,4.728806,-0.380462,18.000000
16.603579,3.687014,4.557286,11.000000
53.583370,11.820296,0.957788,63.000000
16.362314,3.603478,-3.256728,33.000000
16.366217,3.598348,-2.654068,24.000000
53.142185,11.674351,6.680634,37.000000
16.345209,3.587749,-2.054717,8.000000
53.646381,11.765461,8.698696,14.000000
16.503229,3.619407,-1.478161,34.000000
25.862999,5.662698,-1.387531,10.000000
16.619457,3.635779,3.927646,31.000000
21.284147,4.652375,-0.380288,18.000000
16.582375,3.621610,4.547968,16.000000
53.589130,11.625564,0.957160,63.000000
16.338337,3.538441,-3.249477,22.000000
16.361298,3.537443,-2.651252,21.000000
53.149635,11.481641,6.676491,25.000000
16.344049,3.527735,-2.053011,4.000000
53.729595,11.587326,8.705579,14.000000
16.496284,3.557589,-1.476418,28.000000
25.902138,5.576581,-1.388578,10.000000
16.628235,3.576936,3.926746,31.000000
21.278753,4.573423,-0.379904,12.000000
16.583584,3.561266,4.544863,16.000000
53.253891,11.358330,0.950458,63.000000
53.284771,11.345499,2.855136,56.000000
16.335224,3.478128,-3.246424,22.000000
16.348429,3.474967,-2.647184,15.000000
53.164135,11.290719,6.673322,25.000000
16.334904,3.466133,-2.050330,4.000000
53.371643,11.315294,8.641128,14.000000
16.508602,3.499980,-1.476418,12.000000
25.917536,5.485311,-1.388368,10.000000
16.621553,3.514834,3.922247,31.000000
21.278936,4.495806,-0.379625,12.000000
16.588350,3.501765,4.542792,16.000000
53.199276,11.152660,0.948783,63.000000
53.234127,11.140597,2.850321,56.000000
16.328053,3.417061,-3.242608,28.000000
53.336403,11.152259,4.767245,63.000000
16.343056,3.414247,-2.644369,18.000000
53.187683,11.101813,6.671372,25.000000
16.331358,3.405846,-2.048380,4.000000
53.283180,11.102340,8.620479,14.000000
16.509617,3.437017,-1.475372,9.000000
16.610825,3.452038,3.916848,31.000000
21.272961,4.417044,-0.379241,6.000000
16.585342,3.440696,4.538651,21.000000
53.253540,10.970157,0.949062,63.000000
53.280518,10.956304,2.850740,56.000000
16.302002,3.349294,-3.234976,33.000000
53.318371,10.944691,4.762015,63.000000
16.343851,3.351938,-2.642491,27.000000
53.200832,10.910888,6.668204,25.000000
16.312029,3.342454,-2.044480,4.000000
53.277100,10.907152,8.613282,14.000000
16.501993,3.375369,-1.473629,9.000000
16.613819,3.389181,3.914598,31.000000
21.254944,4.335960,-0.378647,12.000000
16.582106,3.379706,4.534510,26.000000
53.438442,10.804185,0.951645,63.000000
16.198151,3.272008,-3.815170,3.000000
53.514210,10.809809,2.861207,56.000000
16.300125,3.289646,-3.232305,27.000000
16.318657,3.287458,-2.636547,24.000000
53.219059,10.711528,6.665523,25.000000
16.298874,3.277545,-2.041312,4.000000
53.463970,10.751086,8.637374,14.000000
16.488279,3.312648,-1.471363,9.000000
16.621727,3.330405,3.913699,31.000000
21.269947,4.261744,-0.378647,6.000000
16.567284,3.316489,4.527263,37.000000
16.262430,3.228904,-3.827767,3.000000
16.298027,3.230060,-3.229633,33.000000
16.302340,3.227957,-2.632167,15.000000
53.223125,10.528809,6.661623,37.000000
16.294073,3.220402,-2.039362,13.000000
53.838371,10.631020,8.691813,14.000000
16.484108,3.251983,-1.469969,9.000000
25.243046,4.975369,-1.348384,9.000000
16.621208,3.273004,3.911000,31.000000
21.278807,4.186308,-0.378543,6.000000
16.152254,3.174803,4.410795,19.000000
58.758972,11.464172,1.044980,63.000000
16.287453,3.171863,-3.225435,38.000000
16.294121,3.167259,-2.629038,15.000000
53.222534,10.335783,6.656992,25.000000
16.266237,3.155947,-2.034487,13.000000
53.495056,10.369331,8.630490,14.000000
16.512403,3.200718,-1.471538,12.000000
26.279921,5.084509,-1.402813,10.000000
16.611485,3.210900,3.906050,31.000000
21.259914,4.105555,-0.377949,12.000000
16.174620,3.120601,4.413900,14.000000
58.955753,11.289065,1.047773,63.000000
16.163439,3.089194,-3.198722,5.000000
16.279850,3.105554,-2.624971,18.000000
53.244640,10.147323,6.655286,37.000000
16.220606,3.088377,-2.027419,8.000000
53.678410,10.210601,8.654268,14.000000
16.494114,3.137478,-1.468923,12.000000
26.419168,5.015834,-1.409303,10.000000
16.591957,3.147089,3.898852,31.000000
21.254469,4.027601,-0.377600,11.000000
16.584023,3.139579,4.522604,32.000000
16.069923,3.013212,-3.178115,10.000000
16.273117,3.045433,-2.622155,12.000000
53.262169,9.958130,6.653092,25.000000
16.246897,3.034657,-2.029368,4.000000
53.836246,10.055738,8.674292,14.000000
16.487341,3.076590,-1.467354,9.000000
26.487566,4.933097,-1.412024,10.000000
16.597094,3.088079,3.897502,27.000000
21.244114,3.952710,-0.377181,11.000000
16.539261,3.074332,4.507593,26.000000
16.118961,2.964205,-3.185747,21.000000
16.238443,2.983239,-2.614959,8.000000
53.287094,9.780004,6.652117,25.000000
16.260775,2.981483,-2.029856,34.000000
53.820507,9.858485,8.666158,14.000000
16.484261,3.016505,-1.466134,15.000000
26.258192,4.800344,-1.398940,10.000000
16.599577,3.031619,3.895703,27.000000
21.244015,3.876013,-0.376937,11.000000
16.523285,3.011734,4.500346,36.000000
16.234968,2.929909,-3.206736,38.000000
16.042681,2.889433,-2.581795,2.000000
53.301369,9.590433,6.649680,25.000000
16.247639,2.920485,-2.026931,12.000000
53.856789,9.680665,8.666783,14.000000
16.496134,2.962180,-1.466308,21.000000
26.369156,4.725560,-1.403965,10.000000
16.600464,2.971944,3.893453,27.000000
21.246906,3.803786,-0.376763,5.000000
16.556002,2.961002,4.506557,21.000000
16.103968,2.848255,-3.178878,5.000000
16.058010,2.837245,-2.582733,5.000000
53.309418,9.409496,6.646754,25.000000
16.253325,2.865896,-2.026443,4.000000
53.839668,9.483712,8.658648,14.000000
16.476938,2.899404,-1.463693,9.000000
26.597126,4.675428,-1.415269,10.000000
16.600632,2.915197,3.891203,31.000000
21.258083,3.729256,-0.376728,5.000000
16.554821,2.901187,4.503452,31.000000
16.039337,2.773357,-3.163995,5.000000
16.164656,2.789216,-2.598064,11.000000
53.329155,9.192376,6.644561,37.000000
16.240732,2.799424,-2.023519,12.000000
16.478134,2.834423,-1.462822,12.000000
27.025122,4.638924,-1.437041,11.000000
16.584814,2.846822,3.884905,27.000000
21.250566,3.643881,-0.376344,5.000000
16.560125,2.836625,4.501899,36.000000
16.061996,2.722446,-3.166666,10.000000
16.072533,2.718469,-2.581795,2.000000
53.357391,9.015134,6.644317,37.000000
16.144230,2.727690,-2.010357,4.000000
58.004383,9.789895,9.316925,16.000000
16.481548,2.778774,-1.462299,9.000000
26.504629,4.459142,-1.408570,10.000000
16.576868,2.788894,3.880856,27.000000
21.215206,3.565441,-0.375506,5.000000
16.552294,2.778811,4.497240,36.000000
16.165834,2.684932,-3.185365,37.000000
16.069767,2.663213,-2.579917,2.000000
53.373280,8.835886,6.642611,37.000000
16.118401,2.665501,-2.005970,4.000000
58.084984,9.595075,9.324434,16.000000
16.628277,2.746830,-1.474501,3.000000
16.155785,2.660090,3.780078,30.000000
20.866430,3.431969,-0.369118,16.000000
16.110098,2.646800,4.374559,14.000000
16.000702,2.600149,-3.151020,5.000000
15.991219,2.592887,-2.565838,2.000000
53.376366,8.645093,6.639199,37.000000
15.996313,2.587975,-1.989639,8.000000
58.106422,9.390355,9.322556,16.000000
16.816746,2.717690,-1.490363,15.000000
16.551916,2.671936,3.259018,5.000000
20.638718,3.327962,-1.095601,5.000000
16.153429,2.601816,3.777379,22.000000
20.779566,3.343233,-0.367373,73.000000
16.111610,2.589319,4.372489,14.000000
15.988355,2.540886,-3.146822,10.000000
15.937740,2.527148,-2.555827,2.000000
53.384651,8.455292,6.636518,37.000000
15.979759,2.528093,-1.986470,4.000000
16.790707,2.653386,-1.487226,6.000000
16.565025,2.614750,3.259781,5.000000
16.154711,2.544213,3.775579,18.000000
21.180265,3.331891,-0.374249,11.000000
16.101467,2.530060,4.367313,14.000000
15.618475,2.429035,-3.649156,2.000000
15.801188,2.454627,-3.108279,10.000000
15.971842,2.475428,-2.559894,8.000000
53.413837,8.268904,6.636518,12.000000
15.925709,2.462586,-1.978671,8.000000
16.799868,2.594754,-1.487226,3.000000
16.572107,2.556616,3.259399,10.000000
16.211647,2.495214,3.786826,11.000000
21.225365,3.263108,-0.374843,11.000000
16.541740,2.540110,4.484299,26.000000
15.590251,2.368942,-3.640608,11.000000
15.625261,2.371472,-3.072025,30.000000
15.767495,2.387429,-2.525791,15.000000
16.110865,2.433661,-2.000607,4.000000
17.137983,2.585763,2.745112,12.000000
16.765480,2.529560,-1.483391,3.000000
16.577047,2.498171,3.258636,15.000000
18.549301,2.792071,-0.983079,4.000000
16.457285,2.474248,3.842164,11.000000
21.203009,3.183954,-0.374249,5.000000
16.630749,2.494384,4.506040,42.000000
15.559875,2.308783,-3.631610,11.000000
15.608198,2.313170,-3.067064,40.000000
15.758147,2.329772,-2.522975,15.000000
17.754688,2.621785,2.203642,2.000000
15.712744,2.317455,-1.950153,20.000000
17.141045,2.525057,2.744174,16.000000
16.762383,2.469276,-1.482345,9.000000
17.090679,2.514590,3.357857,5.000000
18.673540,2.737492,-0.329432,22.000000
17.746094,2.598367,4.805752,25.000000
18.818327,2.728531,0.331910,7.000000
15.548551,2.251665,-3.627111,11.000000
15.596747,2.255866,-3.063248,40.000000
15.551118,2.243725,-2.488560,30.000000
17.785343,2.562912,2.206323,11.000000
15.697159,2.259203,-1.947229,20.000000
17.151278,2.468486,2.744487,14.000000
16.839922,2.420667,-1.488446,12.000000
17.208178,2.470545,3.379227,17.000000
18.528799,2.656844,-0.980985,13.000000
17.955677,2.571457,4.187689,25.000000
18.648863,2.670729,-0.328838,9.000000
17.724016,2.535132,4.797470,31.000000
18.811430,2.663864,0.331631,7.000000
15.511554,2.193819,-3.616763,11.000000
18.965446,2.678922,1.003804,9.000000
15.579255,2.197840,-3.058287,30.000000
18.420992,2.595468,1.627546,14.000000
15.677792,2.208958,-2.507645,18.000000
17.768192,2.500319,2.203154,16.000000
15.692770,2.205475,-1.945766,23.000000
17.803381,2.498942,2.847421,14.000000
16.846296,2.361596,-1.488271,12.000000
18.186451,2.549466,3.569655,40.000000
18.519709,2.592888,-0.980043,8.000000
17.946735,2.509483,4.183640,29.000000
18.656090,2.605343,-0.328803,18.000000
17.732758,2.473244,4.797470,38.000000
18.899849,2.609126,0.333027,7.000000
15.495952,2.136462,-3.611365,11.000000
18.960833,2.610801,1.003071,9.000000
15.570899,2.144026,-3.055234,45.000000
18.386076,2.528390,1.623711,14.000000
15.562115,2.137282,-2.487934,32.000000
17.766977,2.436936,2.201936,11.000000
15.680706,2.147993,-1.943329,19.000000
17.806124,2.435973,2.846482,14.000000
16.856413,2.303043,-1.488446,18.000000
18.189407,2.485166,3.568510,33.000000
18.530622,2.528500,-0.980148,21.000000
17.939939,2.444712,4.180041,29.000000
18.665071,2.540200,-0.328803,18.000000
17.737453,2.410813,4.796435,38.000000
18.883080,2.539667,0.332573,23.000000
15.491726,2.080797,-3.608665,13.000000
19.084642,2.560004,1.009142,9.000000
15.551410,2.083288,-3.049891,35.000000
18.385345,2.459659,1.622840,14.000000
15.601172,2.084419,-2.492940,25.000000
18.448298,2.464813,2.285294,17.000000
15.686142,2.092977,-1.943085,23.000000
18.407812,2.452856,2.941281,31.000000
16.846573,2.241835,-1.486877,18.000000
18.196445,2.418227,3.568128,40.000000
18.537788,2.460298,-0.980043,25.000000
17.950710,2.379202,4.180491,34.000000
18.653999,2.472417,-0.328454,22.000000
17.895144,2.368651,4.836811,13.000000
19.072697,2.494039,0.335749,15.000000
15.489588,2.022745,-3.606416,16.000000
19.093899,2.490024,1.009142,9.000000
15.552747,2.028225,-3.048746,35.000000
18.399746,2.396243,1.623363,14.000000
15.651449,2.035548,-2.499823,28.000000
18.449335,2.396144,2.284319,20.000000
15.683864,2.034197,-1.941866,23.000000
18.401007,2.383345,2.938778,23.000000
16.771690,2.169328,-1.479556,21.000000
18.241770,2.359475,3.575379,20.000000
18.538338,2.394554,-0.979625,25.000000
18.214027,2.349432,4.239878,4.000000
18.656990,2.403250,-0.328350,22.000000
18.853161,2.398422,0.331735,31.000000
15.479154,1.966457,-3.602366,16.000000
19.104454,2.423623,1.009247,9.000000
15.548390,1.969730,-3.046457,34.000000
19.036974,2.408311,1.678794,15.000000
15.607849,1.971735,-2.491688,30.000000
18.624989,2.352890,2.305037,17.000000
15.686930,1.978937,-1.941379,27.000000
18.550327,2.336871,2.961305,12.000000
16.555779,2.082681,-1.459859,33.000000
18.525190,2.323852,-0.978473,17.000000
18.649387,2.336135,-0.328070,22.000000
18.818163,2.323917,0.330967,15.000000
15.466917,1.907321,-3.597867,16.000000
18.987915,2.341516,1.002652,19.000000
15.549324,1.914735,-3.045312,34.000000
19.108543,2.349621,1.684372,15.000000
15.598952,1.915312,-2.489186,30.000000
53.528172,6.562981,6.621650,12.000000
15.677979,1.922245,-1.939429,31.000000
16.823999,2.056788,-1.482868,21.000000
18.511383,2.256519,-0.977322,12.000000
18.649490,2.270051,-0.327931,22.000000
18.799953,2.258404,0.330514,15.000000
15.459613,1.854391,-3.594718,16.000000
18.902374,2.267353,0.997733,28.000000
15.536096,1.860822,-3.041496,29.000000
15.554220,1.857479,-2.481051,30.000000
53.559494,6.386599,6.622868,24.000000
15.662584,1.867655,-1.936748,34.000000
53.849655,6.411668,8.589191,14.000000
16.830729,2.000982,-1.482868,21.000000
18.532646,2.196770,-0.978054,21.000000
18.637056,2.205839,-0.327582,18.000000
18.866926,2.203001,0.331561,7.000000
15.467613,1.803344,-3.595168,16.000000
19.503345,2.270423,1.029030,9.000000
15.526579,1.807480,-3.038443,34.000000
15.591690,1.809536,-2.486057,30.000000
53.572491,6.208051,6.621893,24.000000
15.661121,1.812054,-1.935773,34.000000
58.326191,6.738257,9.299404,16.000000
16.954386,1.955701,-1.493152,21.000000
18.756100,2.160204,-0.989464,8.000000
18.781721,2.156513,-0.329990,4.000000
19.307665,2.186181,0.339170,7.000000
15.458323,1.747593,-3.591569,15.000000
19.554817,2.207253,1.031332,19.000000
15.515544,1.748569,-3.035008,19.000000
15.609995,1.753704,-2.487934,25.000000
53.591862,6.020775,6.621650,37.000000
15.659460,1.756486,-1.934798,34.000000
58.349358,6.534632,9.299404,16.000000
17.113573,1.913551,-1.506574,31.000000
19.192646,2.139239,-1.012073,9.000000
19.236305,2.140707,-0.337844,9.000000
15.443316,1.688597,-3.586620,23.000000
15.515697,1.693771,-3.033863,19.000000
15.574782,1.694720,-2.481364,20.000000
53.605682,5.823439,6.620675,37.000000
15.669740,1.699511,-1.935285,34.000000
17.104301,1.852081,-1.505180,21.000000
19.616999,2.117233,-1.034054,14.000000
19.635334,2.115745,-0.344720,4.000000
15.433327,1.635728,-3.583020,23.000000
15.519562,1.639390,-3.033482,29.000000
15.546920,1.639537,-2.476045,12.000000
53.612846,5.644408,6.619212,37.000000
15.653573,1.645260,-1.932604,34.000000
58.393555,6.127118,9.299404,16.000000
17.158220,1.797350,-1.509363,9.000000
21.534855,2.252010,-1.134748,6.000000
21.462463,2.236866,-0.376658,5.000000
15.421494,1.580062,-3.578972,26.000000
15.511243,1.586514,-3.030810,24.000000
15.548618,1.584853,-2.475419,17.000000
53.634201,5.457416,6.619456,24.000000
15.633546,1.588004,-1.929436,34.000000
17.195803,1.743653,-1.512152,9.000000
15.434674,1.526984,-3.580771,23.000000
15.495194,1.530241,-3.026612,24.000000
15.557987,1.530959,-2.476045,15.000000
53.643047,5.269206,6.618237,37.000000
15.633068,1.532838,-1.928705,31.000000
17.411972,1.704193,-1.530629,26.000000
15.439910,1.473101,-3.580771,23.000000
15.496533,1.475767,-3.025849,24.000000
15.547503,1.475153,-2.473542,15.000000
53.665066,5.082284,6.618724,37.000000
15.622513,1.476760,-1.926754,34.000000
17.626091,1.663059,-1.548932,20.000000
19.055733,1.791229,-1.003071,4.000000
19.330467,1.810247,-0.338891,4.000000
15.439136,1.418658,-3.579421,26.000000
15.501589,1.421676,-3.025849,29.000000
15.542724,1.419970,-2.471978,12.000000
53.670616,4.893883,6.617262,37.000000
15.637458,1.423121,-1.927973,34.000000
17.919500,1.627650,-1.574207,10.000000
18.890802,1.709227,-0.994069,4.000000
18.910461,1.704351,-0.331421,4.000000
15.424582,1.363044,-3.574923,28.000000
15.494723,1.366517,-3.023560,29.000000
53.922768,4.746070,4.735868,63.000000
15.533811,1.364501,-2.469788,17.000000
53.673531,4.705280,6.615556,37.000000
15.626510,1.367139,-1.926023,27.000000
17.915148,1.564227,-1.573335,6.000000
18.472837,1.606415,-0.971774,4.000000
18.503901,1.602618,-0.324196,4.000000
15.425363,1.308860,-3.574023,28.000000
15.477880,1.310596,-3.019362,19.000000
15.534542,1.309933,-2.469162,15.000000
53.697540,4.518547,6.616531,49.000000
15.613383,1.311100,-1.923830,34.000000
17.944324,1.503674,-1.575427,6.000000
18.977909,1.583623,-0.998047,27.000000
68.755463,5.604417,1.204111,63.000000
15.424010,1.254530,-3.572673,26.000000
15.484318,1.256722,-3.019743,34.000000
15.546896,1.256332,-2.470413,15.000000
53.718922,4.331570,6.617262,37.000000
15.619843,1.256746,-1.924073,34.000000
53.981270,4.333735,8.577303,14.000000
17.977268,1.443254,-1.577868,6.000000
18.987303,1.517681,-0.998256,27.000000
68.746689,5.362219,1.203623,63.000000
15.430238,1.200844,-3.573123,28.000000
15.478824,1.201900,-3.017835,29.000000
15.535431,1.200848,-2.467911,17.000000
53.749550,4.145236,6.619212,37.000000
15.610280,1.201145,-1.922367,31.000000
17.668322,1.356409,-1.550326,3.000000
22.593279,1.718627,-0.395506,6.000000
15.420733,1.145960,-3.569973,28.000000
15.473134,1.147139,-3.015927,24.000000
15.519827,1.145154,-2.464782,20.000000
53.747852,3.956436,6.617262,37.000000
15.606459,1.146069,-1.921392,34.000000
54.301090,3.987633,8.623608,14.000000
17.613338,1.290355,-1.545097,3.000000
54.001225,3.842453,0.944978,63.000000
15.408897,1.093709,-3.566374,28.000000
54.008484,3.824024,2.837551,55.000000
15.475086,1.092986,-3.015546,24.000000
53.997387,3.804270,4.735868,63.000000
15.519600,1.093400,-2.464156,17.000000
53.742855,3.776938,6.615068,37.000000
15.604234,1.093897,-1.920661,34.000000
54.050625,3.779583,8.581683,14.000000
17.623699,1.229285,-1.545620,3.000000
53.834751,3.641770,0.941837,63.000000
15.410676,1.039787,-3.565924,34.000000
53.874046,3.625538,2.829805,55.000000
15.462955,1.040604,-3.012493,19.000000
53.954041,3.621463,4.730988,63.000000
15.515436,1.038695,-2.462904,17.000000
53.783440,3.591154,6.618481,24.000000
15.598052,1.038758,-1.919442,38.000000
53.868359,3.577939,8.550709,14.000000
17.556108,1.166077,-1.539345,3.000000
23.895042,1.578733,-1.255016,8.000000
53.777790,3.534218,-0.940720,45.000000
53.843140,3.453584,0.941767,63.000000
15.388930,0.984374,-3.560076,28.000000
53.878403,3.436937,2.829387,55.000000
15.456698,0.985993,-3.010585,19.000000
53.938515,3.431346,4.728548,63.000000
15.515026,0.984283,-2.462279,17.000000
53.791683,3.403128,6.617993,24.000000
15.585734,0.983307,-1.917493,34.000000
53.870659,3.389272,8.549145,14.000000
17.530245,1.102915,-1.536730,3.000000
23.952232,1.498561,-1.257738,8.000000
53.809750,3.347703,-0.941069,45.000000
53.986603,3.273589,0.944070,63.000000
15.400053,0.931124,-3.561875,31.000000
54.013676,3.256309,2.835876,55.000000
15.438489,0.930736,-3.006387,19.000000
54.033691,3.248051,4.735868,63.000000
15.506535,0.929414,-2.460402,17.000000
53.801258,3.215233,6.617750,49.000000
15.593035,0.929129,-1.917980,34.000000
54.057663,3.211620,8.576990,14.000000
16.414248,0.975187,-1.438593,3.000000
23.909468,1.412111,-1.255226,8.000000
23.791403,1.396805,-0.415996,14.000000
15.391536,0.876693,-3.559176,28.000000
15.447524,0.877177,-3.007532,24.000000
15.499824,0.874720,-2.458837,20.000000
53.820076,3.027869,6.618724,37.000000
15.590237,0.874363,-1.917249,31.000000
54.346638,3.038464,8.621104,14.000000
17.503700,0.978614,-1.533767,9.000000
18.450188,1.025071,-0.968425,4.000000
23.776167,1.312640,-0.415647,29.000000
26.306181,1.410876,0.459836,12.000000
15.375044,0.821917,-3.554677,39.000000
15.444609,0.822940,-3.006387,19.000000
15.490946,0.819979,-2.456960,22.000000
53.832302,2.840099,6.618968,49.000000
15.587248,0.819621,-1.916517,31.000000
54.388470,2.850379,8.626110,14.000000
17.512978,0.917816,-1.534290,6.000000
23.450022,1.220756,-1.230628,7.000000
23.826536,1.232029,-0.416449,29.000000
26.274996,1.317245,0.459208,12.000000
15.377819,0.768246,-3.554677,34.000000
15.431702,0.768238,-3.003334,19.000000
15.487797,0.765612,-2.456021,22.000000
53.841888,2.652158,6.618968,37.000000
15.572169,0.764326,-1.914324,34.000000
54.137653,2.647785,8.584811,14.000000
17.530005,0.857364,-1.535510,9.000000
23.304522,1.131621,-1.222777,7.000000
23.818707,1.148268,-0.416240,29.000000
13.695355,0.641070,-3.673678,5.000000
26.165575,1.220216,0.457218,12.000000
15.372620,0.714197,-3.552877,34.000000
26.146090,1.210149,1.371726,14.000000
15.410755,0.713273,-2.998754,19.000000
15.486428,0.711359,-2.455396,20.000000
53.874611,2.465273,6.621893,37.000000
15.570776,0.709795,-1.913836,34.000000
54.403103,2.470428,8.625484,14.000000
17.443329,0.792096,-1.527666,19.000000
23.172653,1.044169,-1.215660,7.000000
23.848541,1.066272,-0.416694,29.000000
13.639609,0.590749,-3.658149,5.000000
26.219622,1.131021,0.458091,12.000000
15.375018,0.660543,-3.552877,34.000000
15.424920,0.659982,-3.001044,19.000000
15.480922,0.656972,-2.454144,20.000000
53.892811,2.277631,6.623112,37.000000
15.573159,0.655434,-1.913836,38.000000
54.383766,2.279338,8.621104,14.000000
17.549498,0.735536,-1.536730,3.000000
23.060417,0.958458,-1.209589,7.000000
23.892075,0.984671,-0.417392,29.000000
26.187443,1.038071,0.457462,12.000000
15.367495,0.606482,-3.550628,34.000000
15.425168,0.606054,-3.000662,19.000000
27.073801,1.059009,2.370462,21.000000
15.469304,0.602388,-2.451954,22.000000
53.900433,2.089482,6.623112,37.000000
15.573368,0.600996,-1.913593,34.000000
17.557932,0.674514,-1.537253,3.000000
22.899965,0.871732,-1.201006,7.000000
23.947323,0.903219,-0.418299,29.000000
15.454284,0.561289,-4.143693,6.000000
26.182913,0.946357,0.457323,12.000000
15.351991,0.552201,-3.546579,31.000000
15.425227,0.552147,-3.000281,19.000000
27.063396,0.963994,2.369242,21.000000
15.463416,0.548102,-2.450703,22.000000
53.897472,1.901008,6.621893,37.000000
15.561484,0.546140,-1.911886,27.000000
17.741377,0.619544,-1.553115,3.000000
22.876921,0.790887,-1.199645,14.000000
24.008287,0.821610,-0.419312,29.000000
15.402086,0.505561,-4.129199,6.000000
27.269316,0.890316,0.476241,12.000000
15.359667,0.498802,-3.547928,44.000000
15.415287,0.497915,-2.997991,19.000000
27.120361,0.871239,2.373948,21.000000
15.457337,0.493872,-2.449451,22.000000
53.927589,1.713602,6.624818,49.000000
15.549407,0.491374,-1.910180,31.000000
16.351437,0.513870,-1.431272,2.000000
22.869558,0.710711,-1.199121,7.000000
24.054981,0.739157,-0.420079,29.000000
15.359367,0.445123,-3.547478,34.000000
15.413007,0.443985,-2.997228,24.000000
15.464890,0.440078,-2.450390,22.000000
53.953083,1.525896,6.627255,37.000000
15.549044,0.437048,-1.909937,34.000000
17.822941,0.497841,-1.559913,3.000000
18.535503,0.511270,-0.971774,4.000000
24.153364,0.657792,-0.421755,7.000000
15.358880,0.391460,-3.547029,36.000000
15.402688,0.389886,-2.994938,19.000000
15.476207,0.386342,-2.451954,15.000000
53.966026,1.337763,6.628231,49.000000
15.540551,0.382521,-1.908718,31.000000
54.545601,1.333054,8.641754,14.000000
18.203012,0.444868,-1.593033,3.000000
18.545162,0.446762,-0.972193,25.000000
18.557943,0.440589,-0.324021,30.000000
15.350411,0.337634,-3.544779,34.000000
15.421618,0.336500,-2.998373,19.000000
15.449812,0.331720,-2.447574,22.000000
53.978306,1.149533,6.629206,37.000000
15.557670,0.328610,-1.910668,31.000000
54.549919,1.142658,8.641754,14.000000
18.240309,0.382080,-1.596170,3.000000
18.500683,0.381082,-0.969785,21.000000
18.543375,0.375478,-0.323742,35.000000
15.341755,0.283865,-3.542530,31.000000
15.418775,0.282598,-2.997610,19.000000
15.452850,0.277827,-2.447887,20.000000
53.985954,0.961189,6.629693,49.000000
15.532919,0.273843,-1.907499,34.000000
54.624676,0.953488,8.653017,14.000000
18.255476,0.318654,-1.597390,7.000000
18.497904,0.316427,-0.969576,17.000000
18.538572,0.310650,-0.323637,30.000000
15.336806,0.230226,-3.541180,34.000000
15.403963,0.228537,-2.994557,19.000000
15.447803,0.223802,-2.446948,22.000000
54.000893,0.772893,6.631155,49.000000
15.521872,0.219449,-1.906037,31.000000
54.580269,0.762156,8.645508,14.000000
18.246517,0.254794,-1.596519,10.000000
18.490908,0.251742,-0.969157,21.000000
18.515551,0.245614,-0.323219,30.000000
15.351156,0.176842,-3.544329,31.000000
15.404666,0.174769,-2.994557,19.000000
15.460340,0.170004,-2.448825,17.000000
54.023113,0.584616,6.633593,49.000000
15.514603,0.165185,-1.905062,31.000000
54.416672,0.569879,8.619227,14.000000
15.816713,0.165641,-1.383859,8.000000
18.469706,0.186977,-0.968006,25.000000
18.520294,0.181024,-0.323288,30.000000
15.355578,0.123290,-3.545229,28.000000
15.387514,0.120860,-2.991122,19.000000
15.450962,0.115965,-2.447261,20.000000
54.048641,0.396223,6.636518,49.000000
15.521039,0.111066,-1.905793,31.000000
54.445984,0.380104,8.623608,14.000000
15.548229,0.108547,-1.360327,8.000000
18.500204,0.122698,-0.969576,25.000000
18.518814,0.116366,-0.323253,30.000000
15.326802,-0.034775,-3.538480,28.000000
15.391869,-0.037610,-2.991885,14.000000
15.447386,-0.043137,-2.446635,15.000000
54.087574,-0.160482,6.641149,37.000000
15.457838,-0.048562,-1.897993,30.000000
54.166512,-0.179624,8.579180,14.000000
18.435478,-0.061135,-1.612904,3.000000
18.474522,-0.067713,-0.968215,25.000000
18.517031,-0.074333,-0.323219,30.000000
15.336331,-0.088332,-3.540730,34.000000
15.383791,-0.091290,-2.990359,14.000000
15.435290,-0.096984,-2.444758,17.000000
54.102562,-0.349384,6.643098,37.000000
15.463530,-0.102560,-1.898725,26.000000
54.171478,-0.368739,8.580119,14.000000
18.465040,-0.125689,-1.615519,3.000000
18.508125,-0.132444,-0.969995,4.000000
15.341775,-0.141919,-3.542079,28.000000
15.389267,-0.145045,-2.991503,19.000000
15.438808,-0.150901,-2.445384,20.000000
54.110943,-0.538334,6.644317,50.000000
15.494837,-0.156858,-1.902624,23.000000
54.318005,-0.559356,8.603583,14.000000
18.482420,-0.190328,-1.617088,3.000000
15.969178,-0.170022,-0.836957,3.000000
15.331444,-0.195347,-3.539830,28.000000
15.392594,-0.198813,-2.992267,19.000000
15.426336,-0.204635,-2.443507,20.000000
54.124615,-0.727426,6.646267,37.000000
15.518014,-0.211269,-1.905549,15.000000
54.635704,-0.753370,8.654268,14.000000
18.435820,-0.254211,-1.613078,3.000000
15.840675,-0.223957,-0.830258,2.000000
61.158272,-0.886015,-1.067634,63.000000
15.322874,-0.248736,-3.538030,28.000000
15.389843,-0.252510,-2.991885,19.000000
15.433428,-0.258614,-2.444758,20.000000
54.131664,-0.916520,6.647486,37.000000
15.461608,-0.264485,-1.898725,18.000000
54.759144,-0.946264,8.674292,14.000000
18.480640,-0.319354,-1.617088,3.000000
15.797862,-0.278511,-0.828060,2.000000
15.318015,-0.302144,-3.537131,28.000000
15.396720,-0.306385,-2.993412,19.000000
15.440331,-0.312645,-2.446010,20.000000
54.153938,-1.105996,6.650654,37.000000
15.458606,-0.318413,-1.898481,15.000000
54.451366,-1.131086,8.626110,14.000000
18.324039,-0.380634,-1.603491,24.000000
15.834733,-0.334455,-0.830048,2.000000
15.326610,-0.355839,-3.539380,28.000000
15.385742,-0.359898,-2.991503,19.000000
15.447045,-0.366727,-2.447261,20.000000
54.169594,-1.295497,6.653092,37.000000
15.467322,-0.372611,-1.899699,11.000000
18.278778,-0.443532,-1.599656,10.000000
25.213751,-0.620614,-1.321797,9.000000
15.335085,-0.406920,-3.541630,28.000000
15.394205,-0.413866,-2.993412,24.000000
15.433896,-0.417629,-2.445384,22.000000
54.200718,-1.476095,6.657479,50.000000
15.473940,-0.424118,-1.900674,11.000000
18.358774,-0.509600,-1.606803,14.000000
18.423523,-0.514616,-0.965913,4.000000
28.462282,-0.804967,-0.497010,10.000000
15.327727,-0.460271,-3.540280,31.000000
15.394711,-0.464972,-2.993793,19.000000
15.412600,-0.470898,-2.442255,22.000000
54.203167,-1.665526,6.658454,50.000000
15.464427,-0.477884,-1.899699,15.000000
18.673521,-0.583577,-1.634519,10.000000
18.932657,-0.594983,-0.992709,4.000000
55.225712,-1.754835,-0.964455,49.000000
15.316289,-0.513446,-3.538030,28.000000
15.394865,-0.521460,-2.994175,19.000000
15.422615,-0.527790,-2.444132,20.000000
54.216866,-1.855399,6.660892,50.000000
15.466634,-0.531999,-1.900187,15.000000
18.440392,-0.640730,-1.614299,21.000000
19.624969,-0.688748,-1.029134,4.000000
15.318198,-0.569724,-3.538930,28.000000
15.394914,-0.575268,-2.994557,24.000000
15.450288,-0.582738,-2.448825,17.000000
54.225571,-2.054702,6.662841,50.000000
15.448711,-0.588079,-1.898237,18.000000
18.274788,-0.698852,-1.600005,31.000000
25.258511,-0.974749,-1.324728,9.000000
15.314170,-0.623112,-3.538480,28.000000
15.384965,-0.628682,-2.993030,24.000000
15.446187,-0.636585,-2.448513,10.000000
54.253769,-2.245450,6.667229,37.000000
15.432679,-0.641424,-1.896531,22.000000
18.704208,-0.780668,-1.637831,7.000000
25.278898,-1.063919,-1.325984,9.000000
55.195908,-2.342346,-0.964315,49.000000
15.329423,-0.677339,-3.542530,28.000000
15.386599,-0.682556,-2.993793,24.000000
15.447818,-0.690675,-2.449138,17.000000
54.265430,-2.435708,6.669666,37.000000
15.428364,-0.695201,-1.896287,30.000000
18.653603,-0.843793,-1.633647,25.000000
25.011667,-1.140147,-1.312167,9.000000
55.141453,-2.532891,-0.963512,49.000000
15.325019,-0.730752,-3.542079,26.000000
15.393928,-0.736731,-2.995701,29.000000
15.425581,-0.743642,-2.446010,20.000000
54.278408,-2.626170,6.672347,37.000000
15.445671,-0.750015,-1.898725,33.000000
18.738102,-0.913168,-1.641317,7.000000
24.764162,-1.215502,-1.299397,9.000000
15.312645,-0.783744,-3.539830,26.000000
15.399105,-0.790864,-2.997228,24.000000
15.428810,-0.797789,-2.446948,20.000000
54.286751,-2.816546,6.674541,50.000000
15.435028,-0.803513,-1.897750,37.000000
18.794489,-0.981688,-1.646546,10.000000
15.309961,-0.834518,-3.539830,18.000000
15.400171,-0.844827,-2.997991,24.000000
15.449748,-0.850251,-2.450703,22.000000
54.304859,-2.998084,6.677953,37.000000
15.410477,-0.853485,-1.895069,37.000000
18.818798,-1.048839,-1.648987,7.000000
20.527727,-1.147678,-1.077493,5.000000
15.316681,-0.888519,-3.542079,13.000000
15.387485,-0.895321,-2.996083,29.000000
15.448659,-0.904291,-2.451015,20.000000
54.317852,-3.189022,6.680878,37.000000
15.433166,-0.908790,-1.898237,37.000000
54.620785,-3.225939,8.666158,14.000000
18.844858,-1.116290,-1.651601,10.000000
60.277264,-3.602245,-1.054021,63.000000
15.329048,-0.942936,-3.545679,15.000000
15.391939,-0.952198,-2.997610,29.000000
15.445240,-0.960907,-2.451015,20.000000
54.347992,-3.381195,6.685997,50.000000
15.465561,-0.964881,-1.902624,31.000000
54.802399,-3.428669,8.696818,14.000000
18.886581,-1.184934,-1.655610,10.000000
55.953320,-3.637953,0.978731,63.000000
15.317710,-0.998606,-3.543879,10.000000
15.412031,-1.007456,-3.002189,29.000000
15.465445,-1.016370,-2.454770,20.000000
54.349102,-3.581282,6.687703,37.000000
15.485690,-1.023129,-1.905549,27.000000
54.923500,-3.638386,8.718094,14.000000
18.723288,-1.240317,-1.641665,29.000000
21.301517,-1.418580,-1.118838,12.000000
15.428837,-1.059949,-3.570423,18.000000
15.565108,-1.072040,-3.032718,39.000000
15.645076,-1.083035,-2.483867,27.000000
54.367954,-3.773172,6.691602,37.000000
15.636489,-1.087925,-1.924561,34.000000
54.666107,-3.813039,8.679298,14.000000
18.494249,-1.290000,-1.621968,21.000000
55.308460,-3.896646,-0.967806,49.000000
15.568874,-1.124185,-3.603716,11.000000
15.621974,-1.130760,-3.044549,19.000000
15.546630,-1.130762,-2.468849,30.000000
54.388103,-3.965383,6.695746,37.000000
15.624676,-1.141921,-1.923586,34.000000
54.632763,-4.002393,8.676169,14.000000
18.749941,-1.373619,-1.644803,3.000000
55.302502,-4.090275,-0.967945,50.000000
15.452150,-1.169990,-3.577622,28.000000
15.627719,-1.186026,-3.046457,19.000000
15.713949,-1.198088,-2.496068,7.000000
54.399666,-4.157175,6.698915,37.000000
15.563196,-1.192058,-1.916517,3.000000
54.858746,-4.211519,8.714339,14.000000
18.735098,-1.438298,-1.643932,3.000000
55.407509,-4.292560,-0.970040,50.000000
15.580289,-1.231668,-3.608215,13.000000
15.692200,-1.243271,-3.059813,20.000000
15.650815,-1.245489,-2.486683,2.000000
54.462753,-4.343703,6.708420,12.000000
15.648202,-1.250778,-1.927486,62.000000
55.970787,-4.483639,8.893300,15.000000
18.762001,-1.502963,-1.646721,3.000000
55.464725,-4.482072,-0.971296,50.000000
15.618622,-1.289573,-3.618113,19.000000
15.666242,-1.296258,-3.055615,5.000000
15.648341,-1.300277,-2.486995,30.000000
55.942818,-4.658321,6.892687,26.000000
15.772326,-1.316123,-1.943329,23.000000
55.986294,-4.681621,8.898307,15.000000
18.657368,-1.560145,-1.638005,14.000000
19.970215,-1.676946,-1.050278,5.000000
23.148312,-1.951955,-0.405489,6.000000
15.577136,-1.340909,-3.609565,27.000000
15.708566,-1.354985,-3.064774,30.000000
15.671258,-1.357278,-2.491375,25.000000
55.945988,-4.855286,6.895124,26.000000
15.767634,-1.371171,-1.943329,38.000000
55.997158,-4.879421,8.902687,15.000000
18.153606,-1.581850,-1.594253,7.000000
19.968218,-1.746993,-1.050487,5.000000
60.380272,-5.303828,-1.058000,63.000000
15.523834,-1.390927,-3.598317,30.000000
15.574684,-1.398224,-3.039587,34.000000
55.962311,-5.053579,6.899268,26.000000
15.614476,-1.412786,-1.925048,46.000000
56.011261,-5.077711,8.907692,15.000000
18.419815,-1.669852,-1.618133,31.000000
60.377323,-5.516017,-1.058279,63.000000
15.598440,-1.452515,-3.616763,8.000000
15.622488,-1.457505,-3.049891,5.000000
15.714504,-1.471623,-2.499823,13.000000
55.985832,-5.252787,6.904387,26.000000
15.504702,-1.457435,-1.912130,46.000000
56.012863,-5.275048,8.910821,15.000000
18.070711,-1.701821,-1.587978,7.000000
60.381588,-5.729007,-1.058698,63.000000
15.426460,-1.490834,-3.578072,21.000000
15.511783,-1.501812,-3.029284,43.000000
15.628661,-1.518635,-2.486995,47.000000
56.022480,-5.453568,6.911211,26.000000
15.693140,-1.530430,-1.936017,27.000000
56.025566,-5.473611,8.915827,15.000000
17.191851,-1.685676,-0.905307,3.000000
60.403019,-5.943856,-1.059431,63.000000
15.411468,-1.543702,-3.575822,7.000000
15.492771,-1.554577,-3.026612,39.000000
15.578060,-1.568628,-2.479800,37.000000
56.026802,-5.651480,6.914136,27.000000
15.586975,-1.575022,-1.923586,34.000000
56.062141,-5.664929,8.924587,15.000000
16.155418,-1.635310,-1.420639,5.000000
17.110353,-1.738006,-0.901330,3.000000
60.428730,-6.148783,-1.060234,63.000000
15.324850,-1.586372,-3.556926,28.000000
15.420857,-1.601751,-3.013637,19.000000
15.494181,-1.612101,-2.467285,12.000000
56.039345,-5.840533,6.918036,27.000000
15.510590,-1.619281,-1.914811,23.000000
56.089176,-5.865519,8.932096,15.000000
16.183300,-1.695222,-1.423602,8.000000
17.120388,-1.796404,-0.902167,3.000000
60.444679,-6.363658,-1.060897,63.000000
15.325033,-1.640479,-3.558276,28.000000
15.399844,-1.651206,-3.010585,29.000000
15.460963,-1.663218,-2.462904,20.000000
56.054138,-6.039939,6.922423,27.000000
15.449581,-1.667449,-1.907987,27.000000
56.093891,-6.064031,8.936164,15.000000
17.086475,-1.850151,-1.503611,3.000000
17.129898,-1.857877,-0.903005,3.000000
60.714333,-6.606409,-1.066028,63.000000
15.326962,-1.694820,-3.560076,28.000000
15.385883,-1.706772,-3.009058,29.000000
15.464580,-1.720967,-2.464469,20.000000
56.060337,-6.238642,6.925835,27.000000
15.491016,-1.726646,-1.913836,23.000000
56.097900,-6.262647,8.940230,15.000000
17.178549,-1.926883,-0.905936,3.000000
13.829519,-1.575675,-3.729583,5.000000
15.338072,-1.752976,-3.564125,28.000000
15.403238,-1.763148,-3.013637,34.000000
15.468291,-1.776064,-2.466033,17.000000
56.088367,-6.449967,6.932173,27.000000
15.504304,-1.785683,-1.916274,27.000000
56.109894,-6.472288,8.945862,15.000000
19.278046,-2.223727,-1.697794,3.000000
21.556408,-2.494161,-1.137260,6.000000
61.424294,-7.128762,-1.079362,63.000000
13.731839,-1.613120,-3.704736,5.000000
15.333795,-1.806733,-3.564575,28.000000
15.410638,-1.818515,-3.016309,24.000000
15.465919,-1.830512,-2.466659,20.000000
56.108879,-6.650853,6.937535,13.000000
15.494034,-1.839324,-1.915786,34.000000
56.141884,-6.674639,8.954623,15.000000
18.257195,-2.170575,-1.608546,7.000000
61.643257,-7.372337,-1.083655,63.000000
13.726124,-1.661044,-3.704736,5.000000
15.325459,-1.860013,-3.564125,28.000000
15.413941,-1.873481,-3.018217,24.000000
15.471201,-1.885921,-2.468536,17.000000
56.116852,-6.850519,6.941435,27.000000
15.491459,-1.893879,-1.916274,38.000000
56.170418,-6.867008,8.962757,15.000000
19.173058,-2.347362,-1.689950,18.000000
21.617765,-2.654328,-1.141447,6.000000
61.681984,-7.584523,-1.084772,63.000000
15.332744,-1.912512,-3.567274,31.000000
15.420944,-1.928980,-3.020888,24.000000
15.476623,-1.938689,-2.470413,17.000000
56.137157,-7.042006,6.946797,27.000000
15.479185,-1.944498,-1.915542,31.000000
56.171585,-7.066244,8.966825,15.000000
19.127190,-2.409543,-1.686638,15.000000
61.516258,-7.782219,-1.082328,63.000000
15.347237,-1.968749,-3.572223,28.000000
15.416409,-1.980358,-3.021270,29.000000
15.475638,-1.993457,-2.471352,22.000000
56.149643,-7.242744,6.951428,27.000000
15.488053,-2.000553,-1.917493,34.000000
56.187721,-7.267596,8.973395,15.000000
17.072029,-2.208180,-1.506051,3.000000
61.369743,-7.981430,-1.080234,63.000000
15.355727,-2.024346,-3.575822,28.000000
15.415242,-2.034930,-3.022415,19.000000
15.497960,-2.051353,-2.476045,20.000000
56.188957,-7.447306,6.959471,27.000000
15.498686,-2.056955,-1.919686,27.000000
56.195297,-7.468108,8.978714,31.000000
18.496111,-2.458052,-1.632427,3.000000
61.210690,-8.178123,-1.077930,63.000000
15.364017,-2.080027,-3.579421,28.000000
15.489755,-2.099803,-3.038443,24.000000
15.496577,-2.106237,-2.476984,22.000000
56.198021,-7.648214,6.963859,27.000000
15.491411,-2.111042,-1.919686,27.000000
56.223072,-7.661619,8.987162,31.000000
19.352072,-2.640582,-1.708775,3.000000
56.054245,-7.668509,-2.965042,60.000000
61.072292,-8.365863,-1.075976,63.000000
15.384057,-2.134714,-3.585720,23.000000
15.433716,-2.147096,-3.028902,34.000000
15.467986,-2.154616,-2.473542,27.000000
56.199875,-7.838371,6.967271,27.000000
15.537408,-2.169815,-1.926267,31.000000
56.244892,-7.864666,8.994983,31.000000
19.476910,-2.726902,-1.720629,3.000000
56.060150,-7.858787,-2.966716,60.000000
60.949638,-8.565913,-1.074335,63.000000
15.339856,-2.183185,-3.577172,28.000000
15.430400,-2.198819,-3.029665,39.000000
15.483837,-2.211948,-2.477296,25.000000
56.211475,-8.040119,6.972146,27.000000
15.545460,-2.226289,-1.928217,31.000000
56.258160,-8.066837,9.001554,15.000000
19.333166,-2.775620,-1.708775,19.000000
33.819492,-4.861413,-1.790623,18.000000
57.633812,-8.305160,-1.016393,58.000000
15.343711,-2.238405,-3.579871,21.000000
15.420294,-2.255075,-3.029284,39.000000
15.493217,-2.271263,-2.480112,25.000000
56.249851,-8.246075,6.980433,13.000000
15.549377,-2.282269,-1.929679,31.000000
56.262886,-8.268048,9.006872,15.000000
19.333216,-2.844538,-1.709647,19.000000
33.499138,-4.940748,-1.774608,37.000000
57.477867,-8.487593,-1.014159,57.000000
15.358532,-2.298088,-3.585270,18.000000
15.431745,-2.311797,-3.033100,34.000000
15.500821,-2.327678,-2.482615,30.000000
56.262432,-8.458678,6.985795,27.000000
15.572317,-2.343972,-1.933579,31.000000
56.281036,-8.481565,9.014693,15.000000
19.405914,-2.924476,-1.716968,3.000000
56.068100,-8.469494,-2.971740,60.000000
57.501732,-8.706585,-1.015137,58.000000
15.360047,-2.353161,-3.587520,26.000000
15.441046,-2.368328,-3.036535,43.000000
15.490650,-2.381471,-2.482302,25.000000
56.275730,-8.661663,6.991157,27.000000
15.579735,-2.400734,-1.935529,31.000000
56.301846,-8.685802,9.022828,15.000000
19.354237,-2.985818,-1.713308,15.000000
56.069778,-8.670040,-2.973415,60.000000
57.672550,-8.938490,-1.018697,58.000000
15.355591,-2.407367,-3.588419,26.000000
15.446260,-2.424344,-3.039206,34.000000
15.501756,-2.438599,-2.485431,27.000000
56.284370,-8.864226,6.996032,13.000000
15.583025,-2.456958,-1.936992,34.000000
56.329720,-8.891520,9.032214,15.000000
19.347633,-3.053980,-1.713656,11.000000
56.054951,-8.868204,-2.974253,60.000000
60.903732,-9.657101,-1.076360,63.000000
15.370183,-2.464656,-3.593818,22.000000
15.447395,-2.479803,-3.041114,34.000000
15.516553,-2.496461,-2.489186,27.000000
56.570576,-9.111778,7.035518,13.000000
15.580234,-2.512286,-1.937723,27.000000
56.569408,-9.131851,9.075703,16.000000
19.338821,-3.121815,-1.713831,11.000000
56.067032,-9.070836,-2.976556,60.000000
60.790695,-9.856833,-1.074964,63.000000
15.422227,-2.519959,-4.187175,6.000000
15.383081,-2.519076,-3.598767,22.000000
15.452650,-2.533238,-3.043785,34.000000
15.535480,-2.552386,-2.493566,27.000000
59.593781,-9.801581,7.415506,15.000000
15.612948,-2.570711,-1.942841,31.000000
59.682674,-9.837599,9.580361,18.000000
17.747808,-2.925402,-1.573684,13.000000
33.426510,-5.521736,-1.775550,18.000000
60.907608,-10.083190,-1.077616,63.000000
15.397259,-2.576617,-3.604166,24.000000
15.480503,-2.593326,-3.051036,35.000000
15.555696,-2.611505,-2.498259,30.000000
59.345818,-9.973680,7.388939,15.000000
15.627373,-2.629147,-1.945766,31.000000
59.067486,-9.948105,9.487125,17.000000
19.317125,-3.253377,-1.713831,11.000000
32.824085,-5.539994,-1.744567,17.000000
15.416983,-2.635273,-3.610914,22.000000
15.481030,-2.649002,-3.052944,35.000000
15.556220,-2.667457,-2.499823,28.000000
59.130650,-10.149879,7.366515,15.000000
15.647445,-2.688723,-1.949422,32.000000
59.010986,-10.150546,9.483685,17.000000
19.252056,-3.315027,-1.709124,3.000000
32.253441,-5.559542,-1.715259,17.000000
63.413162,-10.953355,-1.123272,63.000000
15.409610,-2.689407,-3.611365,19.000000
15.506028,-2.711813,-3.059813,35.000000
15.573580,-2.729230,-2.504203,26.000000
59.135918,-10.363418,7.371634,15.000000
15.653606,-2.746070,-1.951372,28.000000
59.051067,-10.369796,9.495886,17.000000
19.256065,-3.384969,-1.710519,3.000000
31.847319,-5.609810,-1.694743,16.000000
63.429680,-11.184364,-1.124249,63.000000
15.420752,-2.749631,-3.616313,16.000000
15.513863,-2.769027,-3.063248,35.000000
15.589235,-2.788096,-2.508271,26.000000
59.152252,-10.589886,7.378458,15.000000
15.674700,-2.809028,-1.955272,28.000000
59.049606,-10.592785,9.501830,17.000000
19.367682,-3.474328,-1.721500,3.000000
28.762934,-5.170085,-1.531560,50.000000
30.612701,-5.513610,-0.542944,12.000000
30.663029,-5.572417,0.543992,16.000000
15.443654,-2.809372,-3.623962,16.000000
30.725903,-5.594923,1.636755,18.000000
15.523417,-2.826681,-3.067064,35.000000
30.759779,-5.606638,2.735470,27.000000
15.627993,-2.851360,-2.516092,28.000000
59.177414,-10.807714,7.386258,15.000000
15.707760,-2.871579,-1.960634,28.000000
30.800249,-5.636235,4.959286,4.000000
27.927801,-5.110596,-2.483939,10.000000
30.770119,-5.641822,-1.639476,15.000000
30.491991,-5.651357,0.541304,16.000000
15.470158,-2.870017,-3.632510,22.000000
31.217752,-5.791505,1.663970,19.000000
15.544340,-2.886585,-3.073170,35.000000
15.637362,-2.909507,-2.519221,28.000000
59.213486,-11.028028,7.395520,15.000000
15.728864,-2.932213,-1.964534,28.000000
59.079060,-11.013661,9.518413,17.000000
27.568995,-5.144458,-2.453608,9.000000
30.306545,-5.666241,-1.615820,14.000000
30.405426,-5.690220,-0.539943,12.000000
15.483534,-2.925644,-3.637909,16.000000
15.576608,-2.948862,-3.081566,35.000000
15.658684,-2.967231,-2.524227,28.000000
59.244850,-11.237273,7.404050,15.000000
15.761961,-2.992502,-1.969896,28.000000
59.117882,-11.234571,9.530928,18.000000
27.210300,-5.175878,-2.423278,9.000000
29.875568,-5.688262,-1.593839,13.000000
30.027878,-5.728124,-0.533590,23.000000
30.975159,-5.959269,0.550589,17.000000
15.500017,-2.984833,-3.644207,13.000000
15.609154,-3.008674,-3.089961,40.000000
15.692840,-3.030487,-2.531423,21.000000
59.242298,-11.451166,7.408682,15.000000
15.776754,-3.052405,-1.973065,24.000000
59.124847,-11.449876,9.538436,18.000000
26.878065,-5.205096,-2.395214,9.000000
29.465351,-5.716811,-1.573010,13.000000
30.011625,-5.833669,-0.533660,11.000000
30.987524,-6.073895,0.551182,52.000000
15.531574,-3.047174,-3.654105,19.000000
15.637086,-3.070708,-3.097594,35.000000
15.738375,-3.096305,-2.540496,21.000000
59.252605,-11.667862,7.415019,15.000000
15.830274,-3.120125,-1.981108,24.000000
59.175613,-11.674160,9.553142,18.000000
26.578255,-5.243356,-2.370113,9.000000
29.067060,-5.744889,-1.552808,13.000000
31.024967,-6.193769,0.552229,17.000000
15.568618,-3.110917,-3.665353,16.000000
15.687875,-3.137594,-3.109805,41.000000
15.789450,-3.163642,-2.550508,24.000000
59.295208,-11.891407,7.425500,15.000000
15.889354,-3.189428,-1.989883,24.000000
59.198406,-11.893490,9.563466,18.000000
26.278505,-5.279587,-2.345012,17.000000
28.682644,-5.773017,-1.533339,12.000000
15.613042,-3.176509,-3.678400,13.000000
15.719151,-3.200954,-3.118201,41.000000
15.842182,-3.231768,-2.560833,24.000000
59.309738,-12.109829,7.432568,15.000000
15.955918,-3.260772,-1.999632,24.000000
59.202980,-12.109559,9.570974,18.000000
25.992495,-5.316585,-2.321132,17.000000
28.501873,-5.840227,-1.524756,12.000000
15.653382,-3.241659,-3.690547,14.000000
15.775166,-3.269751,-3.131557,36.000000
15.888828,-3.299095,-2.570219,24.000000
59.319584,-12.327691,7.439149,15.000000
16.026066,-3.333426,-2.009869,29.000000
59.229965,-12.330635,9.582237,18.000000
25.733858,-5.357336,-2.299691,25.000000
31.114950,-6.551277,0.555021,18.000000
15.687736,-3.305924,-3.701345,14.000000
32.151558,-6.781256,1.722063,21.000000
15.842418,-3.341409,-3.147204,36.000000
15.966122,-3.373321,-2.584611,28.000000
59.357761,-12.551929,7.449386,15.000000
16.097841,-3.407022,-2.020350,17.000000
59.271595,-12.555324,9.596004,18.000000
25.502544,-5.402127,-2.280691,25.000000
27.587078,-5.853751,-1.477968,23.000000
28.232866,-6.001081,-0.503816,10.000000
31.154463,-6.673251,0.556138,18.000000
15.723738,-3.370877,-3.712593,11.000000
32.106205,-6.888835,1.720911,64.000000
15.895922,-3.410692,-3.160179,36.000000
16.014118,-3.441901,-2.594310,17.000000
59.377628,-12.772825,7.457429,15.000000
16.157654,-3.478652,-2.029368,29.000000
59.273758,-12.772131,9.603513,18.000000
25.282921,-5.447888,-2.262738,24.000000
27.246298,-5.880904,-1.460801,34.000000
27.985022,-6.050576,-0.499767,10.000000
31.173964,-6.791324,0.556906,36.000000
15.791842,-3.443178,-3.731488,11.000000
32.080009,-7.000438,1.720806,85.000000
15.933789,-3.477041,-3.170101,37.000000
32.570908,-7.113517,2.916754,32.000000
16.113935,-3.522245,-2.612456,14.000000
59.402493,-12.995288,7.466204,15.000000
16.397501,-3.590226,-2.061054,13.000000
59.290558,-12.992487,9.613524,18.000000
25.036043,-5.486210,-2.242343,24.000000
27.153425,-5.960133,-1.456928,80.000000
31.161781,-6.902694,0.557116,54.000000
15.846317,-3.513044,-3.747235,11.000000
32.024185,-7.105455,1.719132,63.000000
16.009722,-3.552202,-3.187655,37.000000
16.271235,-3.616185,-2.639988,21.000000
59.428467,-13.218509,7.475222,15.000000
16.603827,-3.696184,-2.088597,32.000000
59.321968,-13.216554,9.626040,18.000000
24.826159,-5.531109,-2.225260,31.000000
26.910233,-6.005287,-1.444996,22.000000
27.598627,-6.169024,-0.493624,20.000000
31.168711,-7.018456,0.557674,55.000000
15.908099,-3.585045,-3.764781,12.000000
31.806301,-7.173693,1.708769,20.000000
16.160011,-3.644780,-3.220093,27.000000
16.497438,-3.726936,-2.678784,3.000000
59.436180,-13.438129,7.482048,15.000000
16.739906,-3.787854,-2.107365,27.000000
59.329414,-13.435761,9.634800,18.000000
24.618212,-5.575049,-2.208352,31.000000
26.630053,-6.040424,-1.431075,22.000000
27.403374,-6.225893,-0.490517,29.000000
31.190807,-7.137919,0.558512,55.000000
15.984765,-3.661000,-3.785926,3.000000
31.981585,-7.330636,1.719550,42.000000
16.365343,-3.751170,-3.263597,16.000000
59.456619,-13.661077,7.490578,15.000000
25.215622,-5.798312,-3.176890,30.000000
59.378407,-13.664928,9.650443,18.000000
24.437445,-5.623862,-2.193884,30.000000
26.371365,-6.078614,-1.418305,21.000000
27.200272,-6.279677,-0.487271,39.000000
31.187126,-7.251734,0.558896,37.000000
16.205347,-3.771102,-3.841264,3.000000
32.165882,-7.491153,1.730855,21.000000
24.952707,-5.811268,-4.980115,9.000000
59.485901,-13.886586,7.500328,15.000000
25.040586,-5.850166,-3.157391,29.000000
59.384205,-13.884707,9.659204,18.000000
24.258579,-5.671934,-2.179591,30.000000
26.128298,-6.118715,-1.406372,21.000000
27.010754,-6.335315,-0.484269,48.000000
31.200546,-7.369747,0.559594,55.000000
23.630995,-5.599196,-3.846411,6.000000
59.502735,-14.109719,7.508615,15.000000
24.884811,-5.905454,-3.140330,29.000000
59.391651,-14.094327,9.667964,18.000000
24.083555,-5.719748,-2.165646,29.000000
25.939676,-6.170135,-1.397370,63.000000
26.942907,-6.413737,-0.483432,77.000000
31.193432,-7.477365,0.559908,18.000000
59.536678,-14.326466,7.518852,15.000000
24.726135,-5.954480,-3.122780,28.000000
59.438110,-14.324698,9.683608,18.000000
23.912369,-5.767343,-2.152050,29.000000
25.895773,-6.250496,-1.396114,52.000000
26.902864,-6.503518,-0.483118,77.000000
31.196289,-7.593300,0.560432,18.000000
59.544159,-14.548334,7.526164,15.000000
24.591431,-6.012936,-3.108400,38.000000
59.451683,-14.536737,9.693620,18.000000
23.757643,-5.813458,-2.139848,29.000000
25.869919,-6.339900,-1.395905,63.000000
26.263552,-6.441226,-0.472018,18.000000
31.225298,-7.710132,0.561409,18.000000
24.995850,-6.190477,-4.078560,7.000000
59.566875,-14.763379,7.535182,16.000000
24.436487,-6.060999,-3.091338,38.000000
59.488770,-14.766064,9.708011,19.000000
23.636658,-5.871376,-2.130784,7.000000
25.844877,-6.424690,-1.395695,73.000000
26.056561,-6.486970,-0.468702,27.000000
59.612469,-15.006804,7.547856,16.000000
24.287062,-6.118516,-3.075251,37.000000
59.514698,-15.004284,9.721151,19.000000
23.484644,-5.920727,-2.118930,28.000000
25.811472,-6.516928,-1.395172,73.000000
26.019039,-6.578997,-0.468457,36.000000
59.617420,-15.229539,7.555169,16.000000
24.154009,-6.174742,-3.061115,37.000000
59.507893,-15.223686,9.728661,19.000000
23.357672,-5.975508,-2.109343,42.000000
25.790503,-6.607483,-1.395277,84.000000
25.951366,-6.658350,-0.467655,27.000000
31.327312,-8.090128,0.564760,19.000000
59.617699,-15.451493,7.561994,16.000000
24.024702,-6.231108,-3.047465,37.000000
59.546165,-15.455136,9.743678,19.000000
23.217106,-6.025972,-2.098536,41.000000
25.775013,-6.699478,-1.395695,73.000000
25.926031,-6.748394,-0.467620,27.000000
31.273733,-8.192842,0.564306,19.000000
59.628677,-15.676664,7.570281,16.000000
23.904898,-6.289173,-3.035034,9.000000
59.577816,-15.685531,9.757757,19.000000
23.105373,-6.083137,-2.090343,40.000000
25.736021,-6.785335,-1.394858,84.000000
31.266207,-8.307610,0.564690,57.000000
24.482004,-6.523309,-4.012857,7.000000
59.634968,-15.901079,7.578080,16.000000
23.775393,-6.343919,-3.021385,45.000000
59.608585,-15.916332,9.771836,19.000000
23.007000,-6.143193,-2.083371,40.000000
25.706390,-6.873582,-1.394544,73.000000
25.862833,-6.925087,-0.467341,27.000000
31.283356,-8.429184,0.565528,19.000000
23.932184,-6.457399,-4.818309,9.000000
24.356106,-6.580904,-3.995962,7.000000
59.678749,-16.136089,7.590755,16.000000
23.666874,-6.403541,-3.010417,45.000000
59.628933,-16.144958,9.784351,19.000000
22.895029,-6.198992,-2.075178,39.000000
25.662962,-6.958046,-1.393497,31.000000
25.865522,-7.022659,-0.467829,36.000000
23.765577,-6.501526,-4.789306,9.000000
24.264402,-6.647094,-3.984699,6.000000
59.710125,-16.368450,7.601966,16.000000
23.539087,-6.457232,-2.997011,36.000000
59.636028,-16.359327,9.794363,19.000000
22.775263,-6.251975,-2.066288,39.000000
25.638517,-7.047584,-1.393497,10.000000
25.871010,-7.116348,-0.468353,54.000000
31.421835,-8.696330,0.569088,19.000000
31.451733,-8.716426,1.710444,21.000000
23.598959,-6.544570,-4.760303,9.000000
24.128021,-6.695827,-3.965927,6.000000
59.732025,-16.587614,7.611716,16.000000
23.446777,-6.515589,-2.987993,54.000000
59.683228,-16.596504,9.811570,19.000000
22.668846,-6.307936,-2.058619,45.000000
25.609234,-7.130958,-1.393183,10.000000
25.882608,-7.216816,-0.469016,63.000000
23.531765,-6.610049,-4.751144,9.000000
24.011322,-6.753800,-3.950597,13.000000
59.748287,-16.816990,7.621222,16.000000
23.339817,-6.573714,-2.977268,53.000000
59.707726,-16.816822,9.824712,19.000000
22.569178,-6.360915,-2.051472,39.000000
25.580343,-7.219223,-1.392974,10.000000
25.954758,-7.329781,-0.470761,100.000000
23.508549,-6.692150,-4.751144,9.000000
23.901402,-6.808493,-3.936204,20.000000
59.739914,-17.028635,7.627316,16.000000
23.230078,-6.626029,-2.966056,53.000000
59.747437,-17.053331,9.840981,19.000000
22.472120,-6.418317,-2.044674,44.000000
25.613873,-7.320476,-1.396114,10.000000
25.977077,-7.434089,-0.471634,74.000000
23.486225,-6.770071,-4.751144,9.000000
23.799677,-6.869424,-3.923377,6.000000
59.748768,-17.256891,7.636090,16.000000
23.117176,-6.681172,-2.954601,53.000000
59.761551,-17.283188,9.853183,19.000000
22.394077,-6.480658,-2.039618,44.000000
25.641878,-7.425395,-1.399045,10.000000
25.998983,-7.538643,-0.472506,100.000000
31.020588,-9.047552,0.564027,19.000000
31.056328,-9.069738,1.695580,61.000000
31.099833,-9.094226,2.834828,30.000000
31.188208,-9.125979,3.990003,5.000000
23.021320,-6.740629,-2.945338,52.000000
31.218166,-9.146578,5.152326,10.000000
22.292931,-6.535807,-2.032472,44.000000
25.639406,-7.526641,-1.400406,10.000000
25.840124,-7.590463,-0.470098,54.000000
59.800739,-17.736496,7.658758,16.000000
22.935562,-6.806887,-2.937539,52.000000
59.807980,-17.749996,9.881027,19.000000
22.208862,-6.595433,-2.026894,50.000000
25.655094,-7.628618,-1.402709,21.000000
25.826887,-7.684608,-0.470342,45.000000
59.789131,-17.948973,7.664851,16.000000
22.834915,-6.859492,-2.927546,51.000000
59.836456,-17.985954,9.896046,20.000000
22.122740,-6.653978,-2.021142,25.000000
24.725035,-7.441391,-1.353199,9.000000
25.819054,-7.780484,-0.470691,36.000000
59.745102,-18.163340,7.667288,16.000000
22.742462,-6.918361,-2.918771,51.000000
59.854572,-18.219448,9.909499,20.000000
22.044107,-6.714327,-2.016087,43.000000
24.683624,-7.522994,-1.352361,9.000000
25.845291,-7.886902,-0.471669,37.000000
22.642290,-6.974330,-2.909021,51.000000
59.879333,-18.455612,9.924204,20.000000
21.991978,-6.782425,-2.013472,42.000000
24.695961,-7.625788,-1.354559,9.000000
25.850082,-7.987107,-0.472262,27.000000
22.550251,-7.036576,-2.900491,51.000000
59.903683,-18.703806,9.939534,20.000000
21.911116,-6.841337,-2.008243,55.000000
24.716848,-7.726844,-1.357176,9.000000
25.856895,-8.093148,-0.472925,9.000000
59.694016,-18.821451,5.475995,63.000000
22.474442,-7.099103,-2.893909,51.000000
59.917137,-18.937799,9.952675,20.000000
21.822506,-6.897363,-2.002316,55.000000
24.718288,-7.822114,-1.358746,9.000000
25.879957,-8.199664,-0.473868,9.000000
59.722862,-19.059994,5.484711,63.000000
22.392799,-7.159376,-2.886597,59.000000
59.952267,-19.179335,9.969570,20.000000
21.754654,-6.959533,-1.998307,54.000000
24.707954,-7.913833,-1.359688,19.000000
25.910206,-8.308881,-0.474950,9.000000
59.845562,-19.329590,5.502142,63.000000
59.942631,-19.384052,7.735292,16.000000
22.297792,-7.214886,-2.877579,50.000000
59.978920,-19.418915,9.985213,20.000000
21.707481,-7.028065,-1.996215,54.000000
24.712477,-8.010501,-1.361468,19.000000
25.974245,-8.429522,-0.476660,28.000000
59.777725,-19.538372,5.502142,63.000000
59.957611,-19.620335,7.746016,16.000000
22.226576,-7.273353,-2.871486,50.000000
21.652523,-7.093870,-1.993426,54.000000
24.750788,-8.118502,-1.365131,10.000000
26.016449,-8.538681,-0.477952,37.000000
59.712605,-19.736492,5.502142,63.000000
59.963837,-19.842752,7.755278,17.000000
22.145800,-7.328310,-2.864173,58.000000
21.587271,-7.151848,-1.989591,60.000000
21.438478,-7.110860,-1.183735,21.000000
26.043030,-8.643174,-0.478964,9.000000
59.779099,-19.978605,5.514344,63.000000
22.555807,-7.542691,-3.766943,6.000000
59.991833,-20.072985,7.767465,17.000000
22.070549,-7.384702,-2.857593,58.000000
21.519983,-7.208839,-1.985582,60.000000
21.393951,-7.174927,-1.182583,35.000000
61.770981,-20.728239,-1.137303,63.000000
59.788021,-20.202242,5.521316,63.000000
22.452076,-7.590874,-3.753802,25.000000
60.020836,-20.304256,7.779896,17.000000
22.000809,-7.442583,-2.851743,57.000000
21.461990,-7.268658,-1.982444,70.000000
21.322754,-7.229799,-1.179967,14.000000
61.817421,-20.972157,-1.139433,63.000000
59.788986,-20.447029,5.528289,63.000000
22.358688,-7.650730,-3.742851,50.000000
21.921364,-7.509635,-2.845162,66.000000
21.406937,-7.337581,-1.979830,70.000000
26.015148,-8.927271,-1.441437,33.000000
61.823441,-21.239248,-1.141038,63.000000
59.811390,-20.688171,5.537004,63.000000
22.260910,-7.704180,-3.730962,56.000000
60.031574,-20.787798,7.800370,17.000000
21.846249,-7.569212,-2.838825,66.000000
21.368015,-7.407693,-1.978610,76.000000
26.091377,-9.055354,-1.447403,56.000000
62.079479,-21.569780,-1.147147,63.000000
59.832844,-20.929720,5.545720,63.000000
22.174219,-7.760956,-3.720951,56.000000
21.767239,-7.627044,-2.832000,66.000000
21.306305,-7.469712,-1.975298,88.000000
26.138760,-9.174155,-1.451800,34.000000
62.528294,-21.970631,-1.156850,63.000000
21.978632,-7.770092,-4.531332,9.000000
59.883392,-21.182301,5.557225,63.000000
22.078093,-7.813926,-3.709375,61.000000
21.701189,-7.689057,-2.826881,65.000000
21.240665,-7.530059,-1.971637,82.000000
26.228922,-9.308762,-1.458603,34.000000
63.080578,-22.412371,-1.168508,63.000000
21.910704,-7.832227,-4.522936,9.000000
59.891632,-21.420725,5.564894,63.000000
21.968847,-7.861660,-3.695608,55.000000
21.644316,-7.754049,-2.822982,73.000000
21.188541,-7.599115,-1.969371,69.000000
60.175285,-21.593279,-3.350548,63.000000
63.131813,-22.679075,-1.170917,63.000000
21.881849,-7.912481,-4.522936,9.000000
59.887665,-21.667208,5.571867,63.000000
21.880447,-7.920612,-3.685596,55.000000
60.142387,-21.771242,7.853505,17.000000
21.576056,-7.814683,-2.817619,73.000000
21.146902,-7.667598,-1.967977,63.000000
60.204624,-21.853210,-3.356619,63.000000
65.257004,-23.700026,-1.211860,63.000000
21.802467,-7.969941,-4.512251,8.000000
59.905224,-21.910343,5.580583,63.000000
21.791449,-7.974538,-3.675272,61.000000
60.133026,-22.017462,7.862767,17.000000
21.495079,-7.874591,-2.810795,73.000000
21.106915,-7.736567,-1.966757,51.000000
62.767330,-23.044142,-1.167112,63.000000
59.921814,-22.153862,5.589298,63.000000
21.718565,-8.029632,-3.667450,66.000000
60.147186,-22.249119,7.874222,17.000000
21.431612,-7.932047,-2.805920,72.000000
21.066702,-7.805352,-1.965536,51.000000
63.160824,-23.439119,-1.175943,63.000000
59.971203,-22.398457,5.600802,63.000000
21.627491,-8.081885,-3.656812,66.000000
60.188164,-22.503433,7.889822,17.000000
21.368469,-7.993594,-2.801289,72.000000
21.018311,-7.866788,-1.963445,51.000000
60.946285,-22.847523,-1.136117,63.000000
59.956028,-22.631582,5.606729,63.000000
21.522951,-8.124262,-3.643672,66.000000
21.321417,-8.056691,-2.798608,72.000000
20.986996,-7.938697,-1.963096,63.000000
21.272263,-8.050850,-1.192004,7.000000
63.057785,-23.890459,-1.177025,63.000000
59.988636,-22.871447,5.616839,63.000000
21.254221,-8.116198,-2.793489,80.000000
20.947525,-8.003271,-1.961876,69.000000
21.107851,-8.072970,-1.184363,7.000000
60.639633,-23.216679,-1.133394,63.000000
60.012547,-23.120821,5.626601,63.000000
21.185015,-8.174617,-2.788127,72.000000
20.910170,-8.072755,-1.961004,74.000000
21.016199,-8.122122,-1.180804,14.000000
60.308311,-23.331526,-1.128717,63.000000
60.039158,-23.372082,5.636711,63.000000
20.870724,-8.141352,-1.959958,74.000000
21.129114,-8.250645,-1.188759,7.000000
60.077503,-23.483658,-1.125924,63.000000
60.035080,-23.612143,5.644032,63.000000
21.675980,-8.538395,-2.860518,8.000000
20.810667,-8.201735,-1.956995,74.000000
21.224667,-8.373459,-1.195772,7.000000
60.181160,-23.766676,-1.129415,63.000000
60.037468,-23.855402,5.652050,63.000000
20.800423,-8.281698,-1.958738,69.000000
21.247259,-8.468200,-1.198703,7.000000
60.265469,-24.031294,-1.132487,63.000000
60.098049,-24.122715,5.665646,63.000000
60.365585,-24.242334,7.987317,18.000000
20.863810,-8.391428,-1.967454,23.000000
60.259018,-24.248407,-3.404140,63.000000
60.207191,-24.251972,-1.132975,63.000000
60.132210,-24.368271,5.676454,63.000000
60.348660,-24.480516,7.996336,18.000000
21.026363,-8.542195,-1.985582,24.000000
60.507046,-24.593971,-3.422981,63.000000
60.425938,-24.585585,-1.138700,63.000000
60.075676,-24.602091,5.679591,63.000000
63.253296,-25.916277,8.393143,19.000000
21.175213,-8.688905,-2.002490,24.000000
59.962025,-24.628904,-3.397232,63.000000
60.613487,-24.908852,-1.143866,63.000000
63.109455,-26.063396,1.191825,63.000000
63.266647,-26.167099,5.989866,63.000000
63.255093,-26.188183,8.406061,20.000000
21.328812,-8.839045,-2.019921,18.000000
60.842377,-25.239067,-3.452080,63.000000
60.433826,-25.081951,-1.142120,63.000000
63.126041,-26.315622,1.193779,63.000000
63.165287,-26.357868,3.587002,63.000000
63.174923,-26.387785,5.989866,63.000000
63.305267,-26.455206,8.424341,20.000000
21.494486,-8.995747,-2.038573,6.000000
60.928688,-25.537018,-1.153150,63.000000
63.137001,-26.579260,1.195734,63.000000
63.227501,-26.643343,3.595794,63.000000
63.270657,-26.674532,6.007297,63.000000
63.298492,-26.712297,8.435797,20.000000
21.756357,-9.190246,-2.066288,6.000000
60.893600,-25.747517,-3.464850,63.000000
63.019566,-26.672367,-1.194478,63.000000
63.124821,-26.833912,1.197270,63.000000
63.240707,-26.909243,3.601866,63.000000
63.360481,-26.973267,6.024728,63.000000
63.345482,-26.993006,8.454564,20.000000
60.825390,-25.969324,-3.466106,63.000000
19.636703,-8.391972,-0.372749,34.000000
63.166744,-27.112459,1.199853,63.000000
63.216125,-27.159792,3.605843,63.000000
63.357456,-27.233614,6.033443,63.000000
63.363926,-27.262598,8.469676,20.000000
19.588930,-8.452542,-0.372399,11.000000
63.178143,-27.378908,1.201877,63.000000
63.289505,-27.453411,3.615473,63.000000
63.349747,-27.492680,6.041811,63.000000
63.379444,-27.531862,8.484545,20.000000
63.110802,-27.493761,-1.201598,63.000000
63.184780,-27.644157,1.203832,63.000000
63.277447,-27.711021,3.620288,63.000000
63.435879,-27.793602,6.059241,63.000000
63.395668,-27.802362,8.499657,20.000000
63.098644,-27.750921,-1.203204,63.000000
63.208622,-27.917868,1.206136,63.000000
63.286278,-27.978571,3.626359,63.000000
63.338474,-28.014862,6.059241,63.000000
63.430740,-28.082150,8.517449,20.000000
63.158566,-28.040792,-1.206206,63.000000
63.253250,-28.201855,1.208858,63.000000
63.279430,-28.240009,3.631593,63.000000
63.433826,-28.348751,8.531099,20.000000
60.851429,-27.245655,-3.494158,63.000000
63.177094,-28.313425,-1.208440,63.000000
63.260185,-28.470076,1.210883,63.000000
63.362564,-28.542753,3.642060,63.000000
63.504639,-28.620087,6.094104,63.000000
63.468380,-28.630402,8.549135,20.000000
60.781437,-27.469418,-3.495623,63.000000
63.194477,-28.586531,-1.210673,63.000000
63.313354,-28.760195,1.213815,63.000000
63.402126,-28.813866,3.649806,63.000000
63.404346,-28.841585,6.094104,63.000000
63.498135,-28.911001,8.566685,20.000000
60.714256,-27.694679,-3.497298,63.000000
63.226681,-28.854048,-1.213117,63.000000
63.319435,-29.016640,1.215770,63.000000
63.447838,-29.088881,3.657970,63.000000
63.442352,-29.113173,6.107002,63.000000
63.513756,-29.172783,8.581797,20.000000
60.558582,-27.866642,-3.493635,63.000000
63.279594,-29.132130,-1.215979,63.000000
63.787701,-29.555153,8.632006,21.000000
60.457314,-28.076180,-3.493425,63.000000
60.108067,-28.182264,-3.479190,63.000000
60.034603,-28.403870,-3.480655,63.000000
59.909855,-28.601206,-3.479190,63.000000
59.564934,-28.692278,-3.464955,63.000000
59.361679,-28.837286,-3.458674,63.000000
59.240616,-29.021675,-3.457209,63.000000
59.307251,-29.311466,-3.467048,63.000000
59.712200,-29.771404,-3.496775,63.000000
59.458035,-29.904274,-3.487983,63.000000
59.577713,-30.225498,-3.501171,63.000000
55.036091,-27.945562,-1.077407,63.000000
50.597099,-25.869560,-4.971712,54.000000
59.752766,-30.577032,-3.517709,63.000000
53.856270,-27.797293,-3.176270,63.000000
54.354843,-28.186909,1.068751,63.000000
49.973366,-25.992321,-4.928134,53.000000
49.670601,-26.055538,-4.907217,52.000000
49.438461,-26.154224,-4.893272,52.000000
52.427265,-27.758808,-3.108965,63.000000
53.670521,-28.573175,3.186527,63.000000
49.185139,-26.240360,-4.877235,51.000000
48.903751,-26.309940,-4.858410,51.000000
53.175056,-28.655766,-1.054370,63.000000
53.083561,-28.738104,5.281115,63.000000
48.682018,-26.410181,-4.845511,50.000000
51.313618,-27.849424,-3.059770,62.000000
48.351814,-26.449913,-4.821804,49.000000
52.584625,-28.920597,1.047528,63.000000
48.091709,-26.526152,-4.805070,49.000000
52.397594,-29.116234,7.360178,15.000000
47.856045,-26.614454,-4.790777,48.000000
57.952930,-32.256184,-3.475945,63.000000
47.594830,-26.698050,-4.774392,48.000000
50.183258,-28.161528,-3.015808,61.000000
51.820747,-29.294891,9.428307,17.000000
47.345264,-26.775755,-4.758703,47.000000
57.654572,-32.632671,-3.471968,63.000000
51.783390,-29.512772,9.440196,17.000000
47.057659,-26.830330,-4.739181,46.000000
51.342457,-29.463631,5.178968,63.000000
46.784069,-26.891171,-4.721052,46.000000
49.023354,-28.189678,-2.963681,60.000000
49.688793,-28.710968,3.007538,60.000000
46.601536,-26.992237,-4.711639,46.000000
46.345303,-27.060307,-4.695254,45.000000
56.925613,-33.251316,-3.455011,63.000000
46.059544,-27.098669,-4.675383,44.000000
56.723141,-33.399147,-3.449777,63.000000
50.323368,-29.761154,1.020512,63.000000
45.878990,-27.208471,-4.666667,44.000000
50.179230,-29.782404,-3.058095,62.000000
50.159542,-29.794397,-1.018348,58.000000
50.013054,-29.813765,1.016323,63.000000
50.037773,-29.852177,3.053594,61.000000
49.996120,-29.839159,5.093904,63.000000
50.019066,-29.876537,7.153731,57.000000
50.062290,-29.926069,9.237769,33.000000
45.575104,-27.243732,-4.645401,43.000000
49.869293,-29.834332,-3.045534,61.000000
49.907681,-29.880964,-1.015346,58.000000
49.942963,-30.008760,1.017022,63.000000
49.950382,-30.036951,3.054641,61.000000
49.919571,-30.054024,7.154462,28.000000
49.889843,-30.059860,9.225255,66.000000
45.339783,-27.318336,-4.631107,43.000000
49.691795,-29.987835,-1.013077,57.000000
45.090885,-27.383360,-4.615419,42.000000
49.499680,-30.108110,-1.011297,57.000000
44.825089,-27.436577,-4.597989,42.000000
44.596783,-27.511286,-4.584392,41.000000
44.422646,-27.618397,-4.576374,41.000000
47.421368,-29.505720,-2.927046,59.000000
44.494804,-27.879084,-4.593805,42.000000
47.216557,-29.607409,-2.920765,59.000000
44.383736,-28.025717,-4.592410,41.000000
47.035255,-29.722963,-2.915951,59.000000
60.777294,-38.570438,1.256469,63.000000
44.631912,-28.400818,-4.628319,43.000000
46.617870,-29.687418,-2.896482,58.000000
60.494022,-38.553787,-1.252140,63.000000
60.497406,-38.689701,1.253467,63.000000
44.663319,-28.640324,-4.641915,43.000000
46.345867,-29.742096,-2.886014,58.000000
60.306919,-38.731216,-1.251058,63.000000
60.358620,-38.898472,1.253397,63.000000
43.214306,-27.924500,-4.501420,38.000000
46.127724,-29.829947,-2.878897,58.000000
60.196537,-38.957790,-1.251582,63.000000
60.427078,-39.241806,1.257655,63.000000
47.552437,-30.939945,6.965808,13.000000
42.989670,-27.992548,-4.488172,38.000000
60.267879,-39.303131,-1.255910,63.000000
42.725113,-28.033142,-4.470741,37.000000
45.644547,-29.971460,-2.861730,58.000000
42.553875,-28.133760,-4.463071,37.000000
46.049347,-30.467840,-2.893760,58.000000
42.282959,-28.167253,-4.444943,36.000000
46.504406,-31.002861,-2.929139,59.000000
42.058655,-28.230291,-4.431695,36.000000
46.628017,-31.320913,-2.943793,59.000000
41.834423,-28.292101,-4.418447,36.000000
46.726814,-31.624538,-2.956982,60.000000
41.942871,-28.579317,-4.440411,36.000000
56.643414,-38.653999,-1.196991,63.000000
56.579319,-38.740665,1.196921,63.000000
42.108955,-28.908228,-4.468649,37.000000
44.595318,-30.638050,-2.835562,57.000000
56.348465,-38.727226,-1.193465,63.000000
56.374813,-38.875862,1.195315,63.000000
42.201145,-29.188778,-4.489218,38.000000
44.296375,-30.649393,-2.823002,57.000000
56.186638,-38.905476,-1.192907,63.000000
56.288033,-39.106640,1.196362,63.000000
42.239586,-29.433870,-4.504209,38.000000
44.143242,-30.771851,-2.820071,57.000000
56.125927,-39.153992,-1.194512,63.000000
56.410030,-39.484051,1.201877,63.000000
46.524040,-32.685513,-2.979800,60.000000
56.314491,-39.578484,-1.201459,63.000000
45.097126,-31.836102,2.893027,57.000000
44.203442,-31.751698,-2.852310,58.000000
44.382767,-32.009857,0.955170,63.000000
44.369350,-32.023731,2.867697,56.000000
44.388058,-32.049019,4.789906,63.000000
44.396149,-32.078445,6.725238,63.000000
44.228256,-32.004158,-2.861102,58.000000
44.241867,-32.037540,-0.953460,95.000000
44.270760,-32.164589,0.955170,63.000000
44.324306,-32.215309,2.871674,56.000000
44.351910,-32.330112,-2.876384,58.000000
44.067524,-32.134590,-0.951994,47.000000
50.705479,-37.492695,-3.304911,63.000000
50.180489,-37.649197,-3.287745,63.000000
20.485014,-15.453389,-4.064168,7.000000
42.764847,-32.448521,0.937020,63.000000
49.916431,-37.998600,-3.287745,63.000000
42.638607,-32.587887,0.936741,63.000000
41.735077,-32.001308,-2.756221,56.000000
42.454876,-32.682854,0.935205,63.000000
41.476109,-32.033257,-2.746486,56.000000
50.776077,-39.371777,1.121526,63.000000
41.294842,-32.100883,-4.576025,41.000000
50.574711,-39.513298,1.120270,63.000000
50.421398,-39.663479,1.119781,63.000000
50.270103,-39.829311,1.119502,63.000000
50.090130,-39.972111,1.118595,63.000000
40.974659,-32.803417,-2.750778,56.000000
39.973679,-32.231655,-2.691115,54.000000
39.932240,-32.428913,-2.695930,55.000000
19.717558,-16.098446,-4.031630,7.000000
40.066158,-32.770424,-2.712677,55.000000
40.127266,-33.054844,-2.724610,55.000000
40.260651,-33.401306,-2.741567,55.000000
40.422764,-33.774704,-2.760617,56.000000
22.511852,-39.628025,-3.987375,28.000000
22.340132,-39.647346,-3.981449,28.000000
22.182159,-39.690304,-3.977962,27.000000
22.017399,-39.720440,-3.973256,27.000000
21.860380,-39.763878,-3.969944,27.000000
21.709045,-39.817204,-3.967678,27.000000
21.549397,-39.838154,-3.962623,27.000000
21.395136,-39.885040,-3.959834,27.000000
21.231455,-39.913746,-3.955302,27.000000
21.091999,-39.987617,-3.955302,27.000000
1.014215,33.195454,0.579699,41.000000
1.071565,33.175594,7.663183,9.000000
1.092606,33.465019,8.971704,17.000000
1.267382,35.407372,8.179671,10.000000
1.213540,33.574909,9.002244,17.000000
1.317388,34.292927,5.435472,12.000000
1.388913,35.508125,8.203965,64.000000
1.309450,33.327705,8.937022,17.000000
1.433867,34.211151,5.423271,30.000000
1.507969,35.534477,8.211164,10.000000
1.420816,33.207123,8.905963,17.000000
1.095909,24.607805,1.290919,13.000000
1.536223,34.093117,4.190356,11.000000
1.553018,34.200012,5.422332,49.000000
1.533068,33.122841,8.884741,17.000000
1.633907,34.016045,1.784761,46.000000
1.655230,34.087543,4.190356,11.000000
1.674312,34.233845,5.428590,42.000000
1.640892,32.961006,8.842812,17.000000
1.009037,19.647110,0.343394,23.000000
1.765785,34.265446,1.798159,23.000000
1.783255,34.140720,4.197668,28.000000
1.790397,34.162693,5.418265,42.000000
1.827033,34.630768,6.740901,19.000000
1.889513,35.578678,8.225561,10.000000
1.069157,19.551807,0.341788,55.000000
1.889782,34.338848,1.802346,23.000000
1.910054,34.164124,5.419516,36.000000
1.010057,17.842712,-0.311944,4.000000
2.087597,36.763802,9.866700,21.000000
1.058252,17.708061,-0.929696,3.000000
1.065859,17.731287,-0.310059,4.000000
2.216953,36.773647,9.871359,21.000000
1.201688,19.479996,0.340671,39.000000
2.150395,34.179527,5.424209,6.000000
2.180566,34.563091,6.731742,19.000000
1.116279,17.644461,-0.926556,3.000000
2.248861,35.448425,8.200366,10.000000
1.125957,17.699522,-0.309571,4.000000
2.344452,36.752186,9.867736,21.000000
1.262901,19.371922,0.338856,86.000000
2.293987,34.720985,4.272496,35.000000
2.270862,34.189552,5.427025,36.000000
2.372317,35.436470,8.199467,10.000000
1.189880,17.727406,-0.310129,4.000000
2.475850,36.790043,9.880159,21.000000
1.330930,19.373379,0.338961,70.000000
2.363724,34.145546,2.994497,34.000000
2.412960,34.681084,4.268596,23.000000
2.390476,34.185360,5.427651,49.000000
1.248386,17.763748,-0.933255,3.000000
1.257112,17.798944,-0.311456,4.000000
1.780741,24.365545,2.999692,3.000000
1.154160,15.068372,1.855583,2.000000
1.157072,15.037552,2.388755,1.000000
2.736921,35.488422,6.918735,20.000000
1.208650,15.087996,1.858508,2.000000
1.202510,14.978498,2.379994,1.000000
1.199146,14.839197,-0.780225,2.000000
2.870257,35.518879,8.226911,32.000000
1.252500,15.137427,0.796030,7.000000
1.254382,15.032472,1.852170,2.000000
1.252664,14.980334,2.380933,3.000000
1.256391,14.930669,-0.785249,2.000000
2.988036,35.509163,8.226911,43.000000
1.138209,13.498034,-0.236445,6.000000
1.301468,15.149885,0.265416,7.000000
1.307318,15.063828,1.856558,2.000000
1.305459,14.981775,2.381871,1.000000
3.078085,35.253540,6.878665,20.000000
1.308156,14.952288,-0.786609,2.000000
3.023619,34.490986,7.993411,10.000000
1.187416,13.517882,-0.236864,13.000000
1.363458,15.040081,2.391883,1.000000
3.187991,35.097889,6.850425,20.000000
1.370293,15.057027,-0.792366,2.000000
3.209835,35.202160,8.160774,10.000000
1.233871,13.505691,-0.236724,13.000000
3.161643,33.634624,5.350685,11.000000
3.209771,34.019356,6.642061,19.000000
1.434877,15.179409,-0.799065,2.000000
3.267846,34.505901,8.001960,20.000000
1.278836,13.503515,-0.236759,13.000000
3.325248,34.035881,6.647404,19.000000
1.563024,15.969673,-0.840934,3.000000
3.378840,34.459965,7.993862,31.000000
1.326744,13.506928,-0.236899,9.000000
3.512766,34.642635,6.768377,19.000000
3.497508,34.432449,7.990262,20.000000
1.375912,13.522109,-0.237248,3.000000
1.924285,18.277763,-0.963191,4.000000
3.717331,35.308960,8.196768,10.000000
1.425041,13.513000,-0.237178,9.000000
3.668960,33.773453,6.603518,18.000000
2.011412,18.485373,-0.974496,4.000000
3.820542,35.111721,8.154026,10.000000
1.471338,13.499990,-0.237039,13.000000
3.776342,33.720127,6.595504,18.000000
2.082725,18.567917,-0.979206,25.000000
3.952606,35.238293,8.186419,10.000000
1.516988,13.502986,-0.237178,9.000000
3.925495,34.031174,6.658853,38.000000
2.130301,18.439880,-0.972821,21.000000
1.563370,13.511786,-0.237423,13.000000
4.061074,34.311821,5.472391,6.000000
4.039029,34.023819,6.659998,19.000000
2.202054,18.521963,-0.977531,8.000000
4.113299,34.597870,8.043800,10.000000
1.607692,13.502555,-0.237353,6.000000
2.276871,18.516939,-0.977740,4.000000
4.289139,34.831779,8.102287,10.000000
1.660657,13.486071,-0.237178,6.000000
2.344767,18.560806,-0.980462,4.000000
4.417350,34.917892,8.125683,10.000000
1.707223,13.476223,-0.237108,3.000000
1.021125,7.883780,-0.695503,1.000000
2.415464,18.598063,-0.982869,4.000000
1.755800,13.482080,-0.237318,3.000000
1.048637,7.880168,-0.695503,1.000000
3.425768,25.674915,-1.357490,9.000000
1.804445,13.487761,-0.237527,3.000000
1.079915,7.904096,-0.697943,1.000000
3.512653,25.643013,-1.356443,29.000000
1.851061,13.495570,-0.237772,6.000000
1.106114,7.890413,-0.697072,2.000000
3.619874,25.789452,-1.364817,30.000000
1.895927,13.473186,-0.237492,6.000000
1.128308,7.859091,-0.694631,1.000000
3.649847,25.359535,-1.342731,9.000000
1.940022,13.462868,-0.237423,6.000000
1.149647,7.813710,-0.690971,1.000000
3.042331,20.652472,-1.094031,5.000000
1.989929,13.475794,-0.237772,9.000000
1.173478,7.796063,-0.689751,1.000000
3.921889,25.993725,-1.377692,10.000000
2.037259,13.470742,-0.237806,3.000000
1.209482,7.849025,-0.694806,4.000000
5.939951,38.458584,-2.039428,25.000000
1.236561,7.842787,-0.694631,1.000000
2.128634,13.470133,-0.714700,2.000000
2.008969,12.458862,-1.104089,2.000000
6.205750,38.400410,-2.038590,50.000000
2.052444,12.451775,-1.104089,2.000000
6.341717,38.390331,-2.039218,100.000000
2.099208,12.464182,-1.105832,4.000000
6.473683,38.356148,-2.038590,100.000000
2.147092,12.482305,-1.108098,2.000000
6.606863,38.329376,-2.038381,100.000000
1.008792,5.756387,-0.717567,4.000000
2.195478,12.502207,-1.110538,2.000000
6.735999,38.319061,-2.039009,100.000000
1.023985,5.725472,-0.714154,1.000000
2.241569,12.508194,-1.111759,2.000000
6.871119,38.303181,-2.039428,100.000000
1.039691,5.698429,-0.711230,1.000000
2.287717,12.514014,-1.112979,6.000000
7.015069,38.297382,-2.040474,100.000000
1.059841,5.690677,-0.710742,1.000000
2.763708,14.824987,-1.319364,10.000000
7.151635,38.288368,-2.041312,75.000000
1.079445,5.691032,-0.711230,1.000000
3.917583,20.614906,-1.835849,4.000000
7.277437,38.258556,-2.040998,75.000000
1.097799,5.679433,-0.710255,1.000000
2.682510,13.864943,-1.235520,2.000000
7.420452,38.281937,-2.043615,100.000000
3.347861,17.001381,-2.127595,14.000000
2.731665,13.859403,-1.235868,4.000000
7.559832,38.285202,-2.045185,76.000000
2.620676,13.067719,-1.636462,3.000000
3.855969,19.209982,-1.714179,38.000000
3.888371,19.146173,0.341020,7.000000
3.893891,19.139103,1.023587,9.000000
2.633317,12.897058,-1.616231,21.000000
2.636474,12.901062,-1.152025,6.000000
4.865453,23.765781,-1.271345,17.000000
3.958199,19.063190,2.390589,2.000000
3.960743,19.042004,3.080508,2.000000
2.686363,12.915187,-1.154116,15.000000
7.979899,38.297787,-2.050209,25.000000
4.891617,23.435286,-0.417880,7.000000
3.913055,18.504755,-2.322342,11.000000
4.066859,19.215523,3.110856,2.000000
4.045641,19.098816,3.794809,8.000000
8.123882,38.318542,-2.052826,100.000000
4.970479,23.404377,-0.417636,51.000000
4.951576,23.136473,0.412994,51.000000
3.743839,17.404192,-2.185849,5.000000
4.448379,20.661837,-1.849096,9.000000
8.264318,38.321190,-2.054500,76.000000
5.028485,23.101460,0.412680,51.000000
4.982759,22.853001,1.225813,60.000000
3.789300,17.321203,-2.177074,5.000000
4.449732,20.323101,-1.820161,13.000000
8.410453,38.348682,-2.057536,25.000000
5.052463,22.809052,1.224347,48.000000
5.001476,22.541611,2.020096,37.000000
3.846723,17.308540,-2.177074,5.000000
4.460032,20.035175,-1.795757,13.000000
5.240360,23.501804,-1.261925,16.000000
8.607540,38.571220,-0.689824,24.000000
5.072690,22.509352,2.018701,55.000000
1.014392,4.497554,-0.730236,1.000000
5.028731,22.277979,2.804214,3.000000
3.939938,17.454473,-2.197061,5.000000
4.473726,19.787073,-1.774839,25.000000
8.688915,38.368465,-2.061723,77.000000
5.199344,22.940598,-0.410585,7.000000
5.149090,22.500175,2.019399,18.000000
1.033710,4.513421,-0.733365,1.000000
3.978201,17.341938,-2.184630,25.000000
4.488045,19.548815,-1.754794,16.000000
8.840731,38.446499,-2.067480,25.000000
8.920173,38.729984,-0.693733,24.000000
1.047669,4.502089,-0.732113,1.000000
3.999514,17.159750,-2.163425,34.000000
4.080585,17.493771,-1.571592,27.000000
8.981706,38.444572,-2.069050,26.000000
4.616050,19.588392,0.351282,7.000000
3.220578,13.624014,-2.217302,13.000000
4.039270,17.060690,-2.152700,14.000000
5.207969,21.979864,3.577657,18.000000
4.210409,17.755920,-1.596519,28.000000
5.163514,21.775305,4.350064,58.000000
4.178159,17.606194,-0.948328,12.000000
3.132506,13.037825,-2.123755,27.000000
4.674567,19.456047,2.456886,39.000000
4.083472,16.982798,-2.144657,14.000000
4.253242,17.661697,-1.589372,42.000000
5.238685,21.737148,4.346248,19.000000
4.228140,17.530575,-0.945083,24.000000
5.191036,21.506433,5.107739,33.000000
4.242930,17.578434,-0.315644,4.000000
3.099347,12.704402,-2.071193,50.000000
4.108943,16.817301,-2.125645,4.000000
4.277479,17.493849,-1.575601,40.000000
4.278852,17.473028,-0.942780,32.000000
5.264216,21.480612,5.105939,16.000000
5.055829,20.630287,-0.370759,28.000000
5.214027,21.259768,5.865357,9.000000
3.990381,16.100302,-2.036680,4.000000
4.338522,17.478811,-1.575601,33.000000
4.310768,17.354074,-0.937128,34.000000
5.087748,20.451447,-0.367862,28.000000
5.291469,21.254560,5.868981,63.000000
4.977352,19.859674,1.072992,10.000000
4.190082,16.681416,-2.724150,3.000000
4.037845,16.051622,-2.032293,4.000000
4.403753,17.493309,-1.578216,6.000000
4.373276,17.346668,-0.937546,38.000000
5.147708,20.403442,-0.367303,28.000000
1.006858,3.952939,-0.646074,1.000000
4.088105,16.026606,-2.030831,4.000000
4.662037,18.249990,-1.647941,10.000000
4.476283,17.510094,-0.947176,28.000000
5.197072,20.300110,-0.365768,22.000000
1.022626,3.957051,-0.647326,1.000000
4.171872,16.119858,-2.044480,4.000000
4.719719,18.210461,-1.645849,14.000000
5.365830,20.673689,-1.119362,36.000000
5.154294,19.844427,-0.357879,10.000000
5.138816,19.643877,0.354423,8.000000
1.034114,3.941812,-0.645449,2.000000
4.418576,16.818672,-2.135151,33.000000
4.741312,18.021555,-1.630335,21.000000
5.335215,20.250233,-1.097485,11.000000
5.211184,19.765461,-0.356797,31.000000
5.332407,20.082966,0.362696,25.000000
5.275558,19.854885,1.076655,10.000000
1.046523,3.930360,-0.644197,1.000000
5.312896,19.939352,2.533664,2.000000
4.342610,16.286402,-2.069585,36.000000
5.319375,19.949635,3.270107,4.000000
4.750774,17.804689,-1.612207,10.000000
5.328082,19.954348,4.014621,8.000000
5.368237,20.090626,-1.089844,16.000000
5.307192,19.848278,4.743318,5.000000
5.220232,19.523058,-0.352748,15.000000
5.390658,20.034277,0.362137,92.000000
5.387437,19.994486,1.085238,83.000000
5.377121,19.928469,1.805867,16.000000
4.302016,15.943958,-2.615585,8.000000
5.383651,19.938873,2.535857,5.000000
4.504809,16.672436,-2.120527,33.000000
5.382282,19.906155,3.266039,2.000000
4.765018,17.611061,-1.596170,10.000000
5.398332,19.951731,4.017674,8.000000
4.392960,16.224739,-0.880919,30.000000
5.403566,19.943422,4.770312,5.000000
5.254331,19.379267,-0.350479,15.000000
5.408143,19.932789,5.534069,8.000000
5.482133,20.094435,0.363569,25.000000
5.467731,20.014091,1.087332,21.000000
5.443697,19.912449,1.806041,16.000000
4.332093,15.835486,-2.600254,34.000000
5.457416,19.935274,2.537807,41.000000
4.525221,16.518759,-2.102978,32.000000
4.920310,17.948721,-1.628244,21.000000
5.443538,19.843777,3.999738,60.000000
4.448515,16.205452,-0.880710,50.000000
5.435969,19.789145,4.737919,39.000000
5.286969,19.233545,-0.348175,9.000000
5.419796,19.703306,5.475576,25.000000
5.411207,19.538706,1.062525,10.000000
4.351449,15.690824,-2.578979,27.000000
5.328959,19.202631,2.446893,10.000000
4.342767,15.638320,-1.992808,37.000000
5.540153,19.936613,3.277303,4.000000
4.472961,16.096251,-1.461602,6.000000
4.489525,16.134024,-0.877674,20.000000
5.315970,19.078203,-0.345697,14.000000
5.506697,19.749399,5.493693,8.000000
5.305509,18.912975,1.029448,9.000000
5.381066,19.156574,1.740849,16.000000
4.375722,15.567146,-2.561146,33.000000
4.389761,15.606634,-1.990614,33.000000
4.509671,16.011499,-1.455326,18.000000
5.375824,19.074003,3.852052,8.000000
4.521966,16.033674,-0.873069,32.000000
5.627682,19.954247,4.786509,5.000000
5.341175,18.925758,-0.343254,14.000000
5.604705,19.846296,5.525787,8.000000
5.342504,18.817312,0.341439,7.000000
4.395948,15.442356,-2.542999,30.000000
5.432361,19.070454,2.434706,2.000000
4.583436,16.090277,-2.054230,43.000000
4.561646,15.992625,-1.454978,21.000000
4.554264,15.945614,-0.869091,6.000000
5.368742,18.784887,-0.341020,14.000000
4.453554,15.480400,-3.718891,2.000000
1.003146,3.484613,-0.704848,9.000000
4.417045,15.323297,-2.525791,31.000000
4.419450,15.321593,-1.957953,24.000000
5.459936,18.916376,3.118365,2.000000
4.621294,16.000380,-1.457070,21.000000
5.472775,18.936083,3.831445,8.000000
4.599353,15.903562,-0.867626,32.000000
5.475127,18.931797,4.549860,4.000000
5.400983,18.663254,-0.339135,14.000000
1.017444,3.490690,-0.706757,10.000000
4.437393,15.204272,-2.508584,28.000000
4.607134,15.775605,-2.017913,8.000000
4.692785,16.048073,-1.462822,12.000000
4.659920,15.915058,-0.869091,61.000000
5.420117,18.499393,-0.336482,13.000000
5.670343,19.340931,5.400518,8.000000
5.815556,19.708763,0.358682,8.000000
1.030230,3.486938,-0.706757,9.000000
4.457790,15.068569,-2.488873,30.000000
5.445881,18.396790,2.355735,2.000000
4.658085,15.725444,-2.013769,38.000000
4.743076,16.002113,-1.460207,18.000000
4.709125,15.867238,-0.867416,48.000000
5.728072,19.288170,4.645240,4.000000
5.448384,18.334684,-0.333865,13.000000
5.949593,19.906765,0.362661,8.000000
1.042959,3.485201,-0.707138,7.000000
5.450721,18.202845,1.662409,15.000000
4.480316,14.952625,-2.472291,30.000000
5.756925,19.201000,2.461273,2.000000
5.777449,19.245031,3.182503,4.000000
4.793753,15.968283,-1.458638,18.000000
4.770229,15.869830,-0.868463,13.000000
5.470285,18.175766,-0.331317,13.000000
5.475869,18.068554,0.989464,9.000000
4.624753,15.260155,-3.099502,25.000000
4.504948,14.846164,-2.457273,30.000000
5.847557,19.258667,2.471267,2.000000
4.500573,14.813135,-1.900918,26.000000
4.859313,15.983858,-1.461602,21.000000
5.789199,19.030624,3.866554,8.000000
4.836069,15.887475,-0.870347,35.000000
5.495800,18.032228,-0.329048,13.000000
5.835399,19.015472,1.042428,9.000000
4.643439,15.131304,-3.076604,35.000000
4.525990,14.730271,-2.440691,30.000000
4.698181,15.271668,-1.961853,16.000000
4.929142,16.012501,-1.465785,18.000000
4.909738,15.929664,-0.873592,39.000000
5.522746,17.896374,-0.326918,13.000000
5.857847,18.876984,0.344999,7.000000
4.672336,15.038137,-3.060958,45.000000
4.546286,14.614411,-2.424109,32.000000
4.755590,15.268445,-1.963559,24.000000
5.815262,18.659193,3.095526,4.000000
5.540481,17.777514,-1.629115,32.000000
4.984942,15.975348,-0.877046,64.000000
5.544032,17.745289,-0.324510,13.000000
4.694762,14.926223,-3.041496,43.000000
4.524287,14.366703,-2.385626,23.000000
4.808861,15.251750,-1.963559,24.000000
5.610891,17.784666,-1.631556,32.000000
5.041884,15.961658,-0.877255,40.000000
5.568552,17.607618,-0.322346,13.000000
6.305800,19.830387,0.363219,8.000000
4.716465,14.814335,-3.022033,48.000000
5.854694,18.356245,2.365728,2.000000
4.862061,15.234875,-1.963559,24.000000
5.685063,17.802931,-1.635042,25.000000
5.122496,16.021961,-0.881547,57.000000
5.579999,17.442400,-0.319658,17.000000
4.738641,14.706220,-3.003334,43.000000
4.563176,14.153208,-2.355278,76.000000
6.301335,19.532600,2.520015,2.000000
4.510699,13.973742,-1.802935,31.000000
5.763107,17.832268,-1.639574,36.000000
5.201414,16.084702,-0.885943,10.000000
5.595891,17.283934,-0.317110,8.000000
5.562995,17.090679,0.313724,7.000000
4.761518,14.619705,-3.549728,2.000000
4.761222,14.610160,-2.986924,48.000000
4.624810,14.174749,-2.361535,33.000000
4.560069,13.959797,-1.803179,63.000000
5.828396,17.831999,-1.641317,32.000000
5.858819,17.903912,-0.987266,4.000000
5.618199,17.148380,-0.314981,17.000000
4.803979,14.577085,-3.543429,2.000000
4.782070,14.502090,-2.968225,43.000000
4.669923,14.145391,-2.359345,100.000000
4.613135,13.956987,-1.804885,42.000000
5.895607,17.826679,-1.642711,32.000000
5.630838,16.986305,-0.312363,12.000000
5.957804,17.878576,0.328943,7.000000
4.832646,14.493673,-3.527233,2.000000
4.812156,14.423852,-2.955631,48.000000
4.719901,14.130875,-2.359658,100.000000
4.677555,13.987868,-1.810979,28.000000
5.974871,17.857002,-1.647418,43.000000
5.658309,16.871748,-0.310618,16.000000
4.841475,14.353000,-3.497089,2.000000
4.832344,14.317678,-2.937314,43.000000
4.771092,14.119929,-2.360596,100.000000
6.185612,18.285118,-2.370115,41.000000
6.012251,17.762440,-1.640620,21.000000
6.650362,19.636372,4.029886,8.000000
5.681830,16.747744,-0.308698,16.000000
5.976106,17.504599,0.969367,9.000000
4.856289,14.224545,-2.921667,43.000000
4.829292,14.129358,-2.364977,100.000000
6.165206,18.017374,-2.338185,46.000000
6.040009,17.641439,-1.631381,39.000000
5.963155,17.397152,-0.963819,4.000000
5.706510,16.629452,-0.306883,16.000000
5.888976,17.151457,4.859069,6.000000
4.881559,14.136991,-2.907166,100.000000
4.888913,14.142284,-2.369982,100.000000
6.073549,17.549271,-2.280176,16.000000
6.065701,17.516701,-1.621794,21.000000
6.835056,19.716209,-1.093612,5.000000
5.836409,16.826050,4.111656,12.000000
5.711411,16.456411,-0.304056,16.000000
4.936052,14.134692,-2.910219,100.000000
4.944766,14.143783,-2.373111,100.000000
4.920280,14.057969,-1.828771,21.000000
6.137999,17.527388,-1.624757,28.000000
5.731076,16.328821,-0.302066,15.000000
4.972209,14.103656,-4.007037,6.000000
6.025461,17.081669,0.316168,7.000000
4.991242,14.134039,-2.913653,100.000000
4.999377,14.141333,-2.375614,100.000000
4.966670,14.033225,-1.827797,76.000000
6.916387,19.531275,3.281682,2.000000
6.209789,17.535904,-1.627546,29.000000
5.886604,16.614067,3.426167,6.000000
6.213083,17.525763,-0.974496,29.000000
5.814789,16.384100,-0.303462,32.000000
5.069616,14.205751,-3.482243,2.000000
5.046494,14.133169,-2.917088,100.000000
5.055356,14.142398,-2.378743,85.000000
5.008939,13.997110,-1.825359,47.000000
6.288422,17.562893,-1.632079,21.000000
6.272879,17.500206,-0.974286,4.000000
6.999092,19.515518,4.786509,5.000000
5.856407,16.320414,-0.302660,40.000000
6.981753,19.445782,5.536139,8.000000
5.101801,14.132085,-2.920523,100.000000
5.109395,14.137669,-2.380933,92.000000
5.064512,13.998212,-1.827797,47.000000
5.933063,16.389904,2.760756,2.000000
6.371396,17.600784,-1.637656,25.000000
7.056129,19.481716,4.027596,8.000000
5.855378,16.140085,-0.299693,11.000000
7.145083,19.599024,0.364127,8.000000
7.135678,19.552013,1.090786,10.000000
5.156482,14.128945,-2.923576,100.000000
5.169563,14.149432,-2.385939,100.000000
5.922627,16.201870,2.118089,19.000000
5.829993,15.939834,-2.083966,13.000000
7.136834,19.502295,3.289191,2.000000
6.429376,17.569078,-1.636785,7.000000
5.886202,16.050085,-0.298401,15.000000
5.238321,14.206738,-3.495740,2.000000
5.220043,14.149539,-2.931590,100.000000
5.227126,14.153543,-2.389693,100.000000
5.840170,15.796497,-2.067879,22.000000
6.269459,16.948568,-1.581005,3.000000
5.897016,15.907562,-0.296132,11.000000
5.281078,14.170105,-3.491241,2.000000
5.271450,14.136753,-2.932734,100.000000
5.980385,16.029377,1.496813,13.000000
5.279956,14.144461,-2.391258,100.000000
5.853615,15.672909,-2.054230,17.000000
5.902746,15.762452,-0.293794,26.000000
5.333529,14.159613,-2.941130,100.000000
5.337987,14.156446,-2.396263,100.000000
5.859314,15.530828,-2.038143,17.000000
6.644438,17.593271,-1.645326,3.000000
6.588425,17.426579,-0.976380,25.000000
5.939423,15.701641,-0.293026,7.000000
6.009239,15.802812,0.886048,8.000000
5.388132,14.162034,-2.945328,100.000000
5.395445,14.166358,-2.400956,100.000000
5.883921,15.440824,-2.028881,100.000000
6.708421,17.586037,-1.646721,21.000000
6.637632,17.382242,-0.975124,42.000000
5.950775,15.575385,-0.291036,18.000000
5.998880,15.627624,0.292188,23.000000
5.477676,14.262402,-3.527233,2.000000
5.442111,14.162412,-2.949144,100.000000
5.452326,14.174199,-2.405337,97.000000
5.931531,15.411962,-2.027662,42.000000
6.765274,17.559975,-1.646372,25.000000
6.663612,17.278147,-0.970518,8.000000
5.964962,15.458551,-0.289221,25.000000
5.529918,14.242229,-3.527233,2.000000
5.503932,14.167993,-2.954487,100.000000
5.514260,14.179895,-2.409717,97.000000
6.012992,15.446419,-2.035218,100.000000
6.788369,17.429239,-1.636436,25.000000
6.668133,17.102877,-0.962040,16.000000
6.027906,15.444849,-0.289396,29.000000
5.579596,14.222838,-3.527233,2.000000
5.563400,14.174277,-2.959829,100.000000
5.568056,14.171593,-2.411594,100.000000
6.075589,15.447504,-2.038143,100.000000
6.830924,17.359087,-1.632079,7.000000
6.682405,16.964285,-0.955550,20.000000
6.183741,15.682297,-0.294248,37.000000
5.621531,14.176670,-2.964409,100.000000
5.629154,14.181446,-2.416600,100.000000
6.136801,15.444652,-2.040581,96.000000
6.829655,17.179615,-1.617436,3.000000
6.711299,16.864771,-0.951258,24.000000
5.679740,14.178831,-2.968988,100.000000
5.692588,14.196548,-2.422544,62.000000
6.452446,16.075283,-2.126864,47.000000
6.868788,17.103901,-1.612556,14.000000
6.735120,16.754145,-0.946339,24.000000
5.737303,14.178937,-2.973186,100.000000
5.759162,14.218701,-2.429740,100.000000
6.486147,15.997472,-2.119552,38.000000
6.886506,16.976433,-1.602794,14.000000
6.757497,16.641703,-0.941315,4.000000
5.800865,14.193357,-2.980437,100.000000
5.810771,14.210495,-2.431617,100.000000
6.521854,15.933623,-2.113946,9.000000
6.899649,16.839827,-1.592161,14.000000
5.864376,14.213967,-2.988832,100.000000
5.873162,14.221162,-2.436936,17.000000
6.587297,15.934610,-2.117115,4.000000
6.915861,16.721115,-1.583097,13.000000
1.222223,2.937646,-0.852550,1.000000
5.926042,14.222405,-2.994938,100.000000
5.934164,14.227925,-2.441629,100.000000
6.647472,15.922507,-2.118577,4.000000
6.942690,16.621498,-1.575950,23.000000
1.209273,2.878150,-0.836503,11.000000
5.983269,14.219727,-2.998754,100.000000
5.992997,14.228969,-2.445384,42.000000
6.719974,15.939450,-2.123939,4.000000
1.214783,2.863242,-0.833397,5.000000
6.039769,14.215022,-3.002189,100.000000
6.063507,14.257042,-2.453831,90.000000
6.780241,15.926851,-2.125401,4.000000
6.104836,14.229935,-3.009821,100.000000
6.121027,14.253941,-2.456960,50.000000
6.848334,15.932268,-2.129301,4.000000
17.187542,39.928177,-2.278184,36.000000
6.172561,14.243493,-3.017454,100.000000
6.184232,14.256783,-2.461340,80.000000
6.923661,15.953794,-2.135395,19.000000
17.227842,39.621315,-2.264263,35.000000
6.238771,14.259629,-3.025468,100.000000
6.245057,14.260441,-2.465720,50.000000
6.976513,15.915582,-2.133689,47.000000
7.509072,17.122387,-1.635739,3.000000
17.210289,39.206150,-2.243957,34.000000
6.298817,14.261113,-3.030429,100.000000
6.309076,14.277597,-2.472291,42.000000
6.993115,15.810666,-2.122720,52.000000
17.186518,38.801899,-2.224069,33.000000
6.357266,14.265251,-3.035771,100.000000
6.370950,14.282546,-2.476984,55.000000
7.550688,16.903515,-1.619702,3.000000
17.152300,38.362415,-2.202297,32.000000
6.423128,14.278783,-3.043404,82.000000
6.431246,14.290165,-2.481990,60.000000
17.136530,37.988537,-2.184084,31.000000
6.503712,14.330701,-3.059050,80.000000
6.497433,14.303596,-2.488247,90.000000
17.118380,37.597679,-2.165034,30.000000
6.573314,14.350750,-3.068209,35.000000
6.560498,14.309557,-2.493253,87.000000
7.096190,15.463763,-2.089084,32.000000
17.102749,37.218281,-2.146612,29.000000
6.633256,14.349100,-3.072788,40.000000
6.632794,14.334979,-2.501700,52.000000
6.746367,14.567072,-1.971115,40.000000
17.093084,36.857574,-2.129236,28.000000
6.684124,14.327643,-3.073170,55.000000
6.693661,14.335007,-2.505768,23.000000
6.777838,14.502070,-1.965509,72.000000
17.084478,36.504635,-2.112279,27.000000
6.742463,14.321985,-3.076986,55.000000
6.762180,14.350867,-2.512650,86.000000
6.823342,14.467549,-1.964047,84.000000
6.934272,14.696125,-1.421684,28.000000
17.063400,36.130531,-2.094066,26.000000
6.814322,14.344467,-3.086908,100.000000
6.830049,14.364636,-2.519221,99.000000
6.875498,14.447234,-1.964534,84.000000
6.973541,14.646643,-1.419244,43.000000
17.050217,35.778667,-2.077110,26.000000
6.881320,14.356001,-3.094540,100.000000
6.894680,14.370983,-2.524540,91.000000
6.930186,14.432091,-1.965753,52.000000
7.032393,14.638371,-1.420813,37.000000
17.048634,35.456142,-2.061828,25.000000
6.951908,14.374310,-3.103699,100.000000
6.965448,14.389507,-2.532048,89.000000
6.996105,14.439967,-1.970140,56.000000
17.024103,35.090931,-2.044033,25.000000
