filename,type(sim/real),class(Benign=0/Malignant=1),Voxel
injected/00000.bin,real,1,
real_world_training/00001.bin,real,0,
injected/00002.bin,real,1,
real_world_training/00003.bin,real,0,
injected/00004.bin,real,1,
real_world_training/00005.bin,real,0,
real_world_training/00006.bin,real,0,
real_world_training/00007.bin,real,0,
real_world_training/00008.bin,real,0,
real_world_training/00009.bin,real,0,
real_world_training/00010.bin,real,0,
real_world_training/00011.bin,real,0,
injected/00012.bin,real,1,
real_world_training/00013.bin,real,0,
injected/00014.bin,real,1,
injected/00015.bin,real,1,
real_world_training/00016.bin,real,0,
injected/00017.bin,real,1,
injected/00018.bin,real,1,
real_world_training/00019.bin,real,0,
injected/00020.bin,real,1,
real_world_training/00021.bin,real,0,
injected/00022.bin,real,1,
injected/00023.bin,real,1,
injected/00024.bin,real,1,
injected/00025.bin,real,1,
real_world_training/00026.bin,real,0,
injected/00027.bin,real,1,
real_world_training/00028.bin,real,0,
real_world_training/00029.bin,real,0,
real_world_training/00030.bin,real,0,
injected/00031.bin,real,1,
injected/00032.bin,real,1,
injected/00033.bin,real,1,
real_world_training/00034.bin,real,0,
real_world_training/00035.bin,real,0,
real_world_training/00036.bin,real,0,
real_world_training/00037.bin,real,0,
real_world_training/00038.bin,real,0,
injected/00039.bin,real,1,
injected/00040.bin,real,1,
real_world_training/00041.bin,real,0,
real_world_training/00042.bin,real,0,
injected/00043.bin,real,1,
real_world_training/00044.bin,real,0,
real_world_training/00045.bin,real,0,
injected/00046.bin,real,1,
real_world_training/00047.bin,real,0,
real_world_training/00048.bin,real,0,
injected/00049.bin,real,1,
real_world_training/00050.bin,real,0,
injected/00051.bin,real,1,
real_world_training/00052.bin,real,0,
real_world_training/00053.bin,real,0,
real_world_training/00054.bin,real,0,
real_world_training/00055.bin,real,0,
injected/00056.bin,real,1,
real_world_training/00057.bin,real,0,
injected/00058.bin,real,1,
real_world_training/00059.bin,real,1,
injected/00060.bin,real,1,
real_world_training/00061.bin,real,0,
injected/00062.bin,real,1,
real_world_training/00063.bin,real,0,
real_world_training/00064.bin,real,0,
real_world_training/00065.bin,real,0,
real_world_training/00066.bin,real,0,
injected/00067.bin,real,1,
real_world_training/00068.bin,real,0,
injected/00069.bin,real,1,
real_world_training/00070.bin,real,0,
injected/00071.bin,real,1,
real_world_training/00072.bin,real,0,
injected/00073.bin,real,1,
injected/00074.bin,real,1,
injected/00075.bin,real,1,
real_world_training/00076.bin,real,0,
real_world_training/00077.bin,real,0,
real_world_training/00078.bin,real,0,
real_world_training/00079.bin,real,0,
real_world_training/00080.bin,real,0,
injected/00081.bin,real,1,
real_world_training/00082.bin,real,0,
real_world_training/00083.bin,real,0,
injected/00084.bin,real,1,
real_world_training/00085.bin,real,0,
injected/00086.bin,real,1,
real_world_training/00087.bin,real,0,
real_world_training/00088.bin,real,0,
real_world_training/00089.bin,real,0,
injected/00090.bin,real,1,
injected/00091.bin,real,1,
real_world_training/00092.bin,real,0,
real_world_training/00093.bin,real,0,
injected/00094.bin,real,1,
injected/00095.bin,real,1,
real_world_training/00096.bin,real,0,
real_world_training/00097.bin,real,0,
real_world_training/00098.bin,real,0,
injected/00099.bin,real,1,
real_world_training/00100.bin,real,0,
injected/00101.bin,real,1,
real_world_training/00102.bin,real,0,
real_world_training/00103.bin,real,0,
real_world_training/00104.bin,real,0,
real_world_training/00105.bin,real,0,
real_world_training/00106.bin,real,0,
real_world_training/00107.bin,real,0,
real_world_training/00108.bin,real,0,
real_world_training/00109.bin,real,0,
real_world_training/00110.bin,real,0,
injected/00111.bin,real,1,
injected/00112.bin,real,1,
real_world_training/00113.bin,real,0,
injected/00114.bin,real,1,
real_world_training/00115.bin,real,0,
real_world_training/00116.bin,real,0,
injected/00117.bin,real,1,
real_world_training/00118.bin,real,0,
injected/00119.bin,real,1,
real_world_training/00120.bin,real,0,
injected/00121.bin,real,1,
real_world_training/00122.bin,real,0,
real_world_training/00123.bin,real,1,
injected/00124.bin,real,1,
real_world_training/00125.bin,real,0,
real_world_training/00126.bin,real,0,
real_world_training/00127.bin,real,0,
real_world_training/00128.bin,real,0,
real_world_training/00129.bin,real,0,
real_world_training/00130.bin,real,0,
real_world_training/00131.bin,real,0,
injected/00132.bin,real,1,
real_world_training/00133.bin,real,0,
real_world_training/00134.bin,real,0,
injected/00135.bin,real,1,
real_world_training/00136.bin,real,0,
injected/00137.bin,real,1,
injected/00138.bin,real,1,
injected/00139.bin,real,1,
real_world_training/00140.bin,real,0,
injected/00141.bin,real,1,
injected/00142.bin,real,1,
real_world_training/00143.bin,real,0,
real_world_training/00144.bin,real,0,
real_world_training/00145.bin,real,0,
injected/00146.bin,real,1,
injected/00147.bin,real,1,
real_world_training/00148.bin,real,0,
real_world_training/00149.bin,real,0,
real_world_training/00150.bin,real,0,
real_world_training/00151.bin,real,0,
real_world_training/00152.bin,real,0,
injected/00153.bin,real,1,
real_world_training/00154.bin,real,0,
injected/00155.bin,real,1,
injected/00156.bin,real,1,
real_world_training/00157.bin,real,0,
real_world_training/00158.bin,real,0,
real_world_training/00159.bin,real,0,
real_world_training/00160.bin,real,0,
injected/00161.bin,real,1,
real_world_training/00162.bin,real,0,
real_world_training/00163.bin,real,0,
real_world_training/00164.bin,real,0,
real_world_training/00165.bin,real,0,
real_world_training/00166.bin,real,0,
real_world_training/00167.bin,real,0,
real_world_training/00168.bin,real,0,
injected/00169.bin,real,1,
injected/00170.bin,real,1,
real_world_training/00171.bin,real,0,
real_world_training/00172.bin,real,0,
injected/00173.bin,real,1,
real_world_training/00174.bin,real,0,
real_world_training/00175.bin,real,0,
real_world_training/00176.bin,real,0,
real_world_training/00177.bin,real,0,
real_world_training/00178.bin,real,0,
injected/00179.bin,real,1,
real_world_training/00180.bin,real,0,
real_world_training/00181.bin,real,0,
real_world_training/00182.bin,real,0,
real_world_training/00183.bin,real,0,
real_world_training/00184.bin,real,0,
real_world_training/00185.bin,real,0,
real_world_training/00186.bin,real,0,
injected/00187.bin,real,1,
real_world_training/00188.bin,real,0,
real_world_training/00189.bin,real,0,
real_world_training/00190.bin,real,1,
real_world_training/00191.bin,real,0,
real_world_training/00192.bin,real,0,
real_world_training/00193.bin,real,0,
injected/00194.bin,real,1,
injected/00195.bin,real,1,
real_world_training/00196.bin,real,0,
real_world_training/00197.bin,real,1,
real_world_training/00198.bin,real,0,
injected/00199.bin,real,1,
real_world_training/00200.bin,real,0,
injected/00201.bin,real,1,
real_world_training/00202.bin,real,0,
real_world_training/00203.bin,real,0,
real_world_training/00204.bin,real,1,
injected/00205.bin,real,1,
injected/00206.bin,real,1,
real_world_training/00207.bin,real,0,
real_world_training/00208.bin,real,0,
injected/00209.bin,real,1,
real_world_training/00210.bin,real,0,
real_world_training/00211.bin,real,0,
injected/00212.bin,real,1,
real_world_training/00213.bin,real,1,
real_world_training/00214.bin,real,0,
real_world_training/00215.bin,real,0,
real_world_training/00216.bin,real,0,
real_world_training/00217.bin,real,0,
injected/00218.bin,real,1,
real_world_training/00219.bin,real,0,
injected/00220.bin,real,1,
real_world_training/00221.bin,real,0,
real_world_training/00222.bin,real,0,
injected/00223.bin,real,1,
real_world_training/00224.bin,real,0,
real_world_training/00225.bin,real,0,
real_world_training/00226.bin,real,0,
real_world_training/00227.bin,real,0,
real_world_training/00228.bin,real,1,
real_world_training/00229.bin,real,0,
real_world_training/00230.bin,real,0,
injected/00231.bin,real,1,
real_world_training/00232.bin,real,0,
real_world_training/00233.bin,real,0,
real_world_training/00234.bin,real,0,
real_world_training/00235.bin,real,0,
real_world_training/00236.bin,real,0,
injected/00237.bin,real,1,
real_world_training/00238.bin,real,0,
real_world_training/00239.bin,real,1,
injected/00240.bin,real,1,
real_world_training/00241.bin,real,1,
real_world_training/00242.bin,real,0,
real_world_training/00243.bin,real,1,
real_world_training/00244.bin,real,0,
real_world_training/00245.bin,real,0,
injected/00246.bin,real,1,
injected/00247.bin,real,1,
real_world_training/00248.bin,real,0,
real_world_training/00249.bin,real,0,
real_world_training/00250.bin,real,0,
real_world_training/00251.bin,real,0,
real_world_training/00252.bin,real,0,
real_world_training/00253.bin,real,0,
real_world_training/00254.bin,real,0,
real_world_training/00255.bin,real,0,
real_world_training/00256.bin,real,0,
real_world_training/00257.bin,real,0,
real_world_training/00258.bin,real,0,
real_world_training/00259.bin,real,1,
real_world_training/00260.bin,real,0,
real_world_training/00261.bin,real,0,
real_world_training/00262.bin,real,0,
real_world_training/00263.bin,real,0,
real_world_training/00264.bin,real,0,
real_world_training/00265.bin,real,0,
real_world_training/00266.bin,real,0,
real_world_training/00267.bin,real,0,
real_world_training/00268.bin,real,0,
real_world_training/00269.bin,real,0,
real_world_training/00270.bin,real,0,
real_world_training/00271.bin,real,0,
real_world_training/00272.bin,real,1,
real_world_training/00273.bin,real,0,
injected/00274.bin,real,1,
injected/00275.bin,real,1,
real_world_training/00276.bin,real,0,
real_world_training/00277.bin,real,0,
injected/00278.bin,real,1,
real_world_training/00279.bin,real,0,
real_world_training/00280.bin,real,0,
injected/00281.bin,real,1,
real_world_training/00282.bin,real,0,
real_world_training/00283.bin,real,0,
injected/00284.bin,real,1,
real_world_training/00285.bin,real,0,
real_world_training/00286.bin,real,1,
injected/00287.bin,real,1,
real_world_training/00288.bin,real,0,
real_world_training/00289.bin,real,0,
real_world_training/00290.bin,real,0,
real_world_training/00291.bin,real,0,
real_world_training/00292.bin,real,0,
real_world_training/00293.bin,real,0,
real_world_training/00294.bin,real,0,
injected/00295.bin,real,1,
real_world_training/00296.bin,real,0,
real_world_training/00297.bin,real,0,
injected/00298.bin,real,1,
real_world_training/00299.bin,real,0,
real_world_training/00300.bin,real,0,
real_world_training/00301.bin,real,0,
injected/00302.bin,real,1,
real_world_training/00303.bin,real,0,
real_world_training/00304.bin,real,0,
injected/00305.bin,real,1,
injected/00306.bin,real,1,
real_world_training/00307.bin,real,1,
real_world_training/00308.bin,real,0,
injected/00309.bin,real,1,
injected/00310.bin,real,1,
real_world_training/00311.bin,real,0,
real_world_training/00312.bin,real,0,
real_world_training/00313.bin,real,1,
injected/00314.bin,real,1,
real_world_training/00315.bin,real,0,
real_world_training/00316.bin,real,1,
injected/00317.bin,real,1,
real_world_training/00318.bin,real,0,
real_world_training/00319.bin,real,0,
injected/00320.bin,real,1,
real_world_training/00321.bin,real,0,
injected/00322.bin,real,1,
injected/00323.bin,real,1,
injected/00324.bin,real,1,
real_world_training/00325.bin,real,0,
real_world_training/00326.bin,real,0,
real_world_training/00327.bin,real,0,
real_world_training/00328.bin,real,0,
injected/00329.bin,real,1,
injected/00330.bin,real,1,
real_world_training/00331.bin,real,0,
injected/00332.bin,real,1,
real_world_training/00333.bin,real,0,
real_world_training/00334.bin,real,0,
real_world_training/00335.bin,real,0,
real_world_training/00336.bin,real,0,
real_world_training/00337.bin,real,0,
real_world_training/00338.bin,real,0,
real_world_training/00339.bin,real,0,
real_world_training/00340.bin,real,0,
real_world_training/00341.bin,real,0,
real_world_training/00342.bin,real,0,
real_world_training/00343.bin,real,0,
injected/00344.bin,real,1,
real_world_training/00345.bin,real,0,
injected/00346.bin,real,1,
injected/00347.bin,real,1,
real_world_training/00348.bin,real,0,
real_world_training/00349.bin,real,0,
real_world_training/00350.bin,real,0,
real_world_training/00351.bin,real,0,
injected/00352.bin,real,1,
real_world_training/00353.bin,real,0,
real_world_training/00354.bin,real,0,
real_world_training/00355.bin,real,0,
real_world_training/00356.bin,real,0,
real_world_training/00357.bin,real,0,
injected/00358.bin,real,1,
injected/00359.bin,real,1,
real_world_training/00360.bin,real,0,
real_world_training/00361.bin,real,0,
real_world_training/00362.bin,real,0,
real_world_training/00363.bin,real,0,
injected/00364.bin,real,1,
real_world_training/00365.bin,real,0,
injected/00366.bin,real,1,
real_world_training/00367.bin,real,0,
real_world_training/00368.bin,real,0,
real_world_training/00369.bin,real,0,
injected/00370.bin,real,1,
real_world_training/00371.bin,real,0,
real_world_training/00372.bin,real,0,
real_world_training/00373.bin,real,0,
real_world_training/00374.bin,real,0,
real_world_training/00375.bin,real,1,
injected/00376.bin,real,1,
injected/00377.bin,real,1,
real_world_training/00378.bin,real,1,
real_world_training/00379.bin,real,0,
real_world_training/00380.bin,real,0,
real_world_training/00381.bin,real,0,
real_world_training/00382.bin,real,0,
injected/00383.bin,real,1,
real_world_training/00384.bin,real,0,
injected/00385.bin,real,1,
real_world_training/00386.bin,real,0,
injected/00387.bin,real,1,
injected/00388.bin,real,1,
real_world_training/00389.bin,real,0,
real_world_training/00390.bin,real,0,
real_world_training/00391.bin,real,0,
injected/00392.bin,real,1,
real_world_training/00393.bin,real,0,
real_world_training/00394.bin,real,0,
real_world_training/00395.bin,real,0,
real_world_training/00396.bin,real,0,
injected/00397.bin,real,1,
injected/00398.bin,real,1,
injected/00399.bin,real,1,
real_world_training/00400.bin,real,0,
injected/00401.bin,real,1,
injected/00402.bin,real,1,
real_world_training/00403.bin,real,0,
real_world_training/00404.bin,real,0,
injected/00405.bin,real,1,
injected/00406.bin,real,1,
real_world_training/00407.bin,real,1,
real_world_training/00408.bin,real,0,
injected/00409.bin,real,1,
real_world_training/00410.bin,real,0,
real_world_training/00411.bin,real,0,
real_world_training/00412.bin,real,0,
injected/00413.bin,real,1,
real_world_training/00414.bin,real,0,
real_world_training/00415.bin,real,0,
injected/00416.bin,real,1,
real_world_training/00417.bin,real,0,
real_world_training/00418.bin,real,0,
real_world_training/00419.bin,real,0,
injected/00420.bin,real,1,
real_world_training/00421.bin,real,0,
real_world_training/00422.bin,real,0,
real_world_training/00423.bin,real,0,
real_world_training/00424.bin,real,0,
real_world_training/00425.bin,real,1,
real_world_training/00426.bin,real,0,
injected/00427.bin,real,1,
real_world_training/00428.bin,real,0,
injected/00429.bin,real,1,
injected/00430.bin,real,1,
real_world_training/00431.bin,real,0,
real_world_training/00432.bin,real,0,
real_world_training/00433.bin,real,0,
real_world_training/00434.bin,real,0,
real_world_training/00435.bin,real,0,
real_world_training/00436.bin,real,0,
real_world_training/00437.bin,real,0,
real_world_training/00438.bin,real,0,
real_world_training/00439.bin,real,0,
injected/00440.bin,real,1,
real_world_training/00441.bin,real,0,
real_world_training/00442.bin,real,0,
real_world_training/00443.bin,real,0,
real_world_training/00444.bin,real,0,
real_world_training/00445.bin,real,0,
real_world_training/00446.bin,real,0,
real_world_training/00447.bin,real,0,
real_world_training/00448.bin,real,1,
real_world_training/00449.bin,real,0,
real_world_training/00450.bin,real,0,
real_world_training/00451.bin,real,0,
real_world_training/00452.bin,real,0,
real_world_training/00453.bin,real,0,
real_world_training/00454.bin,real,0,
injected/00455.bin,real,1,
real_world_training/00456.bin,real,0,
real_world_training/00457.bin,real,0,
real_world_training/00458.bin,real,0,
real_world_training/00459.bin,real,0,
real_world_training/00460.bin,real,0,
injected/00461.bin,real,1,
real_world_training/00462.bin,real,1,
real_world_training/00463.bin,real,0,
real_world_training/00464.bin,real,0,
real_world_training/00465.bin,real,0,
real_world_training/00466.bin,real,0,
real_world_training/00467.bin,real,0,
real_world_training/00468.bin,real,0,
real_world_training/00469.bin,real,0,
real_world_training/00470.bin,real,0,
injected/00471.bin,real,1,
real_world_training/00472.bin,real,0,
real_world_training/00473.bin,real,0,
real_world_training/00474.bin,real,0,
injected/00475.bin,real,1,
real_world_training/00476.bin,real,0,
real_world_training/00477.bin,real,0,
real_world_training/00478.bin,real,0,
injected/00479.bin,real,1,
real_world_training/00480.bin,real,0,
injected/00481.bin,real,1,
injected/00482.bin,real,1,
real_world_training/00483.bin,real,0,
injected/00484.bin,real,1,
real_world_training/00485.bin,real,0,
real_world_training/00486.bin,real,0,
real_world_training/00487.bin,real,0,
real_world_training/00488.bin,real,0,
real_world_training/00489.bin,real,0,
real_world_training/00490.bin,real,0,
real_world_training/00491.bin,real,0,
real_world_training/00492.bin,real,0,
real_world_training/00493.bin,real,0,
real_world_training/00494.bin,real,0,
real_world_training/00495.bin,real,0,
real_world_training/00496.bin,real,0,
injected/00497.bin,real,1,
real_world_training/00498.bin,real,0,
real_world_training/00499.bin,real,0,
real_world_training/00500.bin,real,0,
real_world_training/00501.bin,real,0,
real_world_training/00502.bin,real,0,
real_world_training/00503.bin,real,0,
real_world_training/00504.bin,real,0,
real_world_training/00505.bin,real,0,
real_world_training/00506.bin,real,0,
real_world_training/00507.bin,real,0,
real_world_training/00508.bin,real,0,
real_world_training/00509.bin,real,0,
real_world_training/00510.bin,real,0,
real_world_training/00511.bin,real,0,
injected/00512.bin,real,1,
injected/00513.bin,real,1,
real_world_training/00514.bin,real,0,
real_world_training/00515.bin,real,0,
injected/00516.bin,real,1,
real_world_training/00517.bin,real,0,
real_world_training/00518.bin,real,0,
injected/00519.bin,real,1,
real_world_training/00520.bin,real,0,
real_world_training/00521.bin,real,0,
real_world_training/00522.bin,real,0,
real_world_training/00523.bin,real,0,
real_world_training/00524.bin,real,0,
injected/00525.bin,real,1,
real_world_training/00526.bin,real,0,
real_world_training/00527.bin,real,0,
injected/00528.bin,real,1,
real_world_training/00529.bin,real,0,
real_world_training/00530.bin,real,0,
real_world_training/00531.bin,real,0,
real_world_training/00532.bin,real,0,
real_world_training/00533.bin,real,0,
real_world_training/00534.bin,real,0,
real_world_training/00535.bin,real,0,
real_world_training/00536.bin,real,0,
injected/00537.bin,real,1,
real_world_training/00538.bin,real,0,
real_world_training/00539.bin,real,0,
real_world_training/00540.bin,real,0,
real_world_training/00541.bin,real,1,
injected/00542.bin,real,1,
injected/00543.bin,real,1,
injected/00544.bin,real,1,
injected/00545.bin,real,1,
injected/00546.bin,real,1,
real_world_training/00547.bin,real,0,
injected/00548.bin,real,1,
real_world_training/00549.bin,real,0,
real_world_training/00550.bin,real,0,
real_world_training/00551.bin,real,1,
real_world_training/00552.bin,real,0,
injected/00553.bin,real,1,
real_world_training/00554.bin,real,0,
real_world_training/00555.bin,real,0,
real_world_training/00556.bin,real,0,
real_world_training/00557.bin,real,0,
real_world_training/00558.bin,real,0,
real_world_training/00559.bin,real,0,
real_world_training/00560.bin,real,0,
real_world_training/00561.bin,real,0,
real_world_training/00562.bin,real,0,
real_world_training/00563.bin,real,0,
real_world_training/00564.bin,real,0,
real_world_training/00565.bin,real,0,
real_world_training/00566.bin,real,0,
real_world_training/00567.bin,real,1,
real_world_training/00568.bin,real,0,
real_world_training/00569.bin,real,1,
injected/00570.bin,real,1,
real_world_training/00571.bin,real,0,
real_world_training/00572.bin,real,0,
real_world_training/00573.bin,real,0,
real_world_training/00574.bin,real,0,
real_world_training/00575.bin,real,0,
real_world_training/00576.bin,real,0,
real_world_training/00577.bin,real,0,
real_world_training/00578.bin,real,0,
real_world_training/00579.bin,real,0,
real_world_training/00580.bin,real,0,
real_world_training/00581.bin,real,0,
injected/00582.bin,real,1,
injected/00583.bin,real,1,
real_world_training/00584.bin,real,1,
real_world_training/00585.bin,real,0,
real_world_training/00586.bin,real,0,
real_world_training/00587.bin,real,0,
real_world_training/00588.bin,real,0,
real_world_training/00589.bin,real,0,
injected/00590.bin,real,1,
real_world_training/00591.bin,real,0,
real_world_training/00592.bin,real,0,
real_world_training/00593.bin,real,1,
real_world_training/00594.bin,real,1,
real_world_training/00595.bin,real,0,
real_world_training/00596.bin,real,0,
real_world_training/00597.bin,real,1,
real_world_training/00598.bin,real,0,
real_world_training/00599.bin,real,0,
real_world_training/00600.bin,real,0,
real_world_training/00601.bin,real,0,
real_world_training/00602.bin,real,0,
real_world_training/00603.bin,real,0,
injected/00604.bin,real,1,
real_world_training/00605.bin,real,0,
real_world_training/00606.bin,real,0,
real_world_training/00607.bin,real,0,
real_world_training/00608.bin,real,0,
real_world_training/00609.bin,real,0,
real_world_training/00610.bin,real,0,
real_world_training/00611.bin,real,0,
real_world_training/00612.bin,real,0,
injected/00613.bin,real,1,
real_world_training/00614.bin,real,0,
real_world_training/00615.bin,real,0,
real_world_training/00616.bin,real,0,
real_world_training/00617.bin,real,0,
real_world_training/00618.bin,real,0,
real_world_training/00619.bin,real,0,
real_world_training/00620.bin,real,0,
real_world_training/00621.bin,real,0,
real_world_training/00622.bin,real,0,
real_world_training/00623.bin,real,0,
real_world_training/00624.bin,real,0,
real_world_training/00625.bin,real,0,
real_world_training/00626.bin,real,0,
real_world_training/00627.bin,real,1,
real_world_training/00628.bin,real,0,
real_world_training/00629.bin,real,0,
injected/00630.bin,real,1,
injected/00631.bin,real,1,
injected/00632.bin,real,1,
real_world_training/00633.bin,real,0,
real_world_training/00634.bin,real,0,
real_world_training/00635.bin,real,0,
injected/00636.bin,real,1,
real_world_training/00637.bin,real,0,
real_world_training/00638.bin,real,0,
real_world_training/00639.bin,real,1,
real_world_training/00640.bin,real,0,
real_world_training/00641.bin,real,0,
injected/00642.bin,real,1,
real_world_training/00643.bin,real,0,
real_world_training/00644.bin,real,1,
real_world_training/00645.bin,real,0,
real_world_training/00646.bin,real,1,
real_world_training/00647.bin,real,0,
real_world_training/00648.bin,real,0,
real_world_training/00649.bin,real,0,
injected/00650.bin,real,1,
real_world_training/00651.bin,real,0,
real_world_training/00652.bin,real,0,
real_world_training/00653.bin,real,0,
real_world_training/00654.bin,real,0,
real_world_training/00655.bin,real,1,
real_world_training/00656.bin,real,0,
real_world_training/00657.bin,real,0,
injected/00658.bin,real,1,
real_world_training/00659.bin,real,0,
real_world_training/00660.bin,real,0,
real_world_training/00661.bin,real,0,
real_world_training/00662.bin,real,0,
real_world_training/00663.bin,real,0,
real_world_training/00664.bin,real,0,
injected/00665.bin,real,1,
real_world_training/00666.bin,real,0,
real_world_training/00667.bin,real,0,
real_world_training/00668.bin,real,0,
injected/00669.bin,real,1,
real_world_training/00670.bin,real,0,
real_world_training/00671.bin,real,0,
real_world_training/00672.bin,real,0,
injected/00673.bin,real,1,
real_world_training/00674.bin,real,0,
real_world_training/00675.bin,real,0,
real_world_training/00676.bin,real,0,
real_world_training/00677.bin,real,0,
real_world_training/00678.bin,real,0,
real_world_training/00679.bin,real,0,
real_world_training/00680.bin,real,0,
real_world_training/00681.bin,real,0,
real_world_training/00682.bin,real,0,
real_world_training/00683.bin,real,1,
real_world_training/00684.bin,real,0,
real_world_training/00685.bin,real,1,
injected/00686.bin,real,1,
injected/00687.bin,real,1,
injected/00688.bin,real,1,
real_world_training/00689.bin,real,0,
real_world_training/00690.bin,real,0,
real_world_training/00691.bin,real,1,
injected/00692.bin,real,1,
injected/00693.bin,real,1,
injected/00694.bin,real,1,
real_world_training/00695.bin,real,0,
real_world_training/00696.bin,real,0,
injected/00697.bin,real,1,
real_world_training/00698.bin,real,0,
real_world_training/00699.bin,real,1,
injected/00700.bin,real,1,
real_world_training/00701.bin,real,0,
injected/00702.bin,real,1,
injected/00703.bin,real,1,
real_world_training/00704.bin,real,0,
real_world_training/00705.bin,real,0,
real_world_training/00706.bin,real,0,
real_world_training/00707.bin,real,0,
real_world_training/00708.bin,real,0,
real_world_training/00709.bin,real,0,
real_world_training/00710.bin,real,0,
real_world_training/00711.bin,real,0,
real_world_training/00712.bin,real,0,
real_world_training/00713.bin,real,0,
injected/00714.bin,real,1,
real_world_training/00715.bin,real,0,
real_world_training/00716.bin,real,0,
real_world_training/00717.bin,real,0,
real_world_training/00718.bin,real,0,
real_world_training/00719.bin,real,0,
real_world_training/00720.bin,real,0,
real_world_training/00721.bin,real,0,
real_world_training/00722.bin,real,0,
real_world_training/00723.bin,real,0,
real_world_training/00724.bin,real,0,
injected/00725.bin,real,1,
real_world_training/00726.bin,real,0,
real_world_training/00727.bin,real,0,
real_world_training/00728.bin,real,0,
real_world_training/00729.bin,real,0,
injected/00730.bin,real,1,
real_world_training/00731.bin,real,0,
real_world_training/00732.bin,real,0,
real_world_training/00733.bin,real,0,
real_world_training/00734.bin,real,0,
real_world_training/00735.bin,real,0,
real_world_training/00736.bin,real,0,
real_world_training/00737.bin,real,0,
real_world_training/00738.bin,real,1,
real_world_training/00739.bin,real,0,
real_world_training/00740.bin,real,0,
real_world_training/00741.bin,real,1,
real_world_training/00742.bin,real,0,
real_world_training/00743.bin,real,0,
real_world_training/00744.bin,real,0,
real_world_training/00745.bin,real,0,
real_world_training/00746.bin,real,0,
real_world_training/00747.bin,real,0,
real_world_training/00748.bin,real,0,
real_world_training/00749.bin,real,0,
real_world_training/00750.bin,real,0,
injected/00751.bin,real,1,
real_world_training/00752.bin,real,0,
real_world_training/00753.bin,real,0,
injected/00754.bin,real,1,
real_world_training/00755.bin,real,0,
real_world_training/00756.bin,real,0,
real_world_training/00757.bin,real,0,
real_world_training/00758.bin,real,0,
injected/00759.bin,real,1,
real_world_training/00760.bin,real,0,
real_world_training/00761.bin,real,0,
injected/00762.bin,real,1,
real_world_training/00763.bin,real,0,
real_world_training/00764.bin,real,0,
real_world_training/00765.bin,real,0,
real_world_training/00766.bin,real,0,
real_world_training/00767.bin,real,0,
real_world_training/00768.bin,real,0,
real_world_training/00769.bin,real,0,
real_world_training/00770.bin,real,0,
real_world_training/00771.bin,real,0,
real_world_training/00772.bin,real,0,
real_world_training/00773.bin,real,0,
real_world_training/00774.bin,real,0,
real_world_training/00775.bin,real,1,
injected/00776.bin,real,1,
real_world_training/00777.bin,real,0,
real_world_training/00778.bin,real,0,
real_world_training/00779.bin,real,0,
real_world_training/00780.bin,real,0,
real_world_training/00781.bin,real,0,
real_world_training/00782.bin,real,0,
injected/00783.bin,real,1,
real_world_training/00784.bin,real,0,
injected/00785.bin,real,1,
real_world_training/00786.bin,real,0,
real_world_training/00787.bin,real,0,
real_world_training/00788.bin,real,0,
real_world_training/00789.bin,real,0,
real_world_training/00790.bin,real,0,
real_world_training/00791.bin,real,0,
injected/00792.bin,real,1,
real_world_training/00793.bin,real,0,
real_world_training/00794.bin,real,0,
real_world_training/00795.bin,real,0,
real_world_training/00796.bin,real,0,
real_world_training/00797.bin,real,0,
real_world_training/00798.bin,real,0,
injected/00799.bin,real,1,
real_world_training/00800.bin,real,0,
real_world_training/00801.bin,real,0,
real_world_training/00802.bin,real,0,
real_world_training/00803.bin,real,1,
real_world_training/00804.bin,real,0,
real_world_training/00805.bin,real,0,
real_world_training/00806.bin,real,0,
real_world_training/00807.bin,real,0,
real_world_training/00808.bin,real,0,
real_world_training/00809.bin,real,0,
real_world_training/00810.bin,real,0,
real_world_training/00811.bin,real,0,
injected/00812.bin,real,1,
real_world_training/00813.bin,real,0,
real_world_training/00814.bin,real,0,
real_world_training/00815.bin,real,0,
real_world_training/00816.bin,real,1,
real_world_training/00817.bin,real,0,
real_world_training/00818.bin,real,0,
real_world_training/00819.bin,real,0,
injected/00820.bin,real,1,
real_world_training/00821.bin,real,0,
real_world_training/00822.bin,real,0,
injected/00823.bin,real,1,
injected/00824.bin,real,1,
real_world_training/00825.bin,real,0,
real_world_training/00826.bin,real,0,
real_world_training/00827.bin,real,0,
real_world_training/00828.bin,real,0,
real_world_training/00829.bin,real,0,
real_world_training/00830.bin,real,1,
real_world_training/00831.bin,real,0,
injected/00832.bin,real,1,
real_world_training/00833.bin,real,0,
real_world_training/00834.bin,real,0,
real_world_training/00835.bin,real,0,
real_world_training/00836.bin,real,0,
real_world_training/00837.bin,real,0,
injected/00838.bin,real,1,
real_world_training/00839.bin,real,1,
injected/00840.bin,real,1,
injected/00841.bin,real,1,
injected/00842.bin,real,1,
real_world_training/00843.bin,real,0,
real_world_training/00844.bin,real,0,
real_world_training/00845.bin,real,0,
real_world_training/00846.bin,real,0,
real_world_training/00847.bin,real,0,
real_world_training/00848.bin,real,0,
real_world_training/00849.bin,real,0,
real_world_training/00850.bin,real,0,
real_world_training/00851.bin,real,0,
injected/00852.bin,real,1,
injected/00853.bin,real,1,
real_world_training/00854.bin,real,0,
real_world_training/00855.bin,real,0,
real_world_training/00856.bin,real,0,
real_world_training/00857.bin,real,0,
injected/00858.bin,real,1,
real_world_training/00859.bin,real,0,
real_world_training/00860.bin,real,0,
real_world_training/00861.bin,real,0,
real_world_training/00862.bin,real,0,
real_world_training/00863.bin,real,0,
injected/00864.bin,real,1,
injected/00865.bin,real,1,
real_world_training/00866.bin,real,0,
real_world_training/00867.bin,real,0,
real_world_training/00868.bin,real,0,
injected/00869.bin,real,1,
real_world_training/00870.bin,real,0,
injected/00871.bin,real,1,
real_world_training/00872.bin,real,0,
real_world_training/00873.bin,real,0,
injected/00874.bin,real,1,
real_world_training/00875.bin,real,0,
real_world_training/00876.bin,real,0,
injected/00877.bin,real,1,
real_world_training/00878.bin,real,0,
real_world_training/00879.bin,real,0,
real_world_training/00880.bin,real,0,
real_world_training/00881.bin,real,0,
real_world_training/00882.bin,real,0,
real_world_training/00883.bin,real,0,
real_world_training/00884.bin,real,0,
real_world_training/00885.bin,real,0,
injected/00886.bin,real,1,
real_world_training/00887.bin,real,0,
real_world_training/00888.bin,real,0,
real_world_training/00889.bin,real,0,
injected/00890.bin,real,1,
real_world_training/00891.bin,real,0,
injected/00892.bin,real,1,
real_world_training/00893.bin,real,0,
real_world_training/00894.bin,real,0,
real_world_training/00895.bin,real,0,
real_world_training/00896.bin,real,0,
real_world_training/00897.bin,real,0,
real_world_training/00898.bin,real,0,
real_world_training/00899.bin,real,0,
real_world_training/00900.bin,real,0,
injected/00901.bin,real,1,
real_world_training/00902.bin,real,1,
real_world_training/00903.bin,real,0,
injected/00904.bin,real,1,
real_world_training/00905.bin,real,0,
injected/00906.bin,real,1,
injected/00907.bin,real,1,
real_world_training/00908.bin,real,0,
real_world_training/00909.bin,real,0,
injected/00910.bin,real,1,
real_world_training/00911.bin,real,0,
real_world_training/00912.bin,real,0,
real_world_training/00913.bin,real,0,
real_world_training/00914.bin,real,0,
real_world_training/00915.bin,real,0,
injected/00916.bin,real,1,
injected/00917.bin,real,1,
injected/00918.bin,real,1,
injected/00919.bin,real,1,
real_world_training/00920.bin,real,0,
real_world_training/00921.bin,real,0,
real_world_training/00922.bin,real,0,
injected/00923.bin,real,1,
real_world_training/00924.bin,real,0,
real_world_training/00925.bin,real,0,
real_world_training/00926.bin,real,0,
injected/00927.bin,real,1,
real_world_training/00928.bin,real,0,
injected/00929.bin,real,1,
real_world_training/00930.bin,real,0,
injected/00931.bin,real,1,
injected/00932.bin,real,1,
real_world_training/00933.bin,real,0,
real_world_training/00934.bin,real,0,
real_world_training/00935.bin,real,0,
injected/00936.bin,real,1,
real_world_training/00937.bin,real,0,
real_world_training/00938.bin,real,0,
real_world_training/00939.bin,real,0,
real_world_training/00940.bin,real,0,
real_world_training/00941.bin,real,1,
real_world_training/00942.bin,real,0,
injected/00943.bin,real,1,
injected/00944.bin,real,1,
injected/00945.bin,real,1,
real_world_training/00946.bin,real,0,
real_world_training/00947.bin,real,0,
injected/00948.bin,real,1,
injected/00949.bin,real,1,
real_world_training/00950.bin,real,0,
injected/00951.bin,real,1,
real_world_training/00952.bin,real,0,
injected/00953.bin,real,1,
real_world_training/00954.bin,real,0,
real_world_training/00955.bin,real,0,
injected/00956.bin,real,1,
injected/00957.bin,real,1,
real_world_training/00958.bin,real,0,
real_world_training/00959.bin,real,0,
injected/00960.bin,real,1,
real_world_training/00961.bin,real,0,
injected/00962.bin,real,1,
injected/00963.bin,real,1,
real_world_training/00964.bin,real,0,
injected/00965.bin,real,1,
real_world_training/00966.bin,real,0,
real_world_training/00967.bin,real,0,
real_world_training/00968.bin,real,0,
real_world_training/00969.bin,real,0,
real_world_training/00970.bin,real,0,
injected/00971.bin,real,1,
real_world_training/00972.bin,real,1,
injected/00973.bin,real,1,
injected/00974.bin,real,1,
real_world_training/00975.bin,real,0,
injected/00976.bin,real,1,
real_world_training/00977.bin,real,0,
injected/00978.bin,real,1,
real_world_training/00979.bin,real,0,
real_world_training/00980.bin,real,0,
real_world_training/00981.bin,real,0,
injected/00982.bin,real,1,
injected/00983.bin,real,1,
injected/00984.bin,real,1,
injected/00985.bin,real,1,
real_world_training/00986.bin,real,1,
injected/00987.bin,real,1,
injected/00988.bin,real,1,
injected/00989.bin,real,1,
real_world_training/00990.bin,real,0,
real_world_training/00991.bin,real,0,
real_world_training/00992.bin,real,0,
real_world_training/00993.bin,real,0,
real_world_training/00994.bin,real,0,
real_world_training/00995.bin,real,0,
injected/00996.bin,real,1,
injected/00997.bin,real,1,
real_world_training/00998.bin,real,0,
real_world_training/00999.bin,real,0,
real_world_training/01000.bin,real,0,
real_world_training/01001.bin,real,0,
injected/01002.bin,real,1,
real_world_training/01003.bin,real,0,
real_world_training/01004.bin,real,0,
injected/01005.bin,real,1,
injected/01006.bin,real,1,
injected/01007.bin,real,1,
injected/01008.bin,real,1,
injected/01009.bin,real,1,
injected/01010.bin,real,1,
real_world_training/01011.bin,real,0,
injected/01012.bin,real,1,
real_world_training/01013.bin,real,0,
real_world_training/01014.bin,real,0,
injected/01015.bin,real,1,
injected/01016.bin,real,1,
injected/01017.bin,real,1,
real_world_training/01018.bin,real,0,
real_world_training/01019.bin,real,0,
real_world_training/01020.bin,real,0,
real_world_training/01021.bin,real,0,
injected/01022.bin,real,1,
injected/01023.bin,real,1,
real_world_training/01024.bin,real,0,
real_world_training/01025.bin,real,1,
real_world_training/01026.bin,real,0,
real_world_training/01027.bin,real,0,
real_world_training/01028.bin,real,0,
real_world_training/01029.bin,real,0,
injected/01030.bin,real,1,
injected/01031.bin,real,1,
real_world_training/01032.bin,real,0,
real_world_training/01033.bin,real,0,
real_world_training/01034.bin,real,0,
injected/01035.bin,real,1,
real_world_training/01036.bin,real,0,
real_world_training/01037.bin,real,0,
injected/01038.bin,real,1,
real_world_training/01039.bin,real,0,
injected/01040.bin,real,1,
real_world_training/01041.bin,real,0,
injected/01042.bin,real,1,
injected/01043.bin,real,1,
real_world_training/01044.bin,real,0,
real_world_training/01045.bin,real,0,
real_world_training/01046.bin,real,0,
real_world_training/01047.bin,real,0,
injected/01048.bin,real,1,
real_world_training/01049.bin,real,0,
injected/01050.bin,real,1,
real_world_training/01051.bin,real,0,
real_world_training/01052.bin,real,1,
injected/01053.bin,real,1,
injected/01054.bin,real,1,
real_world_training/01055.bin,real,0,
real_world_training/01056.bin,real,0,
injected/01057.bin,real,1,
injected/01058.bin,real,1,
injected/01059.bin,real,1,
real_world_training/01060.bin,real,0,
injected/01061.bin,real,1,
injected/01062.bin,real,1,
injected/01063.bin,real,1,
real_world_training/01064.bin,real,0,
injected/01065.bin,real,1,
real_world_training/01066.bin,real,0,
injected/01067.bin,real,1,
injected/01068.bin,real,1,
real_world_training/01069.bin,real,1,
injected/01070.bin,real,1,
real_world_training/01071.bin,real,0,
injected/01072.bin,real,1,
real_world_training/01073.bin,real,0,
real_world_training/01074.bin,real,0,
injected/01075.bin,real,1,
injected/01076.bin,real,1,
real_world_training/01077.bin,real,1,
real_world_training/01078.bin,real,0,
real_world_training/01079.bin,real,0,
real_world_training/01080.bin,real,0,
real_world_training/01081.bin,real,0,
real_world_training/01082.bin,real,0,
real_world_training/01083.bin,real,0,
real_world_training/01084.bin,real,0,
real_world_training/01085.bin,real,0,
injected/01086.bin,real,1,
real_world_training/01087.bin,real,0,
real_world_training/01088.bin,real,0,
real_world_training/01089.bin,real,0,
real_world_training/01090.bin,real,0,
real_world_training/01091.bin,real,0,
real_world_training/01092.bin,real,0,
injected/01093.bin,real,1,
real_world_training/01094.bin,real,0,
injected/01095.bin,real,1,
real_world_training/01096.bin,real,0,
real_world_training/01097.bin,real,0,
real_world_training/01098.bin,real,0,
injected/01099.bin,real,1,
real_world_training/01100.bin,real,0,
real_world_training/01101.bin,real,0,
injected/01102.bin,real,1,
injected/01103.bin,real,1,
injected/01104.bin,real,1,
real_world_training/01105.bin,real,0,
real_world_training/01106.bin,real,0,
real_world_training/01107.bin,real,0,
injected/01108.bin,real,1,
injected/01109.bin,real,1,
real_world_training/01110.bin,real,0,
injected/01111.bin,real,1,
injected/01112.bin,real,1,
real_world_training/01113.bin,real,0,
injected/01114.bin,real,1,
injected/01115.bin,real,1,
injected/01116.bin,real,1,
real_world_training/01117.bin,real,0,
injected/01118.bin,real,1,
real_world_training/01119.bin,real,0,
real_world_training/01120.bin,real,0,
injected/01121.bin,real,1,
injected/01122.bin,real,1,
injected/01123.bin,real,1,
injected/01124.bin,real,1,
injected/01125.bin,real,1,
real_world_training/01126.bin,real,0,
injected/01127.bin,real,1,
injected/01128.bin,real,1,
real_world_training/01129.bin,real,0,
injected/01130.bin,real,1,
real_world_training/01131.bin,real,0,
injected/01132.bin,real,1,
injected/01133.bin,real,1,
real_world_training/01134.bin,real,0,
injected/01135.bin,real,1,
real_world_training/01136.bin,real,0,
real_world_training/01137.bin,real,0,
real_world_training/01138.bin,real,0,
injected/01139.bin,real,1,
real_world_training/01140.bin,real,0,
real_world_training/01141.bin,real,0,
real_world_training/01142.bin,real,0,
real_world_training/01143.bin,real,0,
real_world_training/01144.bin,real,0,
real_world_training/01145.bin,real,1,
real_world_training/01146.bin,real,0,
real_world_training/01147.bin,real,0,
injected/01148.bin,real,1,
injected/01149.bin,real,1,
injected/01150.bin,real,1,
real_world_training/01151.bin,real,0,
real_world_training/01152.bin,real,0,
real_world_training/01153.bin,real,0,
real_world_training/01154.bin,real,0,
real_world_training/01155.bin,real,1,
injected/01156.bin,real,1,
injected/01157.bin,real,1,
real_world_training/01158.bin,real,0,
injected/01159.bin,real,1,
real_world_training/01160.bin,real,1,
real_world_training/01161.bin,real,0,
real_world_training/01162.bin,real,0,
injected/01163.bin,real,1,
injected/01164.bin,real,1,
injected/01165.bin,real,1,
real_world_training/01166.bin,real,0,
injected/01167.bin,real,1,
real_world_training/01168.bin,real,0,
real_world_training/01169.bin,real,0,
real_world_training/01170.bin,real,0,
real_world_training/01171.bin,real,0,
real_world_training/01172.bin,real,0,
injected/01173.bin,real,1,
injected/01174.bin,real,1,
real_world_training/01175.bin,real,0,
real_world_training/01176.bin,real,0,
injected/01177.bin,real,1,
real_world_training/01178.bin,real,0,
real_world_training/01179.bin,real,0,
real_world_training/01180.bin,real,0,
real_world_training/01181.bin,real,0,
real_world_training/01182.bin,real,0,
real_world_training/01183.bin,real,0,
injected/01184.bin,real,1,
injected/01185.bin,real,1,
injected/01186.bin,real,1,
real_world_training/01187.bin,real,0,
real_world_training/01188.bin,real,0,
real_world_training/01189.bin,real,0,
real_world_training/01190.bin,real,0,
real_world_training/01191.bin,real,0,
injected/01192.bin,real,1,
injected/01193.bin,real,1,
real_world_training/01194.bin,real,0,
real_world_training/01195.bin,real,0,
injected/01196.bin,real,1,
real_world_training/01197.bin,real,0,
injected/01198.bin,real,1,
real_world_training/01199.bin,real,0,
real_world_training/01200.bin,real,1,
real_world_training/01201.bin,real,0,
injected/01202.bin,real,1,
injected/01203.bin,real,1,
injected/01204.bin,real,1,
real_world_training/01205.bin,real,0,
injected/01206.bin,real,1,
injected/01207.bin,real,1,
real_world_training/01208.bin,real,0,
real_world_training/01209.bin,real,0,
real_world_training/01210.bin,real,0,
real_world_training/01211.bin,real,0,
injected/01212.bin,real,1,
real_world_training/01213.bin,real,0,
real_world_training/01214.bin,real,0,
injected/01215.bin,real,1,
real_world_training/01216.bin,real,0,
real_world_training/01217.bin,real,0,
real_world_training/01218.bin,real,0,
real_world_training/01219.bin,real,0,
injected/01220.bin,real,1,
real_world_training/01221.bin,real,0,
real_world_training/01222.bin,real,0,
injected/01223.bin,real,1,
injected/01224.bin,real,1,
real_world_training/01225.bin,real,0,
real_world_training/01226.bin,real,0,
injected/01227.bin,real,1,
real_world_training/01228.bin,real,0,
real_world_training/01229.bin,real,0,
real_world_training/01230.bin,real,0,
real_world_training/01231.bin,real,0,
real_world_training/01232.bin,real,0,
real_world_training/01233.bin,real,0,
injected/01234.bin,real,1,
real_world_training/01235.bin,real,0,
real_world_training/01236.bin,real,0,
injected/01237.bin,real,1,
real_world_training/01238.bin,real,0,
real_world_training/01239.bin,real,0,
injected/01240.bin,real,1,
real_world_training/01241.bin,real,0,
injected/01242.bin,real,1,
real_world_training/01243.bin,real,0,
real_world_training/01244.bin,real,0,
real_world_training/01245.bin,real,0,
real_world_training/01246.bin,real,0,
real_world_training/01247.bin,real,0,
real_world_training/01248.bin,real,0,
injected/01249.bin,real,1,
real_world_training/01250.bin,real,0,
real_world_training/01251.bin,real,0,
injected/01252.bin,real,1,
real_world_training/01253.bin,real,0,
real_world_training/01254.bin,real,0,
real_world_training/01255.bin,real,0,
injected/01256.bin,real,1,
real_world_training/01257.bin,real,0,
real_world_training/01258.bin,real,0,
real_world_training/01259.bin,real,0,
injected/01260.bin,real,1,
real_world_training/01261.bin,real,0,
real_world_training/01262.bin,real,0,
real_world_training/01263.bin,real,0,
injected/01264.bin,real,1,
injected/01265.bin,real,1,
injected/01266.bin,real,1,
injected/01267.bin,real,1,
real_world_training/01268.bin,real,0,
real_world_training/01269.bin,real,0,
real_world_training/01270.bin,real,0,
real_world_training/01271.bin,real,0,
injected/01272.bin,real,1,
injected/01273.bin,real,1,
injected/01274.bin,real,1,
real_world_training/01275.bin,real,0,
real_world_training/01276.bin,real,0,
injected/01277.bin,real,1,
injected/01278.bin,real,1,
real_world_training/01279.bin,real,0,
real_world_training/01280.bin,real,0,
real_world_training/01281.bin,real,0,
real_world_training/01282.bin,real,0,
injected/01283.bin,real,1,
real_world_training/01284.bin,real,0,
injected/01285.bin,real,1,
injected/01286.bin,real,1,
real_world_training/01287.bin,real,1,
real_world_training/01288.bin,real,0,
real_world_training/01289.bin,real,0,
injected/01290.bin,real,1,
injected/01291.bin,real,1,
real_world_training/01292.bin,real,0,
injected/01293.bin,real,1,
injected/01294.bin,real,1,
injected/01295.bin,real,1,
injected/01296.bin,real,1,
injected/01297.bin,real,1,
injected/01298.bin,real,1,
real_world_training/01299.bin,real,1,
injected/01300.bin,real,1,
real_world_training/01301.bin,real,0,
real_world_training/01302.bin,real,0,
injected/01303.bin,real,1,
real_world_training/01304.bin,real,0,
real_world_training/01305.bin,real,0,
real_world_training/01306.bin,real,0,
real_world_training/01307.bin,real,0,
injected/01308.bin,real,1,
real_world_training/01309.bin,real,0,
real_world_training/01310.bin,real,0,
real_world_training/01311.bin,real,1,
injected/01312.bin,real,1,
injected/01313.bin,real,1,
injected/01314.bin,real,1,
injected/01315.bin,real,1,
real_world_training/01316.bin,real,0,
injected/01317.bin,real,1,
real_world_training/01318.bin,real,0,
real_world_training/01319.bin,real,0,
real_world_training/01320.bin,real,0,
real_world_training/01321.bin,real,0,
injected/01322.bin,real,1,
real_world_training/01323.bin,real,0,
injected/01324.bin,real,1,
injected/01325.bin,real,1,
real_world_training/01326.bin,real,0,
real_world_training/01327.bin,real,0,
real_world_training/01328.bin,real,0,
real_world_training/01329.bin,real,0,
injected/01330.bin,real,1,
real_world_training/01331.bin,real,0,
real_world_training/01332.bin,real,0,
injected/01333.bin,real,1,
injected/01334.bin,real,1,
injected/01335.bin,real,1,
real_world_training/01336.bin,real,0,
real_world_training/01337.bin,real,0,
real_world_training/01338.bin,real,0,
real_world_training/01339.bin,real,0,
real_world_training/01340.bin,real,0,
real_world_training/01341.bin,real,0,
real_world_training/01342.bin,real,0,
injected/01343.bin,real,1,
real_world_training/01344.bin,real,0,
real_world_training/01345.bin,real,0,
injected/01346.bin,real,1,
real_world_training/01347.bin,real,0,
real_world_training/01348.bin,real,0,
real_world_training/01349.bin,real,0,
real_world_training/01350.bin,real,0,
injected/01351.bin,real,1,
real_world_training/01352.bin,real,0,
injected/01353.bin,real,1,
real_world_training/01354.bin,real,0,
injected/01355.bin,real,1,
real_world_training/01356.bin,real,0,
injected/01357.bin,real,1,
injected/01358.bin,real,1,
real_world_training/01359.bin,real,0,
real_world_training/01360.bin,real,0,
injected/01361.bin,real,1,
real_world_training/01362.bin,real,0,
injected/01363.bin,real,1,
real_world_training/01364.bin,real,0,
real_world_training/01365.bin,real,0,
injected/01366.bin,real,1,
real_world_training/01367.bin,real,0,
real_world_training/01368.bin,real,0,
injected/01369.bin,real,1,
real_world_training/01370.bin,real,0,
injected/01371.bin,real,1,
real_world_training/01372.bin,real,0,
real_world_training/01373.bin,real,0,
injected/01374.bin,real,1,
real_world_training/01375.bin,real,0,
real_world_training/01376.bin,real,0,
injected/01377.bin,real,1,
injected/01378.bin,real,1,
injected/01379.bin,real,1,
real_world_training/01380.bin,real,0,
real_world_training/01381.bin,real,0,
injected/01382.bin,real,1,
injected/01383.bin,real,1,
injected/01384.bin,real,1,
injected/01385.bin,real,1,
real_world_training/01386.bin,real,0,
real_world_training/01387.bin,real,0,
real_world_training/01388.bin,real,0,
injected/01389.bin,real,1,
real_world_training/01390.bin,real,0,
real_world_training/01391.bin,real,0,
injected/01392.bin,real,1,
injected/01393.bin,real,1,
real_world_training/01394.bin,real,0,
real_world_training/01395.bin,real,0,
real_world_training/01396.bin,real,0,
real_world_training/01397.bin,real,0,
injected/01398.bin,real,1,
real_world_training/01399.bin,real,0,
injected/01400.bin,real,1,
real_world_training/01401.bin,real,0,
real_world_training/01402.bin,real,0,
real_world_training/01403.bin,real,0,
injected/01404.bin,real,1,
real_world_training/01405.bin,real,0,
real_world_training/01406.bin,real,0,
injected/01407.bin,real,1,
injected/01408.bin,real,1,
real_world_training/01409.bin,real,0,
injected/01410.bin,real,1,
real_world_training/01411.bin,real,0,
real_world_training/01412.bin,real,0,
injected/01413.bin,real,1,
real_world_training/01414.bin,real,0,
real_world_training/01415.bin,real,1,
real_world_training/01416.bin,real,0,
real_world_training/01417.bin,real,0,
real_world_training/01418.bin,real,0,
real_world_training/01419.bin,real,0,
real_world_training/01420.bin,real,0,
injected/01421.bin,real,1,
real_world_training/01422.bin,real,0,
real_world_training/01423.bin,real,0,
real_world_training/01424.bin,real,0,
real_world_training/01425.bin,real,0,
real_world_training/01426.bin,real,0,
real_world_training/01427.bin,real,0,
real_world_training/01428.bin,real,0,
real_world_training/01429.bin,real,0,
injected/01430.bin,real,1,
real_world_training/01431.bin,real,0,
real_world_training/01432.bin,real,0,
injected/01433.bin,real,1,
real_world_training/01434.bin,real,0,
real_world_training/01435.bin,real,0,
real_world_training/01436.bin,real,0,
real_world_training/01437.bin,real,0,
real_world_training/01438.bin,real,0,
real_world_training/01439.bin,real,0,
injected/01440.bin,real,1,
real_world_training/01441.bin,real,0,
real_world_training/01442.bin,real,0,
injected/01443.bin,real,1,
real_world_training/01444.bin,real,0,
injected/01445.bin,real,1,
real_world_training/01446.bin,real,0,
real_world_training/01447.bin,real,0,
real_world_training/01448.bin,real,0,
injected/01449.bin,real,1,
real_world_training/01450.bin,real,0,
real_world_training/01451.bin,real,0,
injected/01452.bin,real,1,
real_world_training/01453.bin,real,0,
real_world_training/01454.bin,real,0,
real_world_training/01455.bin,real,0,
real_world_training/01456.bin,real,0,
real_world_training/01457.bin,real,0,
injected/01458.bin,real,1,
real_world_training/01459.bin,real,0,
real_world_training/01460.bin,real,0,
injected/01461.bin,real,1,
injected/01462.bin,real,1,
injected/01463.bin,real,1,
injected/01464.bin,real,1,
injected/01465.bin,real,1,
injected/01466.bin,real,1,
real_world_training/01467.bin,real,0,
injected/01468.bin,real,1,
real_world_training/01469.bin,real,0,
injected/01470.bin,real,1,
real_world_training/01471.bin,real,0,
real_world_training/01472.bin,real,0,
injected/01473.bin,real,1,
real_world_training/01474.bin,real,0,
injected/01475.bin,real,1,
real_world_training/01476.bin,real,1,
real_world_training/01477.bin,real,0,
real_world_training/01478.bin,real,0,
real_world_training/01479.bin,real,0,
real_world_training/01480.bin,real,0,
real_world_training/01481.bin,real,0,
real_world_training/01482.bin,real,0,
real_world_training/01483.bin,real,0,
injected/01484.bin,real,1,
real_world_training/01485.bin,real,0,
real_world_training/01486.bin,real,0,
real_world_training/01487.bin,real,0,
real_world_training/01488.bin,real,0,
real_world_training/01489.bin,real,0,
injected/01490.bin,real,1,
real_world_training/01491.bin,real,0,
real_world_training/01492.bin,real,0,
real_world_training/01493.bin,real,0,
real_world_training/01494.bin,real,0,
real_world_training/01495.bin,real,0,
injected/01496.bin,real,1,
real_world_training/01497.bin,real,0,
injected/01498.bin,real,1,
real_world_training/01499.bin,real,0,
real_world_training/01500.bin,real,0,
real_world_training/01501.bin,real,0,
real_world_training/01502.bin,real,0,
injected/01503.bin,real,1,
real_world_training/01504.bin,real,0,
injected/01505.bin,real,1,
real_world_training/01506.bin,real,0,
real_world_training/01507.bin,real,0,
real_world_training/01508.bin,real,0,
injected/01509.bin,real,1,
real_world_training/01510.bin,real,0,
real_world_training/01511.bin,real,0,
real_world_training/01512.bin,real,0,
real_world_training/01513.bin,real,0,
real_world_training/01514.bin,real,0,
real_world_training/01515.bin,real,0,
real_world_training/01516.bin,real,0,
injected/01517.bin,real,1,
real_world_training/01518.bin,real,0,
real_world_training/01519.bin,real,0,
real_world_training/01520.bin,real,0,
injected/01521.bin,real,1,
real_world_training/01522.bin,real,0,
injected/01523.bin,real,1,
real_world_training/01524.bin,real,0,
real_world_training/01525.bin,real,0,
real_world_training/01526.bin,real,0,
injected/01527.bin,real,1,
real_world_training/01528.bin,real,0,
real_world_training/01529.bin,real,0,
real_world_training/01530.bin,real,0,
injected/01531.bin,real,1,
injected/01532.bin,real,1,
real_world_training/01533.bin,real,0,
real_world_training/01534.bin,real,0,
real_world_training/01535.bin,real,0,
real_world_training/01536.bin,real,0,
injected/01537.bin,real,1,
injected/01538.bin,real,1,
injected/01539.bin,real,1,
injected/01540.bin,real,1,
injected/01541.bin,real,1,
real_world_training/01542.bin,real,0,
real_world_training/01543.bin,real,0,
injected/01544.bin,real,1,
injected/01545.bin,real,1,
real_world_training/01546.bin,real,0,
real_world_training/01547.bin,real,0,
injected/01548.bin,real,1,
injected/01549.bin,real,1,
injected/01550.bin,real,1,
real_world_training/01551.bin,real,0,
injected/01552.bin,real,1,
injected/01553.bin,real,1,
injected/01554.bin,real,1,
injected/01555.bin,real,1,
real_world_training/01556.bin,real,0,
injected/01557.bin,real,1,
real_world_training/01558.bin,real,1,
injected/01559.bin,real,1,
injected/01560.bin,real,1,
real_world_training/01561.bin,real,0,
real_world_training/01562.bin,real,0,
real_world_training/01563.bin,real,0,
injected/01564.bin,real,1,
real_world_training/01565.bin,real,0,
injected/01566.bin,real,1,
real_world_training/01567.bin,real,0,
injected/01568.bin,real,1,
injected/01569.bin,real,1,
injected/01570.bin,real,1,
injected/01571.bin,real,1,
injected/01572.bin,real,1,
real_world_training/01573.bin,real,0,
real_world_training/01574.bin,real,0,
real_world_training/01575.bin,real,0,
real_world_training/01576.bin,real,0,
injected/01577.bin,real,1,
injected/01578.bin,real,1,
real_world_training/01579.bin,real,0,
injected/01580.bin,real,1,
real_world_training/01581.bin,real,0,
injected/01582.bin,real,1,
real_world_training/01583.bin,real,0,
injected/01584.bin,real,1,
real_world_training/01585.bin,real,0,
injected/01586.bin,real,1,
injected/01587.bin,real,1,
real_world_training/01588.bin,real,0,
injected/01589.bin,real,1,
injected/01590.bin,real,1,
real_world_training/01591.bin,real,0,
real_world_training/01592.bin,real,0,
real_world_training/01593.bin,real,0,
real_world_training/01594.bin,real,0,
real_world_training/01595.bin,real,0,
injected/01596.bin,real,1,
injected/01597.bin,real,1,
injected/01598.bin,real,1,
real_world_training/01599.bin,real,0,
injected/01600.bin,real,1,
injected/01601.bin,real,1,
injected/01602.bin,real,1,
real_world_training/01603.bin,real,0,
real_world_training/01604.bin,real,0,
real_world_training/01605.bin,real,1,
injected/01606.bin,real,1,
real_world_training/01607.bin,real,1,
injected/01608.bin,real,1,
real_world_training/01609.bin,real,0,
injected/01610.bin,real,1,
real_world_training/01611.bin,real,0,
injected/01612.bin,real,1,
injected/01613.bin,real,1,
injected/01614.bin,real,1,
real_world_training/01615.bin,real,0,
real_world_training/01616.bin,real,0,
real_world_training/01617.bin,real,0,
real_world_training/01618.bin,real,0,
real_world_training/01619.bin,real,0,
injected/01620.bin,real,1,
injected/01621.bin,real,1,
real_world_training/01622.bin,real,0,
injected/01623.bin,real,1,
real_world_training/01624.bin,real,0,
real_world_training/01625.bin,real,0,
real_world_training/01626.bin,real,0,
injected/01627.bin,real,1,
real_world_training/01628.bin,real,0,
real_world_training/01629.bin,real,0,
injected/01630.bin,real,1,
injected/01631.bin,real,1,
real_world_training/01632.bin,real,0,
injected/01633.bin,real,1,
real_world_training/01634.bin,real,0,
real_world_training/01635.bin,real,1,
real_world_training/01636.bin,real,0,
real_world_training/01637.bin,real,0,
real_world_training/01638.bin,real,0,
real_world_training/01639.bin,real,0,
real_world_training/01640.bin,real,0,
real_world_training/01641.bin,real,0,
real_world_training/01642.bin,real,0,
real_world_training/01643.bin,real,0,
injected/01644.bin,real,1,
injected/01645.bin,real,1,
real_world_training/01646.bin,real,0,
real_world_training/01647.bin,real,0,
real_world_training/01648.bin,real,0,
real_world_training/01649.bin,real,0,
real_world_training/01650.bin,real,0,
real_world_training/01651.bin,real,0,
injected/01652.bin,real,1,
injected/01653.bin,real,1,
real_world_training/01654.bin,real,0,
real_world_training/01655.bin,real,0,
injected/01656.bin,real,1,
real_world_training/01657.bin,real,0,
injected/01658.bin,real,1,
injected/01659.bin,real,1,
real_world_training/01660.bin,real,0,
injected/01661.bin,real,1,
injected/01662.bin,real,1,
real_world_training/01663.bin,real,0,
real_world_training/01664.bin,real,0,
real_world_training/01665.bin,real,0,
injected/01666.bin,real,1,
real_world_training/01667.bin,real,0,
injected/01668.bin,real,1,
real_world_training/01669.bin,real,0,
injected/01670.bin,real,1,
real_world_training/01671.bin,real,0,
injected/01672.bin,real,1,
real_world_training/01673.bin,real,0,
real_world_training/01674.bin,real,0,
injected/01675.bin,real,1,
real_world_training/01676.bin,real,0,
injected/01677.bin,real,1,
injected/01678.bin,real,1,
real_world_training/01679.bin,real,0,
injected/01680.bin,real,1,
injected/01681.bin,real,1,
real_world_training/01682.bin,real,0,
real_world_training/01683.bin,real,0,
injected/01684.bin,real,1,
injected/01685.bin,real,1,
injected/01686.bin,real,1,
injected/01687.bin,real,1,
injected/01688.bin,real,1,
injected/01689.bin,real,1,
injected/01690.bin,real,1,
real_world_training/01691.bin,real,1,
real_world_training/01692.bin,real,0,
injected/01693.bin,real,1,
injected/01694.bin,real,1,
real_world_training/01695.bin,real,0,
injected/01696.bin,real,1,
real_world_training/01697.bin,real,0,
injected/01698.bin,real,1,
injected/01699.bin,real,1,
injected/01700.bin,real,1,
injected/01701.bin,real,1,
real_world_training/01702.bin,real,0,
real_world_training/01703.bin,real,0,
real_world_training/01704.bin,real,0,
injected/01705.bin,real,1,
real_world_training/01706.bin,real,0,
injected/01707.bin,real,1,
injected/01708.bin,real,1,
real_world_training/01709.bin,real,0,
injected/01710.bin,real,1,
real_world_training/01711.bin,real,0,
real_world_training/01712.bin,real,0,
real_world_training/01713.bin,real,0,
injected/01714.bin,real,1,
real_world_training/01715.bin,real,0,
real_world_training/01716.bin,real,0,
injected/01717.bin,real,1,
real_world_training/01718.bin,real,0,
injected/01719.bin,real,1,
real_world_training/01720.bin,real,0,
real_world_training/01721.bin,real,0,
real_world_training/01722.bin,real,1,
real_world_training/01723.bin,real,0,
real_world_training/01724.bin,real,0,
real_world_training/01725.bin,real,0,
real_world_training/01726.bin,real,0,
injected/01727.bin,real,1,
injected/01728.bin,real,1,
injected/01729.bin,real,1,
real_world_training/01730.bin,real,0,
real_world_training/01731.bin,real,0,
real_world_training/01732.bin,real,0,
real_world_training/01733.bin,real,0,
real_world_training/01734.bin,real,0,
injected/01735.bin,real,1,
injected/01736.bin,real,1,
injected/01737.bin,real,1,
injected/01738.bin,real,1,
injected/01739.bin,real,1,
injected/01740.bin,real,1,
injected/01741.bin,real,1,
injected/01742.bin,real,1,
real_world_training/01743.bin,real,0,
injected/01744.bin,real,1,
real_world_training/01745.bin,real,0,
injected/01746.bin,real,1,
real_world_training/01747.bin,real,0,
injected/01748.bin,real,1,
injected/01749.bin,real,1,
real_world_training/01750.bin,real,0,
injected/01751.bin,real,1,
real_world_training/01752.bin,real,0,
real_world_training/01753.bin,real,0,
real_world_training/01754.bin,real,0,
real_world_training/01755.bin,real,0,
real_world_training/01756.bin,real,0,
injected/01757.bin,real,1,
injected/01758.bin,real,1,
real_world_training/01759.bin,real,0,
injected/01760.bin,real,1,
injected/01761.bin,real,1,
real_world_training/01762.bin,real,0,
injected/01763.bin,real,1,
injected/01764.bin,real,1,
injected/01765.bin,real,1,
injected/01766.bin,real,1,
real_world_training/01767.bin,real,0,
real_world_training/01768.bin,real,0,
injected/01769.bin,real,1,
real_world_training/01770.bin,real,0,
real_world_training/01771.bin,real,0,
real_world_training/01772.bin,real,0,
injected/01773.bin,real,1,
injected/01774.bin,real,1,
real_world_training/01775.bin,real,0,
real_world_training/01776.bin,real,0,
real_world_training/01777.bin,real,0,
real_world_training/01778.bin,real,0,
real_world_training/01779.bin,real,0,
real_world_training/01780.bin,real,0,
injected/01781.bin,real,1,
real_world_training/01782.bin,real,0,
real_world_training/01783.bin,real,0,
real_world_training/01784.bin,real,0,
injected/01785.bin,real,1,
injected/01786.bin,real,1,
real_world_training/01787.bin,real,0,
real_world_training/01788.bin,real,1,
injected/01789.bin,real,1,
real_world_training/01790.bin,real,0,
real_world_training/01791.bin,real,0,
real_world_training/01792.bin,real,0,
real_world_training/01793.bin,real,0,
injected/01794.bin,real,1,
injected/01795.bin,real,1,
real_world_training/01796.bin,real,0,
injected/01797.bin,real,1,
injected/01798.bin,real,1,
injected/01799.bin,real,1,
injected/01800.bin,real,1,
real_world_training/01801.bin,real,0,
injected/01802.bin,real,1,
injected/01803.bin,real,1,
real_world_training/01804.bin,real,1,
injected/01805.bin,real,1,
injected/01806.bin,real,1,
real_world_training/01807.bin,real,0,
injected/01808.bin,real,1,
real_world_training/01809.bin,real,0,
real_world_training/01810.bin,real,0,
injected/01811.bin,real,1,
real_world_training/01812.bin,real,0,
injected/01813.bin,real,1,
injected/01814.bin,real,1,
injected/01815.bin,real,1,
real_world_training/01816.bin,real,0,
real_world_training/01817.bin,real,0,
real_world_training/01818.bin,real,0,
real_world_training/01819.bin,real,0,
real_world_training/01820.bin,real,0,
real_world_training/01821.bin,real,0,
injected/01822.bin,real,1,
injected/01823.bin,real,1,
real_world_training/01824.bin,real,0,
real_world_training/01825.bin,real,0,
real_world_training/01826.bin,real,0,
real_world_training/01827.bin,real,0,
real_world_training/01828.bin,real,0,
real_world_training/01829.bin,real,0,
real_world_training/01830.bin,real,0,
real_world_training/01831.bin,real,0,
injected/01832.bin,real,1,
injected/01833.bin,real,1,
real_world_training/01834.bin,real,0,
real_world_training/01835.bin,real,0,
real_world_training/01836.bin,real,0,
real_world_training/01837.bin,real,0,
real_world_training/01838.bin,real,0,
injected/01839.bin,real,1,
real_world_training/01840.bin,real,0,
real_world_training/01841.bin,real,0,
real_world_training/01842.bin,real,0,
real_world_training/01843.bin,real,0,
injected/01844.bin,real,1,
real_world_training/01845.bin,real,0,
real_world_training/01846.bin,real,0,
real_world_training/01847.bin,real,0,
real_world_training/01848.bin,real,0,
injected/01849.bin,real,1,
real_world_training/01850.bin,real,0,
injected/01851.bin,real,1,
injected/01852.bin,real,1,
real_world_training/01853.bin,real,0,
real_world_training/01854.bin,real,0,
real_world_training/01855.bin,real,0,
injected/01856.bin,real,1,
injected/01857.bin,real,1,
real_world_training/01858.bin,real,0,
real_world_training/01859.bin,real,0,
real_world_training/01860.bin,real,0,
real_world_training/01861.bin,real,0,
injected/01862.bin,real,1,
real_world_training/01863.bin,real,0,
injected/01864.bin,real,1,
real_world_training/01865.bin,real,0,
injected/01866.bin,real,1,
real_world_training/01867.bin,real,0,
real_world_training/01868.bin,real,0,
real_world_training/01869.bin,real,0,
injected/01870.bin,real,1,
real_world_training/01871.bin,real,1,
real_world_training/01872.bin,real,0,
injected/01873.bin,real,1,
real_world_training/01874.bin,real,0,
injected/01875.bin,real,1,
real_world_training/01876.bin,real,0,
injected/01877.bin,real,1,
real_world_training/01878.bin,real,0,
injected/01879.bin,real,1,
injected/01880.bin,real,1,
injected/01881.bin,real,1,
injected/01882.bin,real,1,
injected/01883.bin,real,1,
real_world_training/01884.bin,real,0,
real_world_training/01885.bin,real,0,
real_world_training/01886.bin,real,0,
real_world_training/01887.bin,real,0,
real_world_training/01888.bin,real,0,
injected/01889.bin,real,1,
real_world_training/01890.bin,real,0,
real_world_training/01891.bin,real,0,
injected/01892.bin,real,1,
real_world_training/01893.bin,real,0,
injected/01894.bin,real,1,
real_world_training/01895.bin,real,0,
injected/01896.bin,real,1,
injected/01897.bin,real,1,
real_world_training/01898.bin,real,0,
injected/01899.bin,real,1,
real_world_training/01900.bin,real,0,
injected/01901.bin,real,1,
real_world_training/01902.bin,real,0,
injected/01903.bin,real,1,
injected/01904.bin,real,1,
injected/01905.bin,real,1,
real_world_training/01906.bin,real,0,
injected/01907.bin,real,1,
real_world_training/01908.bin,real,0,
injected/01909.bin,real,1,
real_world_training/01910.bin,real,0,
injected/01911.bin,real,1,
injected/01912.bin,real,1,
injected/01913.bin,real,1,
injected/01914.bin,real,1,
real_world_training/01915.bin,real,0,
real_world_training/01916.bin,real,0,
real_world_training/01917.bin,real,0,
real_world_training/01918.bin,real,0,
injected/01919.bin,real,1,
injected/01920.bin,real,1,
real_world_training/01921.bin,real,0,
real_world_training/01922.bin,real,1,
real_world_training/01923.bin,real,0,
injected/01924.bin,real,1,
real_world_training/01925.bin,real,0,
real_world_training/01926.bin,real,0,
real_world_training/01927.bin,real,0,
real_world_training/01928.bin,real,0,
real_world_training/01929.bin,real,0,
real_world_training/01930.bin,real,0,
injected/01931.bin,real,1,
injected/01932.bin,real,1,
injected/01933.bin,real,1,
injected/01934.bin,real,1,
injected/01935.bin,real,1,
real_world_training/01936.bin,real,0,
real_world_training/01937.bin,real,0,
injected/01938.bin,real,1,
injected/01939.bin,real,1,
real_world_training/01940.bin,real,0,
injected/01941.bin,real,1,
injected/01942.bin,real,1,
injected/01943.bin,real,1,
real_world_training/01944.bin,real,0,
real_world_training/01945.bin,real,0,
real_world_training/01946.bin,real,0,
real_world_training/01947.bin,real,0,
real_world_training/01948.bin,real,0,
real_world_training/01949.bin,real,0,
real_world_training/01950.bin,real,0,
injected/01951.bin,real,1,
real_world_training/01952.bin,real,1,
injected/01953.bin,real,1,
real_world_training/01954.bin,real,0,
real_world_training/01955.bin,real,0,
real_world_training/01956.bin,real,0,
real_world_training/01957.bin,real,0,
real_world_training/01958.bin,real,0,
injected/01959.bin,real,1,
injected/01960.bin,real,1,
real_world_training/01961.bin,real,0,
real_world_training/01962.bin,real,0,
real_world_training/01963.bin,real,0,
real_world_training/01964.bin,real,1,
real_world_training/01965.bin,real,0,
real_world_training/01966.bin,real,0,
real_world_training/01967.bin,real,0,
real_world_training/01968.bin,real,0,
injected/01969.bin,real,1,
injected/01970.bin,real,1,
real_world_training/01971.bin,real,0,
real_world_training/01972.bin,real,0,
real_world_training/01973.bin,real,0,
real_world_training/01974.bin,real,0,
real_world_training/01975.bin,real,0,
injected/01976.bin,real,1,
injected/01977.bin,real,1,
injected/01978.bin,real,1,
injected/01979.bin,real,1,
injected/01980.bin,real,1,
real_world_training/01981.bin,real,0,
real_world_training/01982.bin,real,0,
real_world_training/01983.bin,real,0,
injected/01984.bin,real,1,
injected/01985.bin,real,1,
real_world_training/01986.bin,real,0,
real_world_training/01987.bin,real,0,
real_world_training/01988.bin,real,0,
real_world_training/01989.bin,real,0,
injected/01990.bin,real,1,
injected/01991.bin,real,1,
real_world_training/01992.bin,real,0,
real_world_training/01993.bin,real,0,
real_world_training/01994.bin,real,0,
real_world_training/01995.bin,real,0,
real_world_training/01996.bin,real,0,
real_world_training/01997.bin,real,0,
real_world_training/01998.bin,real,0,
injected/01999.bin,real,1,
injected/02000.bin,real,1,
real_world_training/02001.bin,real,0,
real_world_training/02002.bin,real,0,
real_world_training/02003.bin,real,0,
real_world_training/02004.bin,real,0,
injected/02005.bin,real,1,
injected/02006.bin,real,1,
injected/02007.bin,real,1,
injected/02008.bin,real,1,
injected/02009.bin,real,1,
real_world_training/02010.bin,real,0,
injected/02011.bin,real,1,
injected/02012.bin,real,1,
real_world_training/02013.bin,real,0,
real_world_training/02014.bin,real,0,
real_world_training/02015.bin,real,0,
real_world_training/02016.bin,real,0,
real_world_training/02017.bin,real,0,
injected/02018.bin,real,1,
injected/02019.bin,real,1,
real_world_training/02020.bin,real,1,
injected/02021.bin,real,1,
real_world_training/02022.bin,real,0,
real_world_training/02023.bin,real,0,
real_world_training/02024.bin,real,0,
injected/02025.bin,real,1,
real_world_training/02026.bin,real,0,
injected/02027.bin,real,1,
real_world_training/02028.bin,real,0,
real_world_training/02029.bin,real,0,
real_world_training/02030.bin,real,1,
real_world_training/02031.bin,real,0,
real_world_training/02032.bin,real,0,
real_world_training/02033.bin,real,0,
injected/02034.bin,real,1,
real_world_training/02035.bin,real,0,
injected/02036.bin,real,1,
real_world_training/02037.bin,real,0,
injected/02038.bin,real,1,
real_world_training/02039.bin,real,0,
injected/02040.bin,real,1,
real_world_training/02041.bin,real,0,
real_world_training/02042.bin,real,0,
real_world_training/02043.bin,real,0,
real_world_training/02044.bin,real,0,
real_world_training/02045.bin,real,0,
injected/02046.bin,real,1,
real_world_training/02047.bin,real,0,
injected/02048.bin,real,1,
real_world_training/02049.bin,real,0,
injected/02050.bin,real,1,
real_world_training/02051.bin,real,0,
real_world_training/02052.bin,real,0,
injected/02053.bin,real,1,
injected/02054.bin,real,1,
injected/02055.bin,real,1,
real_world_training/02056.bin,real,1,
real_world_training/02057.bin,real,0,
real_world_training/02058.bin,real,0,
real_world_training/02059.bin,real,0,
real_world_training/02060.bin,real,1,
real_world_training/02061.bin,real,0,
injected/02062.bin,real,1,
real_world_training/02063.bin,real,0,
real_world_training/02064.bin,real,0,
injected/02065.bin,real,1,
real_world_training/02066.bin,real,0,
real_world_training/02067.bin,real,0,
real_world_training/02068.bin,real,0,
real_world_training/02069.bin,real,0,
injected/02070.bin,real,1,
injected/02071.bin,real,1,
real_world_training/02072.bin,real,0,
real_world_training/02073.bin,real,0,
injected/02074.bin,real,1,
real_world_training/02075.bin,real,0,
real_world_training/02076.bin,real,0,
real_world_training/02077.bin,real,0,
injected/02078.bin,real,1,
real_world_training/02079.bin,real,0,
injected/02080.bin,real,1,
injected/02081.bin,real,1,
injected/02082.bin,real,1,
real_world_training/02083.bin,real,0,
real_world_training/02084.bin,real,0,
real_world_training/02085.bin,real,0,
injected/02086.bin,real,1,
real_world_training/02087.bin,real,0,
real_world_training/02088.bin,real,0,
real_world_training/02089.bin,real,0,
real_world_training/02090.bin,real,0,
real_world_training/02091.bin,real,0,
real_world_training/02092.bin,real,0,
real_world_training/02093.bin,real,0,
real_world_training/02094.bin,real,0,
real_world_training/02095.bin,real,0,
injected/02096.bin,real,1,
injected/02097.bin,real,1,
real_world_training/02098.bin,real,0,
real_world_training/02099.bin,real,0,
real_world_training/02100.bin,real,0,
real_world_training/02101.bin,real,0,
real_world_training/02102.bin,real,0,
injected/02103.bin,real,1,
injected/02104.bin,real,1,
injected/02105.bin,real,1,
injected/02106.bin,real,1,
real_world_training/02107.bin,real,0,
injected/02108.bin,real,1,
real_world_training/02109.bin,real,0,
injected/02110.bin,real,1,
real_world_training/02111.bin,real,0,
injected/02112.bin,real,1,
injected/02113.bin,real,1,
injected/02114.bin,real,1,
real_world_training/02115.bin,real,1,
injected/02116.bin,real,1,
real_world_training/02117.bin,real,0,
real_world_training/02118.bin,real,0,
injected/02119.bin,real,1,
real_world_training/02120.bin,real,0,
real_world_training/02121.bin,real,0,
real_world_training/02122.bin,real,0,
real_world_training/02123.bin,real,0,
injected/02124.bin,real,1,
real_world_training/02125.bin,real,0,
injected/02126.bin,real,1,
injected/02127.bin,real,1,
real_world_training/02128.bin,real,0,
real_world_training/02129.bin,real,1,
real_world_training/02130.bin,real,0,
real_world_training/02131.bin,real,0,
real_world_training/02132.bin,real,0,
injected/02133.bin,real,1,
injected/02134.bin,real,1,
real_world_training/02135.bin,real,0,
real_world_training/02136.bin,real,0,
real_world_training/02137.bin,real,0,
real_world_training/02138.bin,real,0,
real_world_training/02139.bin,real,0,
real_world_training/02140.bin,real,0,
injected/02141.bin,real,1,
real_world_training/02142.bin,real,0,
real_world_training/02143.bin,real,0,
injected/02144.bin,real,1,
injected/02145.bin,real,1,
injected/02146.bin,real,1,
real_world_training/02147.bin,real,0,
real_world_training/02148.bin,real,0,
injected/02149.bin,real,1,
real_world_training/02150.bin,real,0,
real_world_training/02151.bin,real,0,
real_world_training/02152.bin,real,0,
injected/02153.bin,real,1,
injected/02154.bin,real,1,
real_world_training/02155.bin,real,0,
real_world_training/02156.bin,real,0,
real_world_training/02157.bin,real,0,
injected/02158.bin,real,1,
injected/02159.bin,real,1,
real_world_training/02160.bin,real,0,
real_world_training/02161.bin,real,0,
injected/02162.bin,real,1,
real_world_training/02163.bin,real,0,
real_world_training/02164.bin,real,0,
real_world_training/02165.bin,real,0,
injected/02166.bin,real,1,
real_world_training/02167.bin,real,0,
injected/02168.bin,real,1,
real_world_training/02169.bin,real,0,
injected/02170.bin,real,1,
real_world_training/02171.bin,real,0,
real_world_training/02172.bin,real,0,
injected/02173.bin,real,1,
injected/02174.bin,real,1,
real_world_training/02175.bin,real,0,
real_world_training/02176.bin,real,0,
real_world_training/02177.bin,real,0,
injected/02178.bin,real,1,
real_world_training/02179.bin,real,0,
real_world_training/02180.bin,real,0,
injected/02181.bin,real,1,
real_world_training/02182.bin,real,0,
real_world_training/02183.bin,real,0,
injected/02184.bin,real,1,
injected/02185.bin,real,1,
injected/02186.bin,real,1,
real_world_training/02187.bin,real,0,
injected/02188.bin,real,1,
injected/02189.bin,real,1,
injected/02190.bin,real,1,
injected/02191.bin,real,1,
real_world_training/02192.bin,real,0,
real_world_training/02193.bin,real,0,
real_world_training/02194.bin,real,0,
injected/02195.bin,real,1,
real_world_training/02196.bin,real,0,
real_world_training/02197.bin,real,0,
real_world_training/02198.bin,real,0,
injected/02199.bin,real,1,
injected/02200.bin,real,1,
real_world_training/02201.bin,real,1,
real_world_training/02202.bin,real,0,
injected/02203.bin,real,1,
real_world_training/02204.bin,real,0,
real_world_training/02205.bin,real,0,
real_world_training/02206.bin,real,0,
real_world_training/02207.bin,real,0,
real_world_training/02208.bin,real,1,
injected/02209.bin,real,1,
real_world_training/02210.bin,real,0,
injected/02211.bin,real,1,
injected/02212.bin,real,1,
real_world_training/02213.bin,real,0,
real_world_training/02214.bin,real,0,
injected/02215.bin,real,1,
real_world_training/02216.bin,real,1,
real_world_training/02217.bin,real,0,
real_world_training/02218.bin,real,0,
injected/02219.bin,real,1,
injected/02220.bin,real,1,
real_world_training/02221.bin,real,0,
injected/02222.bin,real,1,
real_world_training/02223.bin,real,0,
injected/02224.bin,real,1,
real_world_training/02225.bin,real,0,
real_world_training/02226.bin,real,0,
injected/02227.bin,real,1,
real_world_training/02228.bin,real,0,
real_world_training/02229.bin,real,0,
real_world_training/02230.bin,real,0,
real_world_training/02231.bin,real,0,
injected/02232.bin,real,1,
real_world_training/02233.bin,real,0,
real_world_training/02234.bin,real,0,
injected/02235.bin,real,1,
real_world_training/02236.bin,real,0,
real_world_training/02237.bin,real,0,
real_world_training/02238.bin,real,0,
injected/02239.bin,real,1,
real_world_training/02240.bin,real,0,
real_world_training/02241.bin,real,0,
injected/02242.bin,real,1,
real_world_training/02243.bin,real,0,
injected/02244.bin,real,1,
real_world_training/02245.bin,real,0,
injected/02246.bin,real,1,
injected/02247.bin,real,1,
real_world_training/02248.bin,real,0,
real_world_training/02249.bin,real,0,
injected/02250.bin,real,1,
real_world_training/02251.bin,real,0,
real_world_training/02252.bin,real,0,
injected/02253.bin,real,1,
injected/02254.bin,real,1,
real_world_training/02255.bin,real,0,
real_world_training/02256.bin,real,0,
real_world_training/02257.bin,real,0,
injected/02258.bin,real,1,
real_world_training/02259.bin,real,0,
real_world_training/02260.bin,real,0,
real_world_training/02261.bin,real,0,
real_world_training/02262.bin,real,0,
real_world_training/02263.bin,real,0,
real_world_training/02264.bin,real,0,
injected/02265.bin,real,1,
real_world_training/02266.bin,real,0,
real_world_training/02267.bin,real,0,
real_world_training/02268.bin,real,0,
real_world_training/02269.bin,real,0,
real_world_training/02270.bin,real,0,
real_world_training/02271.bin,real,0,
injected/02272.bin,real,1,
real_world_training/02273.bin,real,1,
injected/02274.bin,real,1,
real_world_training/02275.bin,real,0,
real_world_training/02276.bin,real,0,
real_world_training/02277.bin,real,0,
real_world_training/02278.bin,real,0,
injected/02279.bin,real,1,
real_world_training/02280.bin,real,0,
real_world_training/02281.bin,real,0,
real_world_training/02282.bin,real,0,
real_world_training/02283.bin,real,0,
injected/02284.bin,real,1,
injected/02285.bin,real,1,
injected/02286.bin,real,1,
real_world_training/02287.bin,real,0,
injected/02288.bin,real,1,
real_world_training/02289.bin,real,0,
real_world_training/02290.bin,real,0,
real_world_training/02291.bin,real,0,
injected/02292.bin,real,1,
real_world_training/02293.bin,real,0,
real_world_training/02294.bin,real,0,
injected/02295.bin,real,1,
injected/02296.bin,real,1,
real_world_training/02297.bin,real,0,
real_world_training/02298.bin,real,0,
real_world_training/02299.bin,real,0,
real_world_training/02300.bin,real,0,
injected/02301.bin,real,1,
injected/02302.bin,real,1,
real_world_training/02303.bin,real,0,
injected/02304.bin,real,1,
real_world_training/02305.bin,real,0,
real_world_training/02306.bin,real,0,
real_world_training/02307.bin,real,0,
injected/02308.bin,real,1,
real_world_training/02309.bin,real,0,
real_world_training/02310.bin,real,0,
real_world_training/02311.bin,real,1,
injected/02312.bin,real,1,
real_world_training/02313.bin,real,0,
real_world_training/02314.bin,real,0,
real_world_training/02315.bin,real,0,
real_world_training/02316.bin,real,0,
real_world_training/02317.bin,real,0,
real_world_training/02318.bin,real,1,
injected/02319.bin,real,1,
injected/02320.bin,real,1,
real_world_training/02321.bin,real,0,
real_world_training/02322.bin,real,0,
injected/02323.bin,real,1,
real_world_training/02324.bin,real,0,
injected/02325.bin,real,1,
real_world_training/02326.bin,real,0,
injected/02327.bin,real,1,
injected/02328.bin,real,1,
injected/02329.bin,real,1,
real_world_training/02330.bin,real,0,
real_world_training/02331.bin,real,0,
injected/02332.bin,real,1,
injected/02333.bin,real,1,
real_world_training/02334.bin,real,0,
injected/02335.bin,real,1,
real_world_training/02336.bin,real,0,
real_world_training/02337.bin,real,0,
injected/02338.bin,real,1,
real_world_training/02339.bin,real,0,
injected/02340.bin,real,1,
injected/02341.bin,real,1,
real_world_training/02342.bin,real,0,
injected/02343.bin,real,1,
real_world_training/02344.bin,real,0,
injected/02345.bin,real,1,
injected/02346.bin,real,1,
real_world_training/02347.bin,real,0,
injected/02348.bin,real,1,
real_world_training/02349.bin,real,0,
injected/02350.bin,real,1,
injected/02351.bin,real,1,
injected/02352.bin,real,1,
real_world_training/02353.bin,real,0,
real_world_training/02354.bin,real,0,
real_world_training/02355.bin,real,0,
real_world_training/02356.bin,real,0,
injected/02357.bin,real,1,
injected/02358.bin,real,1,
real_world_training/02359.bin,real,0,
real_world_training/02360.bin,real,0,
real_world_training/02361.bin,real,0,
injected/02362.bin,real,1,
injected/02363.bin,real,1,
real_world_training/02364.bin,real,0,
real_world_training/02365.bin,real,0,
real_world_training/02366.bin,real,0,
real_world_training/02367.bin,real,0,
real_world_training/02368.bin,real,0,
injected/02369.bin,real,1,
real_world_training/02370.bin,real,0,
real_world_training/02371.bin,real,0,
real_world_training/02372.bin,real,1,
real_world_training/02373.bin,real,0,
injected/02374.bin,real,1,
real_world_training/02375.bin,real,0,
real_world_training/02376.bin,real,0,
real_world_training/02377.bin,real,0,
real_world_training/02378.bin,real,0,
injected/02379.bin,real,1,
injected/02380.bin,real,1,
injected/02381.bin,real,1,
injected/02382.bin,real,1,
real_world_training/02383.bin,real,0,
injected/02384.bin,real,1,
real_world_training/02385.bin,real,0,
injected/02386.bin,real,1,
injected/02387.bin,real,1,
injected/02388.bin,real,1,
injected/02389.bin,real,1,
injected/02390.bin,real,1,
real_world_training/02391.bin,real,0,
real_world_training/02392.bin,real,0,
real_world_training/02393.bin,real,0,
real_world_training/02394.bin,real,0,
real_world_training/02395.bin,real,0,
injected/02396.bin,real,1,
real_world_training/02397.bin,real,0,
injected/02398.bin,real,1,
injected/02399.bin,real,1,
injected/02400.bin,real,1,
real_world_training/02401.bin,real,0,
real_world_training/02402.bin,real,0,
injected/02403.bin,real,1,
real_world_training/02404.bin,real,0,
real_world_training/02405.bin,real,0,
real_world_training/02406.bin,real,0,
real_world_training/02407.bin,real,0,
real_world_training/02408.bin,real,0,
real_world_training/02409.bin,real,0,
real_world_training/02410.bin,real,0,
injected/02411.bin,real,1,
real_world_training/02412.bin,real,0,
real_world_training/02413.bin,real,0,
real_world_training/02414.bin,real,0,
real_world_training/02415.bin,real,0,
injected/02416.bin,real,1,
real_world_training/02417.bin,real,0,
injected/02418.bin,real,1,
injected/02419.bin,real,1,
real_world_training/02420.bin,real,0,
real_world_training/02421.bin,real,1,
real_world_training/02422.bin,real,0,
injected/02423.bin,real,1,
real_world_training/02424.bin,real,0,
injected/02425.bin,real,1,
real_world_training/02426.bin,real,0,
real_world_training/02427.bin,real,0,
real_world_training/02428.bin,real,0,
real_world_training/02429.bin,real,0,
injected/02430.bin,real,1,
real_world_training/02431.bin,real,0,
injected/02432.bin,real,1,
real_world_training/02433.bin,real,0,
injected/02434.bin,real,1,
real_world_training/02435.bin,real,0,
injected/02436.bin,real,1,
real_world_training/02437.bin,real,0,
real_world_training/02438.bin,real,0,
real_world_training/02439.bin,real,0,
injected/02440.bin,real,1,
injected/02441.bin,real,1,
injected/02442.bin,real,1,
real_world_training/02443.bin,real,0,
real_world_training/02444.bin,real,0,
real_world_training/02445.bin,real,0,
real_world_training/02446.bin,real,0,
injected/02447.bin,real,1,
injected/02448.bin,real,1,
real_world_training/02449.bin,real,0,
real_world_training/02450.bin,real,0,
injected/02451.bin,real,1,
real_world_training/02452.bin,real,0,
injected/02453.bin,real,1,
real_world_training/02454.bin,real,0,
real_world_training/02455.bin,real,0,
injected/02456.bin,real,1,
injected/02457.bin,real,1,
real_world_training/02458.bin,real,0,
real_world_training/02459.bin,real,0,
real_world_training/02460.bin,real,0,
injected/02461.bin,real,1,
real_world_training/02462.bin,real,0,
real_world_training/02463.bin,real,0,
real_world_training/02464.bin,real,0,
real_world_training/02465.bin,real,0,
real_world_training/02466.bin,real,0,
real_world_training/02467.bin,real,0,
injected/02468.bin,real,1,
injected/02469.bin,real,1,
injected/02470.bin,real,1,
real_world_training/02471.bin,real,0,
real_world_training/02472.bin,real,0,
injected/02473.bin,real,1,
real_world_training/02474.bin,real,0,
real_world_training/02475.bin,real,0,
injected/02476.bin,real,1,
real_world_training/02477.bin,real,0,
injected/02478.bin,real,1,
real_world_training/02479.bin,real,0,
real_world_training/02480.bin,real,0,
injected/02481.bin,real,1,
injected/02482.bin,real,1,
real_world_training/02483.bin,real,0,
real_world_training/02484.bin,real,0,
injected/02485.bin,real,1,
real_world_training/02486.bin,real,0,
real_world_training/02487.bin,real,0,
real_world_training/02488.bin,real,0,
injected/02489.bin,real,1,
injected/02490.bin,real,1,
real_world_training/02491.bin,real,0,
real_world_training/02492.bin,real,0,
real_world_training/02493.bin,real,1,
injected/02494.bin,real,1,
injected/02495.bin,real,1,
real_world_training/02496.bin,real,0,
injected/02497.bin,real,1,
injected/02498.bin,real,1,
real_world_training/02499.bin,real,1,
real_world_training/02500.bin,real,0,
injected/02501.bin,real,1,
real_world_training/02502.bin,real,0,
real_world_training/02503.bin,real,0,
injected/02504.bin,real,1,
injected/02505.bin,real,1,
real_world_training/02506.bin,real,0,
real_world_training/02507.bin,real,0,
real_world_training/02508.bin,real,0,
real_world_training/02509.bin,real,0,
real_world_training/02510.bin,real,1,
real_world_training/02511.bin,real,0,
real_world_training/02512.bin,real,0,
real_world_training/02513.bin,real,0,
real_world_training/02514.bin,real,0,
injected/02515.bin,real,1,
real_world_training/02516.bin,real,0,
real_world_training/02517.bin,real,0,
real_world_training/02518.bin,real,0,
real_world_training/02519.bin,real,0,
injected/02520.bin,real,1,
real_world_training/02521.bin,real,0,
injected/02522.bin,real,1,
injected/02523.bin,real,1,
real_world_training/02524.bin,real,0,
real_world_training/02525.bin,real,0,
injected/02526.bin,real,1,
real_world_training/02527.bin,real,0,
injected/02528.bin,real,1,
injected/02529.bin,real,1,
injected/02530.bin,real,1,
real_world_training/02531.bin,real,0,
injected/02532.bin,real,1,
injected/02533.bin,real,1,
injected/02534.bin,real,1,
injected/02535.bin,real,1,
real_world_training/02536.bin,real,0,
injected/02537.bin,real,1,
injected/02538.bin,real,1,
real_world_training/02539.bin,real,0,
injected/02540.bin,real,1,
injected/02541.bin,real,1,
real_world_training/02542.bin,real,0,
real_world_training/02543.bin,real,0,
injected/02544.bin,real,1,
real_world_training/02545.bin,real,0,
real_world_training/02546.bin,real,0,
injected/02547.bin,real,1,
real_world_training/02548.bin,real,1,
real_world_training/02549.bin,real,0,
injected/02550.bin,real,1,
injected/02551.bin,real,1,
injected/02552.bin,real,1,
real_world_training/02553.bin,real,0,
real_world_training/02554.bin,real,0,
real_world_training/02555.bin,real,0,
injected/02556.bin,real,1,
real_world_training/02557.bin,real,0,
real_world_training/02558.bin,real,0,
injected/02559.bin,real,1,
real_world_training/02560.bin,real,0,
injected/02561.bin,real,1,
real_world_training/02562.bin,real,0,
real_world_training/02563.bin,real,0,
real_world_training/02564.bin,real,0,
real_world_training/02565.bin,real,0,
injected/02566.bin,real,1,
real_world_training/02567.bin,real,0,
real_world_training/02568.bin,real,0,
real_world_training/02569.bin,real,0,
injected/02570.bin,real,1,
real_world_training/02571.bin,real,0,
injected/02572.bin,real,1,
injected/02573.bin,real,1,
real_world_training/02574.bin,real,0,
real_world_training/02575.bin,real,0,
real_world_training/02576.bin,real,0,
injected/02577.bin,real,1,
injected/02578.bin,real,1,
real_world_training/02579.bin,real,0,
injected/02580.bin,real,1,
injected/02581.bin,real,1,
real_world_training/02582.bin,real,0,
real_world_training/02583.bin,real,0,
injected/02584.bin,real,1,
injected/02585.bin,real,1,
injected/02586.bin,real,1,
real_world_training/02587.bin,real,0,
real_world_training/02588.bin,real,0,
injected/02589.bin,real,1,
real_world_training/02590.bin,real,0,
injected/02591.bin,real,1,
injected/02592.bin,real,1,
real_world_training/02593.bin,real,0,
real_world_training/02594.bin,real,0,
real_world_training/02595.bin,real,0,
real_world_training/02596.bin,real,0,
injected/02597.bin,real,1,
injected/02598.bin,real,1,
real_world_training/02599.bin,real,0,
injected/02600.bin,real,1,
injected/02601.bin,real,1,
injected/02602.bin,real,1,
real_world_training/02603.bin,real,0,
real_world_training/02604.bin,real,0,
injected/02605.bin,real,1,
injected/02606.bin,real,1,
real_world_training/02607.bin,real,0,
real_world_training/02608.bin,real,0,
real_world_training/02609.bin,real,0,
injected/02610.bin,real,1,
real_world_training/02611.bin,real,0,
real_world_training/02612.bin,real,0,
injected/02613.bin,real,1,
real_world_training/02614.bin,real,0,
real_world_training/02615.bin,real,0,
real_world_training/02616.bin,real,0,
injected/02617.bin,real,1,
injected/02618.bin,real,1,
real_world_training/02619.bin,real,0,
real_world_training/02620.bin,real,0,
injected/02621.bin,real,1,
injected/02622.bin,real,1,
injected/02623.bin,real,1,
injected/02624.bin,real,1,
real_world_training/02625.bin,real,0,
injected/02626.bin,real,1,
injected/02627.bin,real,1,
injected/02628.bin,real,1,
real_world_training/02629.bin,real,0,
injected/02630.bin,real,1,
injected/02631.bin,real,1,
real_world_training/02632.bin,real,0,
injected/02633.bin,real,1,
real_world_training/02634.bin,real,0,
real_world_training/02635.bin,real,0,
injected/02636.bin,real,1,
real_world_training/02637.bin,real,0,
real_world_training/02638.bin,real,0,
real_world_training/02639.bin,real,1,
injected/02640.bin,real,1,
real_world_training/02641.bin,real,0,
real_world_training/02642.bin,real,0,
injected/02643.bin,real,1,
real_world_training/02644.bin,real,0,
injected/02645.bin,real,1,
injected/02646.bin,real,1,
real_world_training/02647.bin,real,0,
injected/02648.bin,real,1,
real_world_training/02649.bin,real,0,
injected/02650.bin,real,1,
real_world_training/02651.bin,real,0,
injected/02652.bin,real,1,
injected/02653.bin,real,1,
real_world_training/02654.bin,real,0,
real_world_training/02655.bin,real,0,
injected/02656.bin,real,1,
real_world_training/02657.bin,real,0,
real_world_training/02658.bin,real,0,
real_world_training/02659.bin,real,0,
real_world_training/02660.bin,real,0,
real_world_training/02661.bin,real,0,
real_world_training/02662.bin,real,0,
injected/02663.bin,real,1,
real_world_training/02664.bin,real,0,
real_world_training/02665.bin,real,0,
real_world_training/02666.bin,real,0,
injected/02667.bin,real,1,
real_world_training/02668.bin,real,0,
injected/02669.bin,real,1,
real_world_training/02670.bin,real,0,
injected/02671.bin,real,1,
real_world_training/02672.bin,real,0,
real_world_training/02673.bin,real,0,
real_world_training/02674.bin,real,0,
real_world_training/02675.bin,real,1,
injected/02676.bin,real,1,
injected/02677.bin,real,1,
real_world_training/02678.bin,real,0,
real_world_training/02679.bin,real,0,
real_world_training/02680.bin,real,0,
real_world_training/02681.bin,real,0,
real_world_training/02682.bin,real,0,
injected/02683.bin,real,1,
real_world_training/02684.bin,real,0,
real_world_training/02685.bin,real,0,
real_world_training/02686.bin,real,0,
injected/02687.bin,real,1,
real_world_training/02688.bin,real,0,
injected/02689.bin,real,1,
injected/02690.bin,real,1,
real_world_training/02691.bin,real,0,
injected/02692.bin,real,1,
real_world_training/02693.bin,real,0,
real_world_training/02694.bin,real,0,
injected/02695.bin,real,1,
real_world_training/02696.bin,real,0,
real_world_training/02697.bin,real,0,
real_world_training/02698.bin,real,0,
real_world_training/02699.bin,real,0,
real_world_training/02700.bin,real,1,
real_world_training/02701.bin,real,0,
real_world_training/02702.bin,real,0,
real_world_training/02703.bin,real,0,
real_world_training/02704.bin,real,0,
real_world_training/02705.bin,real,0,
injected/02706.bin,real,1,
injected/02707.bin,real,1,
real_world_training/02708.bin,real,0,
real_world_training/02709.bin,real,0,
real_world_training/02710.bin,real,0,
real_world_training/02711.bin,real,0,
injected/02712.bin,real,1,
real_world_training/02713.bin,real,0,
injected/02714.bin,real,1,
injected/02715.bin,real,1,
injected/02716.bin,real,1,
injected/02717.bin,real,1,
real_world_training/02718.bin,real,0,
injected/02719.bin,real,1,
real_world_training/02720.bin,real,0,
real_world_training/02721.bin,real,0,
real_world_training/02722.bin,real,0,
injected/02723.bin,real,1,
real_world_training/02724.bin,real,0,
injected/02725.bin,real,1,
real_world_training/02726.bin,real,0,
injected/02727.bin,real,1,
injected/02728.bin,real,1,
real_world_training/02729.bin,real,0,
injected/02730.bin,real,1,
injected/02731.bin,real,1,
real_world_training/02732.bin,real,1,
injected/02733.bin,real,1,
real_world_training/02734.bin,real,0,
real_world_training/02735.bin,real,0,
injected/02736.bin,real,1,
real_world_training/02737.bin,real,0,
real_world_training/02738.bin,real,0,
real_world_training/02739.bin,real,0,
injected/02740.bin,real,1,
real_world_training/02741.bin,real,0,
real_world_training/02742.bin,real,0,
injected/02743.bin,real,1,
real_world_training/02744.bin,real,0,
real_world_training/02745.bin,real,1,
injected/02746.bin,real,1,
injected/02747.bin,real,1,
real_world_training/02748.bin,real,0,
injected/02749.bin,real,1,
real_world_training/02750.bin,real,0,
real_world_training/02751.bin,real,0,
real_world_training/02752.bin,real,0,
real_world_training/02753.bin,real,0,
injected/02754.bin,real,1,
injected/02755.bin,real,1,
injected/02756.bin,real,1,
real_world_training/02757.bin,real,1,
injected/02758.bin,real,1,
injected/02759.bin,real,1,
real_world_training/02760.bin,real,0,
real_world_training/02761.bin,real,0,
real_world_training/02762.bin,real,0,
real_world_training/02763.bin,real,0,
real_world_training/02764.bin,real,0,
injected/02765.bin,real,1,
real_world_training/02766.bin,real,0,
real_world_training/02767.bin,real,0,
injected/02768.bin,real,1,
real_world_training/02769.bin,real,1,
real_world_training/02770.bin,real,0,
injected/02771.bin,real,1,
real_world_training/02772.bin,real,0,
real_world_training/02773.bin,real,0,
injected/02774.bin,real,1,
real_world_training/02775.bin,real,1,
real_world_training/02776.bin,real,0,
real_world_training/02777.bin,real,0,
real_world_training/02778.bin,real,0,
injected/02779.bin,real,1,
injected/02780.bin,real,1,
injected/02781.bin,real,1,
real_world_training/02782.bin,real,0,
real_world_training/02783.bin,real,0,
real_world_training/02784.bin,real,0,
injected/02785.bin,real,1,
real_world_training/02786.bin,real,0,
injected/02787.bin,real,1,
real_world_training/02788.bin,real,0,
injected/02789.bin,real,1,
injected/02790.bin,real,1,
real_world_training/02791.bin,real,0,
real_world_training/02792.bin,real,0,
real_world_training/02793.bin,real,0,
injected/02794.bin,real,1,
injected/02795.bin,real,1,
real_world_training/02796.bin,real,0,
real_world_training/02797.bin,real,0,
real_world_training/02798.bin,real,0,
injected/02799.bin,real,1,
real_world_training/02800.bin,real,0,
injected/02801.bin,real,1,
real_world_training/02802.bin,real,0,
injected/02803.bin,real,1,
real_world_training/02804.bin,real,0,
injected/02805.bin,real,1,
real_world_training/02806.bin,real,0,
injected/02807.bin,real,1,
injected/02808.bin,real,1,
injected/02809.bin,real,1,
real_world_training/02810.bin,real,0,
real_world_training/02811.bin,real,0,
injected/02812.bin,real,1,
injected/02813.bin,real,1,
injected/02814.bin,real,1,
injected/02815.bin,real,1,
real_world_training/02816.bin,real,0,
injected/02817.bin,real,1,
real_world_training/02818.bin,real,0,
real_world_training/02819.bin,real,0,
real_world_training/02820.bin,real,0,
injected/02821.bin,real,1,
real_world_training/02822.bin,real,0,
injected/02823.bin,real,1,
injected/02824.bin,real,1,
injected/02825.bin,real,1,
real_world_training/02826.bin,real,0,
injected/02827.bin,real,1,
injected/02828.bin,real,1,
real_world_training/02829.bin,real,0,
real_world_training/02830.bin,real,0,
injected/02831.bin,real,1,
injected/02832.bin,real,1,
injected/02833.bin,real,1,
real_world_training/02834.bin,real,0,
real_world_training/02835.bin,real,0,
real_world_training/02836.bin,real,0,
injected/02837.bin,real,1,
real_world_training/02838.bin,real,0,
injected/02839.bin,real,1,
injected/02840.bin,real,1,
real_world_training/02841.bin,real,0,
real_world_training/02842.bin,real,0,
injected/02843.bin,real,1,
injected/02844.bin,real,1,
real_world_training/02845.bin,real,0,
real_world_training/02846.bin,real,0,
real_world_training/02847.bin,real,0,
real_world_training/02848.bin,real,0,
real_world_training/02849.bin,real,1,
real_world_training/02850.bin,real,0,
real_world_training/02851.bin,real,0,
real_world_training/02852.bin,real,0,
injected/02853.bin,real,1,
injected/02854.bin,real,1,
injected/02855.bin,real,1,
injected/02856.bin,real,1,
injected/02857.bin,real,1,
real_world_training/02858.bin,real,0,
real_world_training/02859.bin,real,0,
injected/02860.bin,real,1,
real_world_training/02861.bin,real,0,
injected/02862.bin,real,1,
real_world_training/02863.bin,real,0,
real_world_training/02864.bin,real,0,
injected/02865.bin,real,1,
injected/02866.bin,real,1,
injected/02867.bin,real,1,
injected/02868.bin,real,1,
real_world_training/02869.bin,real,0,
real_world_training/02870.bin,real,0,
injected/02871.bin,real,1,
real_world_training/02872.bin,real,1,
real_world_training/02873.bin,real,0,
real_world_training/02874.bin,real,0,
real_world_training/02875.bin,real,0,
injected/02876.bin,real,1,
real_world_training/02877.bin,real,0,
real_world_training/02878.bin,real,0,
real_world_training/02879.bin,real,0,
injected/02880.bin,real,1,
real_world_training/02881.bin,real,0,
injected/02882.bin,real,1,
injected/02883.bin,real,1,
real_world_training/02884.bin,real,0,
real_world_training/02885.bin,real,0,
injected/02886.bin,real,1,
injected/02887.bin,real,1,
real_world_training/02888.bin,real,0,
injected/02889.bin,real,1,
real_world_training/02890.bin,real,0,
real_world_training/02891.bin,real,0,
real_world_training/02892.bin,real,0,
real_world_training/02893.bin,real,0,
injected/02894.bin,real,1,
injected/02895.bin,real,1,
real_world_training/02896.bin,real,0,
real_world_training/02897.bin,real,0,
real_world_training/02898.bin,real,0,
real_world_training/02899.bin,real,0,
injected/02900.bin,real,1,
injected/02901.bin,real,1,
injected/02902.bin,real,1,
real_world_training/02903.bin,real,0,
real_world_training/02904.bin,real,0,
real_world_training/02905.bin,real,0,
real_world_training/02906.bin,real,0,
real_world_training/02907.bin,real,0,
injected/02908.bin,real,1,
injected/02909.bin,real,1,
real_world_training/02910.bin,real,0,
real_world_training/02911.bin,real,0,
injected/02912.bin,real,1,
real_world_training/02913.bin,real,0,
real_world_training/02914.bin,real,0,
real_world_training/02915.bin,real,0,
injected/02916.bin,real,1,
real_world_training/02917.bin,real,0,
real_world_training/02918.bin,real,0,
injected/02919.bin,real,1,
injected/02920.bin,real,1,
injected/02921.bin,real,1,
injected/02922.bin,real,1,
injected/02923.bin,real,1,
real_world_training/02924.bin,real,0,
real_world_training/02925.bin,real,0,
injected/02926.bin,real,1,
injected/02927.bin,real,1,
injected/02928.bin,real,1,
injected/02929.bin,real,1,
real_world_training/02930.bin,real,0,
injected/02931.bin,real,1,
injected/02932.bin,real,1,
real_world_training/02933.bin,real,0,
injected/02934.bin,real,1,
injected/02935.bin,real,1,
injected/02936.bin,real,1,
injected/02937.bin,real,1,
real_world_training/02938.bin,real,0,
real_world_training/02939.bin,real,0,
injected/02940.bin,real,1,
injected/02941.bin,real,1,
real_world_training/02942.bin,real,0,
injected/02943.bin,real,1,
real_world_training/02944.bin,real,0,
injected/02945.bin,real,1,
injected/02946.bin,real,1,
real_world_training/02947.bin,real,0,
real_world_training/02948.bin,real,0,
real_world_training/02949.bin,real,0,
injected/02950.bin,real,1,
injected/02951.bin,real,1,
real_world_training/02952.bin,real,0,
real_world_training/02953.bin,real,0,
injected/02954.bin,real,1,
real_world_training/02955.bin,real,0,
injected/02956.bin,real,1,
injected/02957.bin,real,1,
real_world_training/02958.bin,real,0,
injected/02959.bin,real,1,
real_world_training/02960.bin,real,0,
real_world_training/02961.bin,real,0,
real_world_training/02962.bin,real,0,
real_world_training/02963.bin,real,0,
injected/02964.bin,real,1,
real_world_training/02965.bin,real,0,
real_world_training/02966.bin,real,0,
real_world_training/02967.bin,real,0,
injected/02968.bin,real,1,
real_world_training/02969.bin,real,0,
injected/02970.bin,real,1,
injected/02971.bin,real,1,
injected/02972.bin,real,1,
real_world_training/02973.bin,real,0,
real_world_training/02974.bin,real,1,
real_world_training/02975.bin,real,0,
real_world_training/02976.bin,real,0,
injected/02977.bin,real,1,
real_world_training/02978.bin,real,0,
real_world_training/02979.bin,real,0,
injected/02980.bin,real,1,
injected/02981.bin,real,1,
real_world_training/02982.bin,real,0,
injected/02983.bin,real,1,
injected/02984.bin,real,1,
real_world_training/02985.bin,real,0,
injected/02986.bin,real,1,
real_world_training/02987.bin,real,0,
injected/02988.bin,real,1,
injected/02989.bin,real,1,
injected/02990.bin,real,1,
injected/02991.bin,real,1,
injected/02992.bin,real,1,
injected/02993.bin,real,1,
injected/02994.bin,real,1,
real_world_training/02995.bin,real,0,
injected/02996.bin,real,1,
real_world_training/02997.bin,real,0,
real_world_training/02998.bin,real,0,
real_world_training/02999.bin,real,0,
real_world_training/03000.bin,real,0,
injected/03001.bin,real,1,
real_world_training/03002.bin,real,0,
real_world_training/03003.bin,real,0,
real_world_training/03004.bin,real,0,
real_world_training/03005.bin,real,0,
real_world_training/03006.bin,real,0,
real_world_training/03007.bin,real,0,
real_world_training/03008.bin,real,0,
real_world_training/03009.bin,real,1,
real_world_training/03010.bin,real,0,
injected/03011.bin,real,1,
injected/03012.bin,real,1,
injected/03013.bin,real,1,
injected/03014.bin,real,1,
injected/03015.bin,real,1,
real_world_training/03016.bin,real,0,
real_world_training/03017.bin,real,0,
real_world_training/03018.bin,real,0,
real_world_training/03019.bin,real,0,
injected/03020.bin,real,1,
real_world_training/03021.bin,real,0,
real_world_training/03022.bin,real,0,
injected/03023.bin,real,1,
injected/03024.bin,real,1,
real_world_training/03025.bin,real,0,
injected/03026.bin,real,1,
injected/03027.bin,real,1,
real_world_training/03028.bin,real,0,
real_world_training/03029.bin,real,0,
injected/03030.bin,real,1,
real_world_training/03031.bin,real,0,
real_world_training/03032.bin,real,0,
injected/03033.bin,real,1,
real_world_training/03034.bin,real,0,
injected/03035.bin,real,1,
real_world_training/03036.bin,real,0,
real_world_training/03037.bin,real,0,
real_world_training/03038.bin,real,0,
real_world_training/03039.bin,real,0,
real_world_training/03040.bin,real,0,
real_world_training/03041.bin,real,0,
real_world_training/03042.bin,real,0,
injected/03043.bin,real,1,
injected/03044.bin,real,1,
injected/03045.bin,real,1,
real_world_training/03046.bin,real,0,
injected/03047.bin,real,1,
injected/03048.bin,real,1,
injected/03049.bin,real,1,
injected/03050.bin,real,1,
injected/03051.bin,real,1,
injected/03052.bin,real,1,
real_world_training/03053.bin,real,0,
real_world_training/03054.bin,real,0,
injected/03055.bin,real,1,
real_world_training/03056.bin,real,0,
injected/03057.bin,real,1,
injected/03058.bin,real,1,
real_world_training/03059.bin,real,0,
injected/03060.bin,real,1,
real_world_training/03061.bin,real,0,
real_world_training/03062.bin,real,0,
real_world_training/03063.bin,real,0,
real_world_training/03064.bin,real,0,
real_world_training/03065.bin,real,0,
real_world_training/03066.bin,real,0,
injected/03067.bin,real,1,
injected/03068.bin,real,1,
real_world_training/03069.bin,real,0,
real_world_training/03070.bin,real,0,
real_world_training/03071.bin,real,1,
real_world_training/03072.bin,real,0,
real_world_training/03073.bin,real,0,
real_world_training/03074.bin,real,0,
real_world_training/03075.bin,real,0,
real_world_training/03076.bin,real,0,
injected/03077.bin,real,1,
real_world_training/03078.bin,real,0,
injected/03079.bin,real,1,
real_world_training/03080.bin,real,0,
injected/03081.bin,real,1,
injected/03082.bin,real,1,
real_world_training/03083.bin,real,0,
real_world_training/03084.bin,real,0,
real_world_training/03085.bin,real,0,
real_world_training/03086.bin,real,0,
real_world_training/03087.bin,real,0,
real_world_training/03088.bin,real,0,
real_world_training/03089.bin,real,0,
injected/03090.bin,real,1,
real_world_training/03091.bin,real,0,
injected/03092.bin,real,1,
real_world_training/03093.bin,real,0,
real_world_training/03094.bin,real,0,
injected/03095.bin,real,1,
real_world_training/03096.bin,real,0,
real_world_training/03097.bin,real,0,
real_world_training/03098.bin,real,0,
real_world_training/03099.bin,real,0,
injected/03100.bin,real,1,
real_world_training/03101.bin,real,0,
real_world_training/03102.bin,real,0,
real_world_training/03103.bin,real,0,
injected/03104.bin,real,1,
real_world_training/03105.bin,real,0,
real_world_training/03106.bin,real,0,
real_world_training/03107.bin,real,0,
injected/03108.bin,real,1,
real_world_training/03109.bin,real,0,
real_world_training/03110.bin,real,0,
real_world_training/03111.bin,real,0,
injected/03112.bin,real,1,
injected/03113.bin,real,1,
injected/03114.bin,real,1,
real_world_training/03115.bin,real,0,
injected/03116.bin,real,1,
injected/03117.bin,real,1,
real_world_training/03118.bin,real,0,
real_world_training/03119.bin,real,0,
real_world_training/03120.bin,real,0,
real_world_training/03121.bin,real,0,
injected/03122.bin,real,1,
real_world_training/03123.bin,real,0,
injected/03124.bin,real,1,
real_world_training/03125.bin,real,0,
injected/03126.bin,real,1,
real_world_training/03127.bin,real,0,
real_world_training/03128.bin,real,0,
injected/03129.bin,real,1,
real_world_training/03130.bin,real,0,
real_world_training/03131.bin,real,0,
injected/03132.bin,real,1,
real_world_training/03133.bin,real,0,
real_world_training/03134.bin,real,0,
injected/03135.bin,real,1,
injected/03136.bin,real,1,
injected/03137.bin,real,1,
injected/03138.bin,real,1,
real_world_training/03139.bin,real,0,
real_world_training/03140.bin,real,0,
injected/03141.bin,real,1,
real_world_training/03142.bin,real,0,
injected/03143.bin,real,1,
injected/03144.bin,real,1,
injected/03145.bin,real,1,
real_world_training/03146.bin,real,0,
real_world_training/03147.bin,real,0,
real_world_training/03148.bin,real,0,
injected/03149.bin,real,1,
injected/03150.bin,real,1,
injected/03151.bin,real,1,
injected/03152.bin,real,1,
injected/03153.bin,real,1,
real_world_training/03154.bin,real,0,
injected/03155.bin,real,1,
injected/03156.bin,real,1,
injected/03157.bin,real,1,
injected/03158.bin,real,1,
real_world_training/03159.bin,real,0,
real_world_training/03160.bin,real,0,
real_world_training/03161.bin,real,0,
real_world_training/03162.bin,real,0,
injected/03163.bin,real,1,
injected/03164.bin,real,1,
real_world_training/03165.bin,real,0,
injected/03166.bin,real,1,
real_world_training/03167.bin,real,0,
real_world_training/03168.bin,real,0,
real_world_training/03169.bin,real,0,
real_world_training/03170.bin,real,0,
real_world_training/03171.bin,real,0,
real_world_training/03172.bin,real,0,
injected/03173.bin,real,1,
injected/03174.bin,real,1,
real_world_training/03175.bin,real,0,
real_world_training/03176.bin,real,0,
real_world_training/03177.bin,real,0,
real_world_training/03178.bin,real,0,
injected/03179.bin,real,1,
real_world_training/03180.bin,real,0,
real_world_training/03181.bin,real,0,
injected/03182.bin,real,1,
real_world_training/03183.bin,real,0,
real_world_training/03184.bin,real,0,
real_world_training/03185.bin,real,0,
real_world_training/03186.bin,real,0,
injected/03187.bin,real,1,
real_world_training/03188.bin,real,0,
real_world_training/03189.bin,real,0,
injected/03190.bin,real,1,
real_world_training/03191.bin,real,0,
real_world_training/03192.bin,real,0,
injected/03193.bin,real,1,
real_world_training/03194.bin,real,0,
real_world_training/03195.bin,real,0,
injected/03196.bin,real,1,
injected/03197.bin,real,1,
injected/03198.bin,real,1,
injected/03199.bin,real,1,
real_world_training/03200.bin,real,0,
real_world_training/03201.bin,real,0,
injected/03202.bin,real,1,
real_world_training/03203.bin,real,0,
injected/03204.bin,real,1,
injected/03205.bin,real,1,
injected/03206.bin,real,1,
real_world_training/03207.bin,real,0,
injected/03208.bin,real,1,
injected/03209.bin,real,1,
real_world_training/03210.bin,real,0,
real_world_training/03211.bin,real,0,
real_world_training/03212.bin,real,0,
real_world_training/03213.bin,real,0,
real_world_training/03214.bin,real,0,
real_world_training/03215.bin,real,0,
real_world_training/03216.bin,real,0,
real_world_training/03217.bin,real,0,
real_world_training/03218.bin,real,0,
injected/03219.bin,real,1,
real_world_training/03220.bin,real,0,
injected/03221.bin,real,1,
injected/03222.bin,real,1,
real_world_training/03223.bin,real,0,
real_world_training/03224.bin,real,0,
injected/03225.bin,real,1,
injected/03226.bin,real,1,
real_world_training/03227.bin,real,0,
injected/03228.bin,real,1,
injected/03229.bin,real,1,
real_world_training/03230.bin,real,0,
real_world_training/03231.bin,real,0,
real_world_training/03232.bin,real,0,
injected/03233.bin,real,1,
injected/03234.bin,real,1,
injected/03235.bin,real,1,
real_world_training/03236.bin,real,0,
real_world_training/03237.bin,real,0,
real_world_training/03238.bin,real,1,
injected/03239.bin,real,1,
real_world_training/03240.bin,real,0,
injected/03241.bin,real,1,
injected/03242.bin,real,1,
real_world_training/03243.bin,real,0,
injected/03244.bin,real,1,
real_world_training/03245.bin,real,0,
real_world_training/03246.bin,real,0,
injected/03247.bin,real,1,
real_world_training/03248.bin,real,0,
real_world_training/03249.bin,real,0,
injected/03250.bin,real,1,
real_world_training/03251.bin,real,0,
real_world_training/03252.bin,real,0,
injected/03253.bin,real,1,
real_world_training/03254.bin,real,0,
real_world_training/03255.bin,real,0,
real_world_training/03256.bin,real,1,
real_world_training/03257.bin,real,0,
real_world_training/03258.bin,real,1,
injected/03259.bin,real,1,
real_world_training/03260.bin,real,0,
real_world_training/03261.bin,real,0,
injected/03262.bin,real,1,
real_world_training/03263.bin,real,0,
injected/03264.bin,real,1,
injected/03265.bin,real,1,
injected/03266.bin,real,1,
real_world_training/03267.bin,real,0,
real_world_training/03268.bin,real,0,
injected/03269.bin,real,1,
real_world_training/03270.bin,real,0,
injected/03271.bin,real,1,
injected/03272.bin,real,1,
real_world_training/03273.bin,real,0,
real_world_training/03274.bin,real,0,
real_world_training/03275.bin,real,0,
real_world_training/03276.bin,real,0,
injected/03277.bin,real,1,
injected/03278.bin,real,1,
real_world_training/03279.bin,real,0,
real_world_training/03280.bin,real,0,
real_world_training/03281.bin,real,0,
injected/03282.bin,real,1,
real_world_training/03283.bin,real,0,
real_world_training/03284.bin,real,0,
real_world_training/03285.bin,real,0,
real_world_training/03286.bin,real,0,
real_world_training/03287.bin,real,0,
real_world_training/03288.bin,real,0,
injected/03289.bin,real,1,
real_world_training/03290.bin,real,0,
injected/03291.bin,real,1,
real_world_training/03292.bin,real,0,
injected/03293.bin,real,1,
real_world_training/03294.bin,real,0,
injected/03295.bin,real,1,
injected/03296.bin,real,1,
real_world_training/03297.bin,real,0,
injected/03298.bin,real,1,
real_world_training/03299.bin,real,0,
real_world_training/03300.bin,real,0,
injected/03301.bin,real,1,
injected/03302.bin,real,1,
real_world_training/03303.bin,real,0,
real_world_training/03304.bin,real,0,
injected/03305.bin,real,1,
real_world_training/03306.bin,real,0,
injected/03307.bin,real,1,
injected/03308.bin,real,1,
real_world_training/03309.bin,real,0,
real_world_training/03310.bin,real,0,
injected/03311.bin,real,1,
injected/03312.bin,real,1,
real_world_training/03313.bin,real,0,
real_world_training/03314.bin,real,0,
real_world_training/03315.bin,real,0,
injected/03316.bin,real,1,
injected/03317.bin,real,1,
injected/03318.bin,real,1,
injected/03319.bin,real,1,
real_world_training/03320.bin,real,0,
real_world_training/03321.bin,real,0,
injected/03322.bin,real,1,
real_world_training/03323.bin,real,0,
injected/03324.bin,real,1,
real_world_training/03325.bin,real,0,
real_world_training/03326.bin,real,0,
real_world_training/03327.bin,real,0,
injected/03328.bin,real,1,
real_world_training/03329.bin,real,0,
real_world_training/03330.bin,real,0,
real_world_training/03331.bin,real,0,
real_world_training/03332.bin,real,0,
real_world_training/03333.bin,real,0,
real_world_training/03334.bin,real,0,
real_world_training/03335.bin,real,0,
real_world_training/03336.bin,real,0,
real_world_training/03337.bin,real,1,
injected/03338.bin,real,1,
injected/03339.bin,real,1,
real_world_training/03340.bin,real,0,
injected/03341.bin,real,1,
injected/03342.bin,real,1,
real_world_training/03343.bin,real,0,
real_world_training/03344.bin,real,0,
real_world_training/03345.bin,real,0,
injected/03346.bin,real,1,
real_world_training/03347.bin,real,0,
real_world_training/03348.bin,real,0,
real_world_training/03349.bin,real,0,
real_world_training/03350.bin,real,0,
injected/03351.bin,real,1,
injected/03352.bin,real,1,
real_world_training/03353.bin,real,0,
real_world_training/03354.bin,real,1,
injected/03355.bin,real,1,
real_world_training/03356.bin,real,0,
real_world_training/03357.bin,real,0,
real_world_training/03358.bin,real,0,
injected/03359.bin,real,1,
real_world_training/03360.bin,real,0,
injected/03361.bin,real,1,
real_world_training/03362.bin,real,0,
real_world_training/03363.bin,real,0,
real_world_training/03364.bin,real,0,
real_world_training/03365.bin,real,0,
injected/03366.bin,real,1,
real_world_training/03367.bin,real,0,
real_world_training/03368.bin,real,0,
injected/03369.bin,real,1,
injected/03370.bin,real,1,
real_world_training/03371.bin,real,0,
real_world_training/03372.bin,real,0,
real_world_training/03373.bin,real,0,
real_world_training/03374.bin,real,0,
real_world_training/03375.bin,real,1,
real_world_training/03376.bin,real,0,
real_world_training/03377.bin,real,0,
injected/03378.bin,real,1,
injected/03379.bin,real,1,
real_world_training/03380.bin,real,0,
injected/03381.bin,real,1,
real_world_training/03382.bin,real,0,
injected/03383.bin,real,1,
injected/03384.bin,real,1,
real_world_training/03385.bin,real,0,
real_world_training/03386.bin,real,0,
real_world_training/03387.bin,real,0,
injected/03388.bin,real,1,
injected/03389.bin,real,1,
real_world_training/03390.bin,real,0,
real_world_training/03391.bin,real,0,
injected/03392.bin,real,1,
injected/03393.bin,real,1,
injected/03394.bin,real,1,
real_world_training/03395.bin,real,0,
real_world_training/03396.bin,real,0,
injected/03397.bin,real,1,
real_world_training/03398.bin,real,0,
real_world_training/03399.bin,real,0,
injected/03400.bin,real,1,
real_world_training/03401.bin,real,0,
real_world_training/03402.bin,real,1,
injected/03403.bin,real,1,
real_world_training/03404.bin,real,0,
real_world_training/03405.bin,real,0,
real_world_training/03406.bin,real,0,
real_world_training/03407.bin,real,0,
real_world_training/03408.bin,real,0,
real_world_training/03409.bin,real,0,
real_world_training/03410.bin,real,0,
injected/03411.bin,real,1,
real_world_training/03412.bin,real,0,
injected/03413.bin,real,1,
real_world_training/03414.bin,real,0,
real_world_training/03415.bin,real,0,
real_world_training/03416.bin,real,0,
injected/03417.bin,real,1,
real_world_training/03418.bin,real,0,
injected/03419.bin,real,1,
injected/03420.bin,real,1,
injected/03421.bin,real,1,
real_world_training/03422.bin,real,0,
real_world_training/03423.bin,real,0,
injected/03424.bin,real,1,
injected/03425.bin,real,1,
injected/03426.bin,real,1,
real_world_training/03427.bin,real,0,
real_world_training/03428.bin,real,0,
injected/03429.bin,real,1,
real_world_training/03430.bin,real,0,
real_world_training/03431.bin,real,0,
injected/03432.bin,real,1,
real_world_training/03433.bin,real,0,
real_world_training/03434.bin,real,0,
injected/03435.bin,real,1,
real_world_training/03436.bin,real,0,
real_world_training/03437.bin,real,0,
injected/03438.bin,real,1,
real_world_training/03439.bin,real,0,
injected/03440.bin,real,1,
real_world_training/03441.bin,real,0,
injected/03442.bin,real,1,
real_world_training/03443.bin,real,0,
injected/03444.bin,real,1,
injected/03445.bin,real,1,
injected/03446.bin,real,1,
injected/03447.bin,real,1,
injected/03448.bin,real,1,
injected/03449.bin,real,1,
injected/03450.bin,real,1,
real_world_training/03451.bin,real,0,
real_world_training/03452.bin,real,0,
injected/03453.bin,real,1,
injected/03454.bin,real,1,
real_world_training/03455.bin,real,0,
real_world_training/03456.bin,real,0,
real_world_training/03457.bin,real,0,
real_world_training/03458.bin,real,0,
injected/03459.bin,real,1,
real_world_training/03460.bin,real,0,
real_world_training/03461.bin,real,0,
real_world_training/03462.bin,real,0,
injected/03463.bin,real,1,
injected/03464.bin,real,1,
real_world_training/03465.bin,real,0,
injected/03466.bin,real,1,
real_world_training/03467.bin,real,1,
real_world_training/03468.bin,real,0,
injected/03469.bin,real,1,
real_world_training/03470.bin,real,0,
real_world_training/03471.bin,real,0,
real_world_training/03472.bin,real,0,
real_world_training/03473.bin,real,0,
injected/03474.bin,real,1,
real_world_training/03475.bin,real,0,
real_world_training/03476.bin,real,0,
real_world_training/03477.bin,real,0,
real_world_training/03478.bin,real,0,
injected/03479.bin,real,1,
real_world_training/03480.bin,real,1,
real_world_training/03481.bin,real,0,
real_world_training/03482.bin,real,0,
injected/03483.bin,real,1,
injected/03484.bin,real,1,
real_world_training/03485.bin,real,0,
real_world_training/03486.bin,real,0,
injected/03487.bin,real,1,
injected/03488.bin,real,1,
real_world_training/03489.bin,real,0,
real_world_training/03490.bin,real,0,
real_world_training/03491.bin,real,0,
real_world_training/03492.bin,real,0,
injected/03493.bin,real,1,
real_world_training/03494.bin,real,0,
real_world_training/03495.bin,real,0,
real_world_training/03496.bin,real,0,
injected/03497.bin,real,1,
real_world_training/03498.bin,real,0,
real_world_training/03499.bin,real,0,
real_world_training/03500.bin,real,0,
injected/03501.bin,real,1,
real_world_training/03502.bin,real,0,
real_world_training/03503.bin,real,0,
real_world_training/03504.bin,real,0,
injected/03505.bin,real,1,
real_world_training/03506.bin,real,0,
injected/03507.bin,real,1,
real_world_training/03508.bin,real,0,
real_world_training/03509.bin,real,0,
real_world_training/03510.bin,real,0,
injected/03511.bin,real,1,
real_world_training/03512.bin,real,0,
injected/03513.bin,real,1,
real_world_training/03514.bin,real,1,
real_world_training/03515.bin,real,0,
injected/03516.bin,real,1,
real_world_training/03517.bin,real,0,
real_world_training/03518.bin,real,0,
injected/03519.bin,real,1,
injected/03520.bin,real,1,
real_world_training/03521.bin,real,0,
real_world_training/03522.bin,real,0,
real_world_training/03523.bin,real,0,
injected/03524.bin,real,1,
injected/03525.bin,real,1,
real_world_training/03526.bin,real,0,
injected/03527.bin,real,1,
injected/03528.bin,real,1,
injected/03529.bin,real,1,
real_world_training/03530.bin,real,0,
injected/03531.bin,real,1,
injected/03532.bin,real,1,
real_world_training/03533.bin,real,0,
real_world_training/03534.bin,real,1,
real_world_training/03535.bin,real,0,
real_world_training/03536.bin,real,0,
real_world_training/03537.bin,real,0,
injected/03538.bin,real,1,
injected/03539.bin,real,1,
injected/03540.bin,real,1,
injected/03541.bin,real,1,
injected/03542.bin,real,1,
injected/03543.bin,real,1,
real_world_training/03544.bin,real,0,
real_world_training/03545.bin,real,0,
injected/03546.bin,real,1,
injected/03547.bin,real,1,
real_world_training/03548.bin,real,0,
real_world_training/03549.bin,real,1,
real_world_training/03550.bin,real,0,
injected/03551.bin,real,1,
injected/03552.bin,real,1,
injected/03553.bin,real,1,
real_world_training/03554.bin,real,0,
injected/03555.bin,real,1,
injected/03556.bin,real,1,
real_world_training/03557.bin,real,0,
injected/03558.bin,real,1,
injected/03559.bin,real,1,
real_world_training/03560.bin,real,0,
real_world_training/03561.bin,real,0,
injected/03562.bin,real,1,
real_world_training/03563.bin,real,0,
real_world_training/03564.bin,real,0,
real_world_training/03565.bin,real,0,
injected/03566.bin,real,1,
real_world_training/03567.bin,real,0,
real_world_training/03568.bin,real,0,
real_world_training/03569.bin,real,0,
real_world_training/03570.bin,real,0,
real_world_training/03571.bin,real,0,
injected/03572.bin,real,1,
real_world_training/03573.bin,real,0,
real_world_training/03574.bin,real,0,
real_world_training/03575.bin,real,0,
real_world_training/03576.bin,real,0,
real_world_training/03577.bin,real,0,
real_world_training/03578.bin,real,0,
injected/03579.bin,real,1,
injected/03580.bin,real,1,
real_world_training/03581.bin,real,0,
real_world_training/03582.bin,real,0,
real_world_training/03583.bin,real,0,
injected/03584.bin,real,1,
real_world_training/03585.bin,real,1,
real_world_training/03586.bin,real,0,
injected/03587.bin,real,1,
injected/03588.bin,real,1,
injected/03589.bin,real,1,
real_world_training/03590.bin,real,0,
injected/03591.bin,real,1,
injected/03592.bin,real,1,
injected/03593.bin,real,1,
injected/03594.bin,real,1,
injected/03595.bin,real,1,
real_world_training/03596.bin,real,0,
injected/03597.bin,real,1,
real_world_training/03598.bin,real,0,
real_world_training/03599.bin,real,0,
real_world_training/03600.bin,real,0,
injected/03601.bin,real,1,
real_world_training/03602.bin,real,0,
injected/03603.bin,real,1,
real_world_training/03604.bin,real,0,
real_world_training/03605.bin,real,0,
real_world_training/03606.bin,real,0,
real_world_training/03607.bin,real,1,
injected/03608.bin,real,1,
real_world_training/03609.bin,real,0,
real_world_training/03610.bin,real,0,
real_world_training/03611.bin,real,0,
real_world_training/03612.bin,real,0,
injected/03613.bin,real,1,
injected/03614.bin,real,1,
real_world_training/03615.bin,real,0,
real_world_training/03616.bin,real,0,
real_world_training/03617.bin,real,0,
real_world_training/03618.bin,real,0,
real_world_training/03619.bin,real,0,
injected/03620.bin,real,1,
injected/03621.bin,real,1,
injected/03622.bin,real,1,
real_world_training/03623.bin,real,0,
injected/03624.bin,real,1,
real_world_training/03625.bin,real,0,
real_world_training/03626.bin,real,1,
real_world_training/03627.bin,real,0,
injected/03628.bin,real,1,
injected/03629.bin,real,1,
real_world_training/03630.bin,real,0,
real_world_training/03631.bin,real,0,
real_world_training/03632.bin,real,0,
injected/03633.bin,real,1,
real_world_training/03634.bin,real,0,
real_world_training/03635.bin,real,0,
real_world_training/03636.bin,real,0,
injected/03637.bin,real,1,
injected/03638.bin,real,1,
injected/03639.bin,real,1,
injected/03640.bin,real,1,
real_world_training/03641.bin,real,0,
real_world_training/03642.bin,real,0,
real_world_training/03643.bin,real,0,
real_world_training/03644.bin,real,0,
injected/03645.bin,real,1,
injected/03646.bin,real,1,
real_world_training/03647.bin,real,0,
injected/03648.bin,real,1,
injected/03649.bin,real,1,
injected/03650.bin,real,1,
real_world_training/03651.bin,real,0,
real_world_training/03652.bin,real,0,
injected/03653.bin,real,1,
real_world_training/03654.bin,real,0,
real_world_training/03655.bin,real,0,
real_world_training/03656.bin,real,1,
injected/03657.bin,real,1,
real_world_training/03658.bin,real,0,
real_world_training/03659.bin,real,0,
injected/03660.bin,real,1,
real_world_training/03661.bin,real,0,
real_world_training/03662.bin,real,0,
injected/03663.bin,real,1,
real_world_training/03664.bin,real,0,
real_world_training/03665.bin,real,0,
real_world_training/03666.bin,real,0,
injected/03667.bin,real,1,
injected/03668.bin,real,1,
injected/03669.bin,real,1,
real_world_training/03670.bin,real,0,
injected/03671.bin,real,1,
injected/03672.bin,real,1,
real_world_training/03673.bin,real,0,
real_world_training/03674.bin,real,0,
real_world_training/03675.bin,real,0,
injected/03676.bin,real,1,
real_world_training/03677.bin,real,0,
injected/03678.bin,real,1,
real_world_training/03679.bin,real,0,
injected/03680.bin,real,1,
injected/03681.bin,real,1,
injected/03682.bin,real,1,
injected/03683.bin,real,1,
real_world_training/03684.bin,real,0,
real_world_training/03685.bin,real,0,
injected/03686.bin,real,1,
real_world_training/03687.bin,real,0,
real_world_training/03688.bin,real,0,
injected/03689.bin,real,1,
real_world_training/03690.bin,real,0,
injected/03691.bin,real,1,
real_world_training/03692.bin,real,0,
injected/03693.bin,real,1,
real_world_training/03694.bin,real,0,
real_world_training/03695.bin,real,0,
real_world_training/03696.bin,real,0,
real_world_training/03697.bin,real,0,
real_world_training/03698.bin,real,0,
real_world_training/03699.bin,real,0,
real_world_training/03700.bin,real,0,
injected/03701.bin,real,1,
injected/03702.bin,real,1,
injected/03703.bin,real,1,
real_world_training/03704.bin,real,0,
injected/03705.bin,real,1,
real_world_training/03706.bin,real,0,
injected/03707.bin,real,1,
injected/03708.bin,real,1,
real_world_training/03709.bin,real,0,
injected/03710.bin,real,1,
injected/03711.bin,real,1,
real_world_training/03712.bin,real,1,
real_world_training/03713.bin,real,0,
real_world_training/03714.bin,real,0,
real_world_training/03715.bin,real,0,
injected/03716.bin,real,1,
injected/03717.bin,real,1,
real_world_training/03718.bin,real,0,
real_world_training/03719.bin,real,1,
real_world_training/03720.bin,real,0,
real_world_training/03721.bin,real,0,
real_world_training/03722.bin,real,0,
real_world_training/03723.bin,real,0,
injected/03724.bin,real,1,
real_world_training/03725.bin,real,1,
real_world_training/03726.bin,real,0,
real_world_training/03727.bin,real,0,
real_world_training/03728.bin,real,0,
real_world_training/03729.bin,real,0,
injected/03730.bin,real,1,
real_world_training/03731.bin,real,0,
real_world_training/03732.bin,real,0,
real_world_training/03733.bin,real,0,
real_world_training/03734.bin,real,0,
real_world_training/03735.bin,real,0,
real_world_training/03736.bin,real,0,
real_world_training/03737.bin,real,0,
injected/03738.bin,real,1,
injected/03739.bin,real,1,
real_world_training/03740.bin,real,0,
real_world_training/03741.bin,real,0,
real_world_training/03742.bin,real,0,
real_world_training/03743.bin,real,0,
injected/03744.bin,real,1,
real_world_training/03745.bin,real,0,
real_world_training/03746.bin,real,0,
real_world_training/03747.bin,real,0,
injected/03748.bin,real,1,
real_world_training/03749.bin,real,0,
real_world_training/03750.bin,real,0,
injected/03751.bin,real,1,
real_world_training/03752.bin,real,0,
real_world_training/03753.bin,real,0,
injected/03754.bin,real,1,
real_world_training/03755.bin,real,0,
real_world_training/03756.bin,real,0,
injected/03757.bin,real,1,
injected/03758.bin,real,1,
injected/03759.bin,real,1,
injected/03760.bin,real,1,
injected/03761.bin,real,1,
real_world_training/03762.bin,real,0,
real_world_training/03763.bin,real,0,
real_world_training/03764.bin,real,0,
injected/03765.bin,real,1,
injected/03766.bin,real,1,
injected/03767.bin,real,1,
real_world_training/03768.bin,real,0,
real_world_training/03769.bin,real,0,
real_world_training/03770.bin,real,0,
real_world_training/03771.bin,real,0,
real_world_training/03772.bin,real,0,
real_world_training/03773.bin,real,0,
injected/03774.bin,real,1,
real_world_training/03775.bin,real,0,
real_world_training/03776.bin,real,0,
real_world_training/03777.bin,real,0,
real_world_training/03778.bin,real,0,
injected/03779.bin,real,1,
real_world_training/03780.bin,real,0,
injected/03781.bin,real,1,
real_world_training/03782.bin,real,0,
real_world_training/03783.bin,real,0,
real_world_training/03784.bin,real,1,
injected/03785.bin,real,1,
injected/03786.bin,real,1,
real_world_training/03787.bin,real,0,
real_world_training/03788.bin,real,0,
real_world_training/03789.bin,real,0,
real_world_training/03790.bin,real,1,
real_world_training/03791.bin,real,0,
real_world_training/03792.bin,real,0,
injected/03793.bin,real,1,
real_world_training/03794.bin,real,0,
real_world_training/03795.bin,real,0,
real_world_training/03796.bin,real,0,
injected/03797.bin,real,1,
real_world_training/03798.bin,real,0,
real_world_training/03799.bin,real,0,
injected/03800.bin,real,1,
real_world_training/03801.bin,real,0,
real_world_training/03802.bin,real,0,
real_world_training/03803.bin,real,0,
real_world_training/03804.bin,real,0,
real_world_training/03805.bin,real,0,
injected/03806.bin,real,1,
injected/03807.bin,real,1,
real_world_training/03808.bin,real,0,
real_world_training/03809.bin,real,0,
injected/03810.bin,real,1,
injected/03811.bin,real,1,
injected/03812.bin,real,1,
real_world_training/03813.bin,real,0,
real_world_training/03814.bin,real,0,
injected/03815.bin,real,1,
real_world_training/03816.bin,real,0,
injected/03817.bin,real,1,
real_world_training/03818.bin,real,0,
injected/03819.bin,real,1,
injected/03820.bin,real,1,
injected/03821.bin,real,1,
real_world_training/03822.bin,real,1,
injected/03823.bin,real,1,
injected/03824.bin,real,1,
injected/03825.bin,real,1,
real_world_training/03826.bin,real,0,
injected/03827.bin,real,1,
real_world_training/03828.bin,real,0,
injected/03829.bin,real,1,
injected/03830.bin,real,1,
injected/03831.bin,real,1,
real_world_training/03832.bin,real,0,
real_world_training/03833.bin,real,0,
injected/03834.bin,real,1,
real_world_training/03835.bin,real,0,
real_world_training/03836.bin,real,0,
real_world_training/03837.bin,real,0,
real_world_training/03838.bin,real,1,
real_world_training/03839.bin,real,0,
real_world_training/03840.bin,real,0,
real_world_training/03841.bin,real,0,
real_world_training/03842.bin,real,0,
injected/03843.bin,real,1,
injected/03844.bin,real,1,
injected/03845.bin,real,1,
real_world_training/03846.bin,real,0,
real_world_training/03847.bin,real,0,
injected/03848.bin,real,1,
injected/03849.bin,real,1,
real_world_training/03850.bin,real,0,
real_world_training/03851.bin,real,0,
injected/03852.bin,real,1,
real_world_training/03853.bin,real,0,
real_world_training/03854.bin,real,0,
injected/03855.bin,real,1,
real_world_training/03856.bin,real,0,
real_world_training/03857.bin,real,0,
injected/03858.bin,real,1,
real_world_training/03859.bin,real,0,
injected/03860.bin,real,1,
injected/03861.bin,real,1,
injected/03862.bin,real,1,
injected/03863.bin,real,1,
real_world_training/03864.bin,real,0,
injected/03865.bin,real,1,
injected/03866.bin,real,1,
injected/03867.bin,real,1,
injected/03868.bin,real,1,
injected/03869.bin,real,1,
injected/03870.bin,real,1,
real_world_training/03871.bin,real,0,
real_world_training/03872.bin,real,1,
injected/03873.bin,real,1,
injected/03874.bin,real,1,
real_world_training/03875.bin,real,0,
real_world_training/03876.bin,real,0,
injected/03877.bin,real,1,
real_world_training/03878.bin,real,0,
real_world_training/03879.bin,real,0,
injected/03880.bin,real,1,
injected/03881.bin,real,1,
real_world_training/03882.bin,real,0,
real_world_training/03883.bin,real,0,
real_world_training/03884.bin,real,0,
real_world_training/03885.bin,real,0,
injected/03886.bin,real,1,
real_world_training/03887.bin,real,0,
real_world_training/03888.bin,real,0,
real_world_training/03889.bin,real,0,
real_world_training/03890.bin,real,0,
real_world_training/03891.bin,real,0,
real_world_training/03892.bin,real,0,
injected/03893.bin,real,1,
injected/03894.bin,real,1,
real_world_training/03895.bin,real,0,
real_world_training/03896.bin,real,0,
real_world_training/03897.bin,real,0,
real_world_training/03898.bin,real,0,
real_world_training/03899.bin,real,0,
injected/03900.bin,real,1,
real_world_training/03901.bin,real,0,
injected/03902.bin,real,1,
real_world_training/03903.bin,real,0,
real_world_training/03904.bin,real,0,
injected/03905.bin,real,1,
injected/03906.bin,real,1,
real_world_training/03907.bin,real,0,
real_world_training/03908.bin,real,0,
real_world_training/03909.bin,real,0,
real_world_training/03910.bin,real,0,
real_world_training/03911.bin,real,0,
real_world_training/03912.bin,real,0,
real_world_training/03913.bin,real,0,
real_world_training/03914.bin,real,0,
real_world_training/03915.bin,real,0,
real_world_training/03916.bin,real,0,
injected/03917.bin,real,1,
real_world_training/03918.bin,real,0,
injected/03919.bin,real,1,
injected/03920.bin,real,1,
injected/03921.bin,real,1,
real_world_training/03922.bin,real,0,
real_world_training/03923.bin,real,0,
injected/03924.bin,real,1,
real_world_training/03925.bin,real,0,
injected/03926.bin,real,1,
real_world_training/03927.bin,real,0,
injected/03928.bin,real,1,
real_world_training/03929.bin,real,0,
injected/03930.bin,real,1,
injected/03931.bin,real,1,
real_world_training/03932.bin,real,0,
injected/03933.bin,real,1,
injected/03934.bin,real,1,
injected/03935.bin,real,1,
injected/03936.bin,real,1,
injected/03937.bin,real,1,
real_world_training/03938.bin,real,0,
injected/03939.bin,real,1,
real_world_training/03940.bin,real,0,
real_world_training/03941.bin,real,0,
real_world_training/03942.bin,real,0,
injected/03943.bin,real,1,
real_world_training/03944.bin,real,0,
real_world_training/03945.bin,real,0,
real_world_training/03946.bin,real,0,
real_world_training/03947.bin,real,0,
real_world_training/03948.bin,real,0,
injected/03949.bin,real,1,
injected/03950.bin,real,1,
real_world_training/03951.bin,real,0,
real_world_training/03952.bin,real,0,
injected/03953.bin,real,1,
real_world_training/03954.bin,real,0,
real_world_training/03955.bin,real,0,
injected/03956.bin,real,1,
injected/03957.bin,real,1,
real_world_training/03958.bin,real,0,
real_world_training/03959.bin,real,0,
real_world_training/03960.bin,real,0,
real_world_training/03961.bin,real,0,
injected/03962.bin,real,1,
real_world_training/03963.bin,real,0,
real_world_training/03964.bin,real,0,
real_world_training/03965.bin,real,0,
injected/03966.bin,real,1,
injected/03967.bin,real,1,
injected/03968.bin,real,1,
injected/03969.bin,real,1,
injected/03970.bin,real,1,
real_world_training/03971.bin,real,0,
injected/03972.bin,real,1,
real_world_training/03973.bin,real,0,
real_world_training/03974.bin,real,0,
real_world_training/03975.bin,real,1,
injected/03976.bin,real,1,
injected/03977.bin,real,1,
real_world_training/03978.bin,real,0,
injected/03979.bin,real,1,
injected/03980.bin,real,1,
real_world_training/03981.bin,real,0,
real_world_training/03982.bin,real,0,
real_world_training/03983.bin,real,0,
real_world_training/03984.bin,real,0,
real_world_training/03985.bin,real,0,
real_world_training/03986.bin,real,0,
real_world_training/03987.bin,real,0,
injected/03988.bin,real,1,
injected/03989.bin,real,1,
real_world_training/03990.bin,real,0,
injected/03991.bin,real,1,
real_world_training/03992.bin,real,0,
real_world_training/03993.bin,real,0,
injected/03994.bin,real,1,
injected/03995.bin,real,1,
real_world_training/03996.bin,real,0,
real_world_training/03997.bin,real,0,
real_world_training/03998.bin,real,0,
real_world_training/03999.bin,real,0,
real_world_training/04000.bin,real,0,
real_world_training/04001.bin,real,0,
real_world_training/04002.bin,real,0,
real_world_training/04003.bin,real,0,
injected/04004.bin,real,1,
real_world_training/04005.bin,real,0,
real_world_training/04006.bin,real,0,
injected/04007.bin,real,1,
injected/04008.bin,real,1,
real_world_training/04009.bin,real,0,
real_world_training/04010.bin,real,0,
injected/04011.bin,real,1,
injected/04012.bin,real,1,
real_world_training/04013.bin,real,0,
real_world_training/04014.bin,real,0,
real_world_training/04015.bin,real,0,
real_world_training/04016.bin,real,0,
real_world_training/04017.bin,real,0,
real_world_training/04018.bin,real,0,
real_world_training/04019.bin,real,0,
real_world_training/04020.bin,real,1,
real_world_training/04021.bin,real,0,
real_world_training/04022.bin,real,0,
real_world_training/04023.bin,real,0,
real_world_training/04024.bin,real,0,
injected/04025.bin,real,1,
real_world_training/04026.bin,real,0,
injected/04027.bin,real,1,
injected/04028.bin,real,1,
injected/04029.bin,real,1,
real_world_training/04030.bin,real,0,
injected/04031.bin,real,1,
injected/04032.bin,real,1,
real_world_training/04033.bin,real,0,
injected/04034.bin,real,1,
real_world_training/04035.bin,real,0,
real_world_training/04036.bin,real,0,
injected/04037.bin,real,1,
injected/04038.bin,real,1,
real_world_training/04039.bin,real,0,
real_world_training/04040.bin,real,1,
real_world_training/04041.bin,real,0,
real_world_training/04042.bin,real,0,
real_world_training/04043.bin,real,0,
injected/04044.bin,real,1,
real_world_training/04045.bin,real,0,
injected/04046.bin,real,1,
injected/04047.bin,real,1,
real_world_training/04048.bin,real,0,
real_world_training/04049.bin,real,0,
real_world_training/04050.bin,real,0,
injected/04051.bin,real,1,
real_world_training/04052.bin,real,0,
real_world_training/04053.bin,real,0,
real_world_training/04054.bin,real,0,
injected/04055.bin,real,1,
real_world_training/04056.bin,real,0,
real_world_training/04057.bin,real,0,
real_world_training/04058.bin,real,0,
real_world_training/04059.bin,real,0,
real_world_training/04060.bin,real,0,
real_world_training/04061.bin,real,0,
injected/04062.bin,real,1,
real_world_training/04063.bin,real,0,
real_world_training/04064.bin,real,0,
real_world_training/04065.bin,real,0,
real_world_training/04066.bin,real,0,
real_world_training/04067.bin,real,0,
injected/04068.bin,real,1,
injected/04069.bin,real,1,
real_world_training/04070.bin,real,0,
real_world_training/04071.bin,real,0,
real_world_training/04072.bin,real,0,
real_world_training/04073.bin,real,0,
real_world_training/04074.bin,real,0,
real_world_training/04075.bin,real,0,
real_world_training/04076.bin,real,0,
real_world_training/04077.bin,real,0,
real_world_training/04078.bin,real,0,
injected/04079.bin,real,1,
real_world_training/04080.bin,real,0,
injected/04081.bin,real,1,
real_world_training/04082.bin,real,0,
real_world_training/04083.bin,real,0,
real_world_training/04084.bin,real,0,
injected/04085.bin,real,1,
injected/04086.bin,real,1,
injected/04087.bin,real,1,
real_world_training/04088.bin,real,0,
real_world_training/04089.bin,real,0,
real_world_training/04090.bin,real,0,
real_world_training/04091.bin,real,0,
real_world_training/04092.bin,real,0,
real_world_training/04093.bin,real,0,
injected/04094.bin,real,1,
real_world_training/04095.bin,real,0,
injected/04096.bin,real,1,
injected/04097.bin,real,1,
injected/04098.bin,real,1,
injected/04099.bin,real,1,
real_world_training/04100.bin,real,0,
real_world_training/04101.bin,real,0,
real_world_training/04102.bin,real,0,
real_world_training/04103.bin,real,0,
injected/04104.bin,real,1,
real_world_training/04105.bin,real,0,
real_world_training/04106.bin,real,0,
real_world_training/04107.bin,real,1,
injected/04108.bin,real,1,
real_world_training/04109.bin,real,0,
injected/04110.bin,real,1,
real_world_training/04111.bin,real,0,
injected/04112.bin,real,1,
real_world_training/04113.bin,real,0,
real_world_training/04114.bin,real,0,
injected/04115.bin,real,1,
real_world_training/04116.bin,real,0,
real_world_training/04117.bin,real,0,
real_world_training/04118.bin,real,0,
real_world_training/04119.bin,real,0,
injected/04120.bin,real,1,
real_world_training/04121.bin,real,0,
real_world_training/04122.bin,real,0,
real_world_training/04123.bin,real,0,
real_world_training/04124.bin,real,0,
real_world_training/04125.bin,real,0,
real_world_training/04126.bin,real,1,
injected/04127.bin,real,1,
injected/04128.bin,real,1,
real_world_training/04129.bin,real,0,
real_world_training/04130.bin,real,0,
real_world_training/04131.bin,real,0,
real_world_training/04132.bin,real,0,
injected/04133.bin,real,1,
real_world_training/04134.bin,real,0,
injected/04135.bin,real,1,
real_world_training/04136.bin,real,0,
real_world_training/04137.bin,real,0,
real_world_training/04138.bin,real,0,
real_world_training/04139.bin,real,0,
real_world_training/04140.bin,real,0,
injected/04141.bin,real,1,
real_world_training/04142.bin,real,0,
real_world_training/04143.bin,real,0,
real_world_training/04144.bin,real,0,
real_world_training/04145.bin,real,0,
real_world_training/04146.bin,real,0,
injected/04147.bin,real,1,
real_world_training/04148.bin,real,0,
real_world_training/04149.bin,real,0,
real_world_training/04150.bin,real,0,
real_world_training/04151.bin,real,0,
real_world_training/04152.bin,real,0,
real_world_training/04153.bin,real,1,
real_world_training/04154.bin,real,0,
real_world_training/04155.bin,real,0,
real_world_training/04156.bin,real,0,
real_world_training/04157.bin,real,0,
real_world_training/04158.bin,real,0,
real_world_training/04159.bin,real,0,
real_world_training/04160.bin,real,0,
real_world_training/04161.bin,real,0,
real_world_training/04162.bin,real,0,
real_world_training/04163.bin,real,0,
real_world_training/04164.bin,real,0,
injected/04165.bin,real,1,
real_world_training/04166.bin,real,0,
injected/04167.bin,real,1,
injected/04168.bin,real,1,
real_world_training/04169.bin,real,0,
real_world_training/04170.bin,real,0,
real_world_training/04171.bin,real,0,
real_world_training/04172.bin,real,0,
injected/04173.bin,real,1,
real_world_training/04174.bin,real,0,
injected/04175.bin,real,1,
real_world_training/04176.bin,real,0,
injected/04177.bin,real,1,
injected/04178.bin,real,1,
injected/04179.bin,real,1,
real_world_training/04180.bin,real,0,
injected/04181.bin,real,1,
real_world_training/04182.bin,real,0,
real_world_training/04183.bin,real,0,
real_world_training/04184.bin,real,0,
real_world_training/04185.bin,real,0,
real_world_training/04186.bin,real,0,
real_world_training/04187.bin,real,0,
real_world_training/04188.bin,real,0,
injected/04189.bin,real,1,
real_world_training/04190.bin,real,0,
real_world_training/04191.bin,real,0,
injected/04192.bin,real,1,
real_world_training/04193.bin,real,0,
injected/04194.bin,real,1,
injected/04195.bin,real,1,
injected/04196.bin,real,1,
real_world_training/04197.bin,real,0,
injected/04198.bin,real,1,
injected/04199.bin,real,1,
real_world_training/04200.bin,real,0,
real_world_training/04201.bin,real,0,
injected/04202.bin,real,1,
real_world_training/04203.bin,real,0,
real_world_training/04204.bin,real,0,
real_world_training/04205.bin,real,0,
real_world_training/04206.bin,real,0,
real_world_training/04207.bin,real,0,
injected/04208.bin,real,1,
injected/04209.bin,real,1,
real_world_training/04210.bin,real,0,
real_world_training/04211.bin,real,0,
real_world_training/04212.bin,real,0,
real_world_training/04213.bin,real,0,
real_world_training/04214.bin,real,0,
real_world_training/04215.bin,real,0,
injected/04216.bin,real,1,
real_world_training/04217.bin,real,0,
real_world_training/04218.bin,real,0,
real_world_training/04219.bin,real,0,
real_world_training/04220.bin,real,0,
real_world_training/04221.bin,real,0,
real_world_training/04222.bin,real,0,
injected/04223.bin,real,1,
real_world_training/04224.bin,real,0,
real_world_training/04225.bin,real,0,
injected/04226.bin,real,1,
real_world_training/04227.bin,real,0,
real_world_training/04228.bin,real,0,
injected/04229.bin,real,1,
real_world_training/04230.bin,real,0,
real_world_training/04231.bin,real,0,
real_world_training/04232.bin,real,0,
real_world_training/04233.bin,real,0,
injected/04234.bin,real,1,
real_world_training/04235.bin,real,0,
injected/04236.bin,real,1,
injected/04237.bin,real,1,
injected/04238.bin,real,1,
real_world_training/04239.bin,real,0,
injected/04240.bin,real,1,
real_world_training/04241.bin,real,0,
injected/04242.bin,real,1,
injected/04243.bin,real,1,
real_world_training/04244.bin,real,0,
injected/04245.bin,real,1,
real_world_training/04246.bin,real,0,
real_world_training/04247.bin,real,0,
real_world_training/04248.bin,real,0,
injected/04249.bin,real,1,
real_world_training/04250.bin,real,0,
injected/04251.bin,real,1,
real_world_training/04252.bin,real,0,
real_world_training/04253.bin,real,0,
real_world_training/04254.bin,real,0,
injected/04255.bin,real,1,
injected/04256.bin,real,1,
injected/04257.bin,real,1,
injected/04258.bin,real,1,
real_world_training/04259.bin,real,0,
real_world_training/04260.bin,real,0,
real_world_training/04261.bin,real,0,
real_world_training/04262.bin,real,1,
real_world_training/04263.bin,real,0,
real_world_training/04264.bin,real,0,
real_world_training/04265.bin,real,0,
injected/04266.bin,real,1,
injected/04267.bin,real,1,
real_world_training/04268.bin,real,0,
injected/04269.bin,real,1,
real_world_training/04270.bin,real,0,
real_world_training/04271.bin,real,0,
injected/04272.bin,real,1,
real_world_training/04273.bin,real,0,
real_world_training/04274.bin,real,0,
real_world_training/04275.bin,real,0,
injected/04276.bin,real,1,
real_world_training/04277.bin,real,0,
injected/04278.bin,real,1,
injected/04279.bin,real,1,
real_world_training/04280.bin,real,0,
injected/04281.bin,real,1,
real_world_training/04282.bin,real,0,
injected/04283.bin,real,1,
real_world_training/04284.bin,real,0,
real_world_training/04285.bin,real,0,
real_world_training/04286.bin,real,0,
real_world_training/04287.bin,real,0,
injected/04288.bin,real,1,
injected/04289.bin,real,1,
injected/04290.bin,real,1,
real_world_training/04291.bin,real,0,
injected/04292.bin,real,1,
injected/04293.bin,real,1,
injected/04294.bin,real,1,
real_world_training/04295.bin,real,0,
real_world_training/04296.bin,real,0,
real_world_training/04297.bin,real,0,
injected/04298.bin,real,1,
injected/04299.bin,real,1,
real_world_training/04300.bin,real,0,
real_world_training/04301.bin,real,0,
injected/04302.bin,real,1,
injected/04303.bin,real,1,
real_world_training/04304.bin,real,0,
real_world_training/04305.bin,real,0,
real_world_training/04306.bin,real,0,
injected/04307.bin,real,1,
real_world_training/04308.bin,real,0,
real_world_training/04309.bin,real,0,
real_world_training/04310.bin,real,0,
injected/04311.bin,real,1,
injected/04312.bin,real,1,
real_world_training/04313.bin,real,0,
real_world_training/04314.bin,real,0,
real_world_training/04315.bin,real,0,
real_world_training/04316.bin,real,0,
real_world_training/04317.bin,real,0,
injected/04318.bin,real,1,
real_world_training/04319.bin,real,0,
injected/04320.bin,real,1,
real_world_training/04321.bin,real,0,
real_world_training/04322.bin,real,0,
real_world_training/04323.bin,real,0,
injected/04324.bin,real,1,
injected/04325.bin,real,1,
real_world_training/04326.bin,real,0,
real_world_training/04327.bin,real,0,
real_world_training/04328.bin,real,0,
real_world_training/04329.bin,real,0,
injected/04330.bin,real,1,
injected/04331.bin,real,1,
injected/04332.bin,real,1,
injected/04333.bin,real,1,
injected/04334.bin,real,1,
real_world_training/04335.bin,real,0,
real_world_training/04336.bin,real,0,
real_world_training/04337.bin,real,0,
injected/04338.bin,real,1,
real_world_training/04339.bin,real,0,
injected/04340.bin,real,1,
real_world_training/04341.bin,real,0,
real_world_training/04342.bin,real,0,
real_world_training/04343.bin,real,0,
injected/04344.bin,real,1,
real_world_training/04345.bin,real,0,
real_world_training/04346.bin,real,0,
real_world_training/04347.bin,real,0,
real_world_training/04348.bin,real,0,
injected/04349.bin,real,1,
real_world_training/04350.bin,real,0,
real_world_training/04351.bin,real,0,
real_world_training/04352.bin,real,0,
injected/04353.bin,real,1,
real_world_training/04354.bin,real,0,
real_world_training/04355.bin,real,0,
real_world_training/04356.bin,real,0,
real_world_training/04357.bin,real,0,
injected/04358.bin,real,1,
real_world_training/04359.bin,real,0,
injected/04360.bin,real,1,
injected/04361.bin,real,1,
injected/04362.bin,real,1,
real_world_training/04363.bin,real,0,
real_world_training/04364.bin,real,0,
real_world_training/04365.bin,real,0,
injected/04366.bin,real,1,
real_world_training/04367.bin,real,0,
injected/04368.bin,real,1,
real_world_training/04369.bin,real,0,
real_world_training/04370.bin,real,0,
real_world_training/04371.bin,real,0,
injected/04372.bin,real,1,
real_world_training/04373.bin,real,0,
injected/04374.bin,real,1,
injected/04375.bin,real,1,
real_world_training/04376.bin,real,0,
real_world_training/04377.bin,real,0,
real_world_training/04378.bin,real,0,
real_world_training/04379.bin,real,0,
real_world_training/04380.bin,real,0,
injected/04381.bin,real,1,
real_world_training/04382.bin,real,0,
injected/04383.bin,real,1,
injected/04384.bin,real,1,
real_world_training/04385.bin,real,0,
real_world_training/04386.bin,real,0,
injected/04387.bin,real,1,
real_world_training/04388.bin,real,0,
injected/04389.bin,real,1,
injected/04390.bin,real,1,
real_world_training/04391.bin,real,0,
injected/04392.bin,real,1,
real_world_training/04393.bin,real,0,
injected/04394.bin,real,1,
real_world_training/04395.bin,real,0,
real_world_training/04396.bin,real,0,
real_world_training/04397.bin,real,0,
real_world_training/04398.bin,real,0,
injected/04399.bin,real,1,
real_world_training/04400.bin,real,0,
injected/04401.bin,real,1,
injected/04402.bin,real,1,
real_world_training/04403.bin,real,1,
injected/04404.bin,real,1,
real_world_training/04405.bin,real,0,
real_world_training/04406.bin,real,0,
real_world_training/04407.bin,real,0,
injected/04408.bin,real,1,
real_world_training/04409.bin,real,0,
real_world_training/04410.bin,real,0,
injected/04411.bin,real,1,
real_world_training/04412.bin,real,0,
injected/04413.bin,real,1,
real_world_training/04414.bin,real,0,
real_world_training/04415.bin,real,0,
real_world_training/04416.bin,real,0,
injected/04417.bin,real,1,
real_world_training/04418.bin,real,0,
injected/04419.bin,real,1,
injected/04420.bin,real,1,
real_world_training/04421.bin,real,0,
real_world_training/04422.bin,real,0,
real_world_training/04423.bin,real,0,
injected/04424.bin,real,1,
real_world_training/04425.bin,real,0,
injected/04426.bin,real,1,
real_world_training/04427.bin,real,0,
injected/04428.bin,real,1,
real_world_training/04429.bin,real,0,
injected/04430.bin,real,1,
real_world_training/04431.bin,real,0,
real_world_training/04432.bin,real,0,
injected/04433.bin,real,1,
injected/04434.bin,real,1,
real_world_training/04435.bin,real,0,
real_world_training/04436.bin,real,0,
real_world_training/04437.bin,real,0,
real_world_training/04438.bin,real,0,
real_world_training/04439.bin,real,0,
real_world_training/04440.bin,real,0,
injected/04441.bin,real,1,
real_world_training/04442.bin,real,0,
real_world_training/04443.bin,real,0,
injected/04444.bin,real,1,
injected/04445.bin,real,1,
real_world_training/04446.bin,real,0,
real_world_training/04447.bin,real,0,
real_world_training/04448.bin,real,0,
real_world_training/04449.bin,real,0,
real_world_training/04450.bin,real,0,
real_world_training/04451.bin,real,0,
injected/04452.bin,real,1,
real_world_training/04453.bin,real,0,
injected/04454.bin,real,1,
injected/04455.bin,real,1,
injected/04456.bin,real,1,
real_world_training/04457.bin,real,0,
real_world_training/04458.bin,real,0,
real_world_training/04459.bin,real,0,
injected/04460.bin,real,1,
real_world_training/04461.bin,real,0,
real_world_training/04462.bin,real,0,
injected/04463.bin,real,1,
real_world_training/04464.bin,real,1,
injected/04465.bin,real,1,
real_world_training/04466.bin,real,0,
real_world_training/04467.bin,real,0,
real_world_training/04468.bin,real,0,
injected/04469.bin,real,1,
injected/04470.bin,real,1,
real_world_training/04471.bin,real,1,
injected/04472.bin,real,1,
real_world_training/04473.bin,real,0,
real_world_training/04474.bin,real,0,
real_world_training/04475.bin,real,0,
injected/04476.bin,real,1,
injected/04477.bin,real,1,
real_world_training/04478.bin,real,0,
injected/04479.bin,real,1,
real_world_training/04480.bin,real,0,
real_world_training/04481.bin,real,0,
injected/04482.bin,real,1,
real_world_training/04483.bin,real,0,
real_world_training/04484.bin,real,0,
injected/04485.bin,real,1,
injected/04486.bin,real,1,
injected/04487.bin,real,1,
real_world_training/04488.bin,real,0,
real_world_training/04489.bin,real,0,
injected/04490.bin,real,1,
real_world_training/04491.bin,real,0,
real_world_training/04492.bin,real,0,
injected/04493.bin,real,1,
real_world_training/04494.bin,real,0,
injected/04495.bin,real,1,
injected/04496.bin,real,1,
real_world_training/04497.bin,real,0,
real_world_training/04498.bin,real,0,
injected/04499.bin,real,1,
injected/04500.bin,real,1,
injected/04501.bin,real,1,
injected/04502.bin,real,1,
injected/04503.bin,real,1,
injected/04504.bin,real,1,
real_world_training/04505.bin,real,0,
real_world_training/04506.bin,real,0,
injected/04507.bin,real,1,
injected/04508.bin,real,1,
real_world_training/04509.bin,real,0,
injected/04510.bin,real,1,
real_world_training/04511.bin,real,0,
injected/04512.bin,real,1,
real_world_training/04513.bin,real,0,
injected/04514.bin,real,1,
real_world_training/04515.bin,real,0,
injected/04516.bin,real,1,
real_world_training/04517.bin,real,0,
real_world_training/04518.bin,real,0,
injected/04519.bin,real,1,
injected/04520.bin,real,1,
injected/04521.bin,real,1,
real_world_training/04522.bin,real,0,
real_world_training/04523.bin,real,0,
real_world_training/04524.bin,real,0,
real_world_training/04525.bin,real,0,
real_world_training/04526.bin,real,0,
real_world_training/04527.bin,real,0,
injected/04528.bin,real,1,
injected/04529.bin,real,1,
injected/04530.bin,real,1,
real_world_training/04531.bin,real,0,
injected/04532.bin,real,1,
injected/04533.bin,real,1,
real_world_training/04534.bin,real,0,
injected/04535.bin,real,1,
real_world_training/04536.bin,real,0,
injected/04537.bin,real,1,
real_world_training/04538.bin,real,0,
real_world_training/04539.bin,real,0,
injected/04540.bin,real,1,
injected/04541.bin,real,1,
injected/04542.bin,real,1,
injected/04543.bin,real,1,
injected/04544.bin,real,1,
injected/04545.bin,real,1,
injected/04546.bin,real,1,
injected/04547.bin,real,1,
injected/04548.bin,real,1,
real_world_training/04549.bin,real,0,
injected/04550.bin,real,1,
real_world_training/04551.bin,real,0,
injected/04552.bin,real,1,
real_world_training/04553.bin,real,0,
real_world_training/04554.bin,real,0,
real_world_training/04555.bin,real,0,
real_world_training/04556.bin,real,0,
real_world_training/04557.bin,real,0,
injected/04558.bin,real,1,
real_world_training/04559.bin,real,1,
real_world_training/04560.bin,real,0,
injected/04561.bin,real,1,
real_world_training/04562.bin,real,0,
injected/04563.bin,real,1,
real_world_training/04564.bin,real,0,
injected/04565.bin,real,1,
real_world_training/04566.bin,real,0,
real_world_training/04567.bin,real,0,
real_world_training/04568.bin,real,0,
injected/04569.bin,real,1,
real_world_training/04570.bin,real,0,
real_world_training/04571.bin,real,0,
injected/04572.bin,real,1,
real_world_training/04573.bin,real,0,
real_world_training/04574.bin,real,0,
injected/04575.bin,real,1,
real_world_training/04576.bin,real,0,
injected/04577.bin,real,1,
real_world_training/04578.bin,real,0,
real_world_training/04579.bin,real,0,
injected/04580.bin,real,1,
injected/04581.bin,real,1,
injected/04582.bin,real,1,
real_world_training/04583.bin,real,0,
injected/04584.bin,real,1,
real_world_training/04585.bin,real,0,
real_world_training/04586.bin,real,0,
real_world_training/04587.bin,real,0,
injected/04588.bin,real,1,
real_world_training/04589.bin,real,0,
real_world_training/04590.bin,real,0,
injected/04591.bin,real,1,
real_world_training/04592.bin,real,0,
injected/04593.bin,real,1,
injected/04594.bin,real,1,
injected/04595.bin,real,1,
real_world_training/04596.bin,real,0,
real_world_training/04597.bin,real,0,
injected/04598.bin,real,1,
injected/04599.bin,real,1,
real_world_training/04600.bin,real,0,
real_world_training/04601.bin,real,0,
real_world_training/04602.bin,real,0,
real_world_training/04603.bin,real,0,
injected/04604.bin,real,1,
real_world_training/04605.bin,real,0,
real_world_training/04606.bin,real,0,
injected/04607.bin,real,1,
real_world_training/04608.bin,real,0,
real_world_training/04609.bin,real,0,
real_world_training/04610.bin,real,0,
injected/04611.bin,real,1,
injected/04612.bin,real,1,
real_world_training/04613.bin,real,0,
real_world_training/04614.bin,real,0,
real_world_training/04615.bin,real,0,
real_world_training/04616.bin,real,0,
real_world_training/04617.bin,real,0,
real_world_training/04618.bin,real,0,
real_world_training/04619.bin,real,0,
injected/04620.bin,real,1,
injected/04621.bin,real,1,
real_world_training/04622.bin,real,0,
real_world_training/04623.bin,real,0,
real_world_training/04624.bin,real,0,
real_world_training/04625.bin,real,0,
real_world_training/04626.bin,real,0,
injected/04627.bin,real,1,
injected/04628.bin,real,1,
injected/04629.bin,real,1,
real_world_training/04630.bin,real,0,
real_world_training/04631.bin,real,0,
real_world_training/04632.bin,real,0,
real_world_training/04633.bin,real,0,
injected/04634.bin,real,1,
injected/04635.bin,real,1,
injected/04636.bin,real,1,
real_world_training/04637.bin,real,0,
real_world_training/04638.bin,real,0,
real_world_training/04639.bin,real,0,
real_world_training/04640.bin,real,0,
real_world_training/04641.bin,real,0,
real_world_training/04642.bin,real,0,
real_world_training/04643.bin,real,1,
injected/04644.bin,real,1,
real_world_training/04645.bin,real,0,
real_world_training/04646.bin,real,0,
real_world_training/04647.bin,real,0,
real_world_training/04648.bin,real,0,
real_world_training/04649.bin,real,0,
real_world_training/04650.bin,real,0,
injected/04651.bin,real,1,
real_world_training/04652.bin,real,0,
real_world_training/04653.bin,real,0,
injected/04654.bin,real,1,
real_world_training/04655.bin,real,0,
real_world_training/04656.bin,real,0,
injected/04657.bin,real,1,
real_world_training/04658.bin,real,0,
injected/04659.bin,real,1,
real_world_training/04660.bin,real,0,
injected/04661.bin,real,1,
real_world_training/04662.bin,real,0,
real_world_training/04663.bin,real,0,
real_world_training/04664.bin,real,0,
injected/04665.bin,real,1,
real_world_training/04666.bin,real,0,
injected/04667.bin,real,1,
real_world_training/04668.bin,real,0,
real_world_training/04669.bin,real,0,
real_world_training/04670.bin,real,0,
injected/04671.bin,real,1,
injected/04672.bin,real,1,
real_world_training/04673.bin,real,0,
real_world_training/04674.bin,real,0,
real_world_training/04675.bin,real,0,
real_world_training/04676.bin,real,0,
real_world_training/04677.bin,real,0,
real_world_training/04678.bin,real,0,
real_world_training/04679.bin,real,0,
real_world_training/04680.bin,real,0,
real_world_training/04681.bin,real,0,
real_world_training/04682.bin,real,0,
real_world_training/04683.bin,real,0,
real_world_training/04684.bin,real,0,
real_world_training/04685.bin,real,0,
injected/04686.bin,real,1,
real_world_training/04687.bin,real,0,
real_world_training/04688.bin,real,0,
real_world_training/04689.bin,real,0,
injected/04690.bin,real,1,
real_world_training/04691.bin,real,1,
real_world_training/04692.bin,real,0,
real_world_training/04693.bin,real,0,
real_world_training/04694.bin,real,0,
injected/04695.bin,real,1,
real_world_training/04696.bin,real,0,
real_world_training/04697.bin,real,0,
real_world_training/04698.bin,real,0,
real_world_training/04699.bin,real,0,
injected/04700.bin,real,1,
injected/04701.bin,real,1,
injected/04702.bin,real,1,
real_world_training/04703.bin,real,0,
real_world_training/04704.bin,real,0,
injected/04705.bin,real,1,
injected/04706.bin,real,1,
real_world_training/04707.bin,real,0,
injected/04708.bin,real,1,
real_world_training/04709.bin,real,0,
real_world_training/04710.bin,real,0,
real_world_training/04711.bin,real,0,
real_world_training/04712.bin,real,0,
real_world_training/04713.bin,real,0,
injected/04714.bin,real,1,
injected/04715.bin,real,1,
injected/04716.bin,real,1,
real_world_training/04717.bin,real,0,
injected/04718.bin,real,1,
real_world_training/04719.bin,real,0,
injected/04720.bin,real,1,
injected/04721.bin,real,1,
real_world_training/04722.bin,real,0,
injected/04723.bin,real,1,
real_world_training/04724.bin,real,1,
real_world_training/04725.bin,real,0,
real_world_training/04726.bin,real,0,
real_world_training/04727.bin,real,0,
injected/04728.bin,real,1,
injected/04729.bin,real,1,
injected/04730.bin,real,1,
injected/04731.bin,real,1,
injected/04732.bin,real,1,
injected/04733.bin,real,1,
real_world_training/04734.bin,real,0,
injected/04735.bin,real,1,
real_world_training/04736.bin,real,0,
injected/04737.bin,real,1,
injected/04738.bin,real,1,
injected/04739.bin,real,1,
injected/04740.bin,real,1,
real_world_training/04741.bin,real,0,
real_world_training/04742.bin,real,0,
real_world_training/04743.bin,real,0,
injected/04744.bin,real,1,
injected/04745.bin,real,1,
real_world_training/04746.bin,real,0,
real_world_training/04747.bin,real,0,
injected/04748.bin,real,1,
real_world_training/04749.bin,real,1,
real_world_training/04750.bin,real,0,
real_world_training/04751.bin,real,0,
real_world_training/04752.bin,real,0,
real_world_training/04753.bin,real,0,
injected/04754.bin,real,1,
injected/04755.bin,real,1,
real_world_training/04756.bin,real,0,
real_world_training/04757.bin,real,0,
real_world_training/04758.bin,real,0,
injected/04759.bin,real,1,
injected/04760.bin,real,1,
real_world_training/04761.bin,real,0,
injected/04762.bin,real,1,
real_world_training/04763.bin,real,0,
real_world_training/04764.bin,real,0,
real_world_training/04765.bin,real,0,
real_world_training/04766.bin,real,0,
real_world_training/04767.bin,real,0,
injected/04768.bin,real,1,
injected/04769.bin,real,1,
real_world_training/04770.bin,real,0,
real_world_training/04771.bin,real,0,
real_world_training/04772.bin,real,0,
real_world_training/04773.bin,real,0,
real_world_training/04774.bin,real,0,
injected/04775.bin,real,1,
real_world_training/04776.bin,real,0,
injected/04777.bin,real,1,
real_world_training/04778.bin,real,0,
injected/04779.bin,real,1,
real_world_training/04780.bin,real,0,
real_world_training/04781.bin,real,0,
injected/04782.bin,real,1,
injected/04783.bin,real,1,
real_world_training/04784.bin,real,0,
real_world_training/04785.bin,real,0,
real_world_training/04786.bin,real,0,
injected/04787.bin,real,1,
real_world_training/04788.bin,real,0,
real_world_training/04789.bin,real,0,
real_world_training/04790.bin,real,0,
real_world_training/04791.bin,real,0,
injected/04792.bin,real,1,
injected/04793.bin,real,1,
injected/04794.bin,real,1,
real_world_training/04795.bin,real,0,
injected/04796.bin,real,1,
real_world_training/04797.bin,real,0,
real_world_training/04798.bin,real,0,
injected/04799.bin,real,1,
real_world_training/04800.bin,real,0,
real_world_training/04801.bin,real,0,
injected/04802.bin,real,1,
injected/04803.bin,real,1,
real_world_training/04804.bin,real,0,
injected/04805.bin,real,1,
injected/04806.bin,real,1,
injected/04807.bin,real,1,
injected/04808.bin,real,1,
injected/04809.bin,real,1,
injected/04810.bin,real,1,
real_world_training/04811.bin,real,0,
real_world_training/04812.bin,real,0,
injected/04813.bin,real,1,
real_world_training/04814.bin,real,0,
injected/04815.bin,real,1,
real_world_training/04816.bin,real,0,
injected/04817.bin,real,1,
injected/04818.bin,real,1,
injected/04819.bin,real,1,
injected/04820.bin,real,1,
injected/04821.bin,real,1,
injected/04822.bin,real,1,
real_world_training/04823.bin,real,0,
injected/04824.bin,real,1,
real_world_training/04825.bin,real,0,
injected/04826.bin,real,1,
real_world_training/04827.bin,real,0,
real_world_training/04828.bin,real,0,
injected/04829.bin,real,1,
injected/04830.bin,real,1,
real_world_training/04831.bin,real,0,
real_world_training/04832.bin,real,0,
injected/04833.bin,real,1,
real_world_training/04834.bin,real,0,
real_world_training/04835.bin,real,0,
real_world_training/04836.bin,real,0,
injected/04837.bin,real,1,
injected/04838.bin,real,1,
real_world_training/04839.bin,real,0,
real_world_training/04840.bin,real,0,
injected/04841.bin,real,1,
real_world_training/04842.bin,real,0,
real_world_training/04843.bin,real,0,
injected/04844.bin,real,1,
injected/04845.bin,real,1,
injected/04846.bin,real,1,
injected/04847.bin,real,1,
real_world_training/04848.bin,real,0,
real_world_training/04849.bin,real,0,
real_world_training/04850.bin,real,0,
real_world_training/04851.bin,real,0,
real_world_training/04852.bin,real,0,
real_world_training/04853.bin,real,0,
real_world_training/04854.bin,real,0,
real_world_training/04855.bin,real,0,
real_world_training/04856.bin,real,0,
real_world_training/04857.bin,real,0,
real_world_training/04858.bin,real,0,
real_world_training/04859.bin,real,0,
real_world_training/04860.bin,real,0,
real_world_training/04861.bin,real,0,
real_world_training/04862.bin,real,0,
real_world_training/04863.bin,real,0,
real_world_training/04864.bin,real,0,
injected/04865.bin,real,1,
injected/04866.bin,real,1,
real_world_training/04867.bin,real,0,
real_world_training/04868.bin,real,0,
real_world_training/04869.bin,real,0,
real_world_training/04870.bin,real,0,
real_world_training/04871.bin,real,0,
injected/04872.bin,real,1,
injected/04873.bin,real,1,
real_world_training/04874.bin,real,0,
real_world_training/04875.bin,real,0,
real_world_training/04876.bin,real,0,
injected/04877.bin,real,1,
injected/04878.bin,real,1,
injected/04879.bin,real,1,
real_world_training/04880.bin,real,0,
real_world_training/04881.bin,real,0,
real_world_training/04882.bin,real,0,
real_world_training/04883.bin,real,0,
real_world_training/04884.bin,real,0,
injected/04885.bin,real,1,
real_world_training/04886.bin,real,0,
real_world_training/04887.bin,real,0,
real_world_training/04888.bin,real,0,
injected/04889.bin,real,1,
real_world_training/04890.bin,real,0,
real_world_training/04891.bin,real,0,
real_world_training/04892.bin,real,0,
real_world_training/04893.bin,real,0,
real_world_training/04894.bin,real,0,
real_world_training/04895.bin,real,0,
injected/04896.bin,real,1,
real_world_training/04897.bin,real,0,
injected/04898.bin,real,1,
real_world_training/04899.bin,real,1,
injected/04900.bin,real,1,
real_world_training/04901.bin,real,0,
real_world_training/04902.bin,real,0,
real_world_training/04903.bin,real,0,
injected/04904.bin,real,1,
real_world_training/04905.bin,real,0,
real_world_training/04906.bin,real,0,
injected/04907.bin,real,1,
real_world_training/04908.bin,real,0,
injected/04909.bin,real,1,
real_world_training/04910.bin,real,0,
injected/04911.bin,real,1,
injected/04912.bin,real,1,
injected/04913.bin,real,1,
injected/04914.bin,real,1,
real_world_training/04915.bin,real,0,
real_world_training/04916.bin,real,0,
injected/04917.bin,real,1,
injected/04918.bin,real,1,
real_world_training/04919.bin,real,0,
injected/04920.bin,real,1,
real_world_training/04921.bin,real,0,
injected/04922.bin,real,1,
real_world_training/04923.bin,real,0,
real_world_training/04924.bin,real,0,
real_world_training/04925.bin,real,0,
injected/04926.bin,real,1,
real_world_training/04927.bin,real,0,
injected/04928.bin,real,1,
real_world_training/04929.bin,real,0,
real_world_training/04930.bin,real,0,
injected/04931.bin,real,1,
real_world_training/04932.bin,real,0,
real_world_training/04933.bin,real,0,
injected/04934.bin,real,1,
real_world_training/04935.bin,real,0,
real_world_training/04936.bin,real,0,
real_world_training/04937.bin,real,0,
real_world_training/04938.bin,real,0,
real_world_training/04939.bin,real,0,
injected/04940.bin,real,1,
injected/04941.bin,real,1,
real_world_training/04942.bin,real,0,
real_world_training/04943.bin,real,0,
real_world_training/04944.bin,real,0,
real_world_training/04945.bin,real,0,
real_world_training/04946.bin,real,0,
real_world_training/04947.bin,real,0,
injected/04948.bin,real,1,
real_world_training/04949.bin,real,0,
injected/04950.bin,real,1,
real_world_training/04951.bin,real,0,
injected/04952.bin,real,1,
real_world_training/04953.bin,real,0,
injected/04954.bin,real,1,
real_world_training/04955.bin,real,0,
injected/04956.bin,real,1,
real_world_training/04957.bin,real,0,
real_world_training/04958.bin,real,0,
injected/04959.bin,real,1,
injected/04960.bin,real,1,
injected/04961.bin,real,1,
real_world_training/04962.bin,real,0,
real_world_training/04963.bin,real,0,
injected/04964.bin,real,1,
real_world_training/04965.bin,real,0,
real_world_training/04966.bin,real,0,
real_world_training/04967.bin,real,0,
real_world_training/04968.bin,real,0,
injected/04969.bin,real,1,
injected/04970.bin,real,1,
real_world_training/04971.bin,real,0,
injected/04972.bin,real,1,
real_world_training/04973.bin,real,0,
real_world_training/04974.bin,real,0,
real_world_training/04975.bin,real,0,
real_world_training/04976.bin,real,0,
injected/04977.bin,real,1,
real_world_training/04978.bin,real,0,
real_world_training/04979.bin,real,0,
real_world_training/04980.bin,real,0,
real_world_training/04981.bin,real,0,
real_world_training/04982.bin,real,0,
injected/04983.bin,real,1,
real_world_training/04984.bin,real,0,
injected/04985.bin,real,1,
real_world_training/04986.bin,real,0,
injected/04987.bin,real,1,
injected/04988.bin,real,1,
injected/04989.bin,real,1,
injected/04990.bin,real,1,
real_world_training/04991.bin,real,0,
real_world_training/04992.bin,real,0,
real_world_training/04993.bin,real,0,
injected/04994.bin,real,1,
real_world_training/04995.bin,real,0,
injected/04996.bin,real,1,
real_world_training/04997.bin,real,1,
real_world_training/04998.bin,real,0,
injected/04999.bin,real,1,
real_world_training/05000.bin,real,0,
injected/05001.bin,real,1,
injected/05002.bin,real,1,
real_world_training/05003.bin,real,0,
real_world_training/05004.bin,real,0,
injected/05005.bin,real,1,
injected/05006.bin,real,1,
real_world_training/05007.bin,real,0,
real_world_training/05008.bin,real,0,
real_world_training/05009.bin,real,0,
injected/05010.bin,real,1,
real_world_training/05011.bin,real,1,
injected/05012.bin,real,1,
injected/05013.bin,real,1,
real_world_training/05014.bin,real,0,
injected/05015.bin,real,1,
real_world_training/05016.bin,real,0,
real_world_training/05017.bin,real,0,
injected/05018.bin,real,1,
injected/05019.bin,real,1,
real_world_training/05020.bin,real,0,
injected/05021.bin,real,1,
injected/05022.bin,real,1,
real_world_training/05023.bin,real,0,
real_world_training/05024.bin,real,0,
real_world_training/05025.bin,real,0,
injected/05026.bin,real,1,
real_world_training/05027.bin,real,0,
real_world_training/05028.bin,real,0,
real_world_training/05029.bin,real,0,
injected/05030.bin,real,1,
injected/05031.bin,real,1,
real_world_training/05032.bin,real,0,
real_world_training/05033.bin,real,0,
injected/05034.bin,real,1,
real_world_training/05035.bin,real,0,
injected/05036.bin,real,1,
injected/05037.bin,real,1,
real_world_training/05038.bin,real,0,
injected/05039.bin,real,1,
injected/05040.bin,real,1,
injected/05041.bin,real,1,
real_world_training/05042.bin,real,0,
injected/05043.bin,real,1,
injected/05044.bin,real,1,
real_world_training/05045.bin,real,0,
real_world_training/05046.bin,real,0,
injected/05047.bin,real,1,
injected/05048.bin,real,1,
real_world_training/05049.bin,real,0,
real_world_training/05050.bin,real,0,
injected/05051.bin,real,1,
injected/05052.bin,real,1,
real_world_training/05053.bin,real,0,
injected/05054.bin,real,1,
injected/05055.bin,real,1,
injected/05056.bin,real,1,
injected/05057.bin,real,1,
injected/05058.bin,real,1,
injected/05059.bin,real,1,
injected/05060.bin,real,1,
real_world_training/05061.bin,real,0,
injected/05062.bin,real,1,
injected/05063.bin,real,1,
real_world_training/05064.bin,real,0,
injected/05065.bin,real,1,
real_world_training/05066.bin,real,0,
real_world_training/05067.bin,real,0,
injected/05068.bin,real,1,
injected/05069.bin,real,1,
real_world_training/05070.bin,real,0,
injected/05071.bin,real,1,
injected/05072.bin,real,1,
real_world_training/05073.bin,real,0,
injected/05074.bin,real,1,
injected/05075.bin,real,1,
real_world_training/05076.bin,real,0,
injected/05077.bin,real,1,
injected/05078.bin,real,1,
real_world_training/05079.bin,real,0,
real_world_training/05080.bin,real,0,
injected/05081.bin,real,1,
real_world_training/05082.bin,real,0,
injected/05083.bin,real,1,
real_world_training/05084.bin,real,0,
injected/05085.bin,real,1,
real_world_training/05086.bin,real,0,
real_world_training/05087.bin,real,0,
real_world_training/05088.bin,real,0,
injected/05089.bin,real,1,
real_world_training/05090.bin,real,0,
real_world_training/05091.bin,real,0,
real_world_training/05092.bin,real,0,
injected/05093.bin,real,1,
injected/05094.bin,real,1,
injected/05095.bin,real,1,
injected/05096.bin,real,1,
injected/05097.bin,real,1,
injected/05098.bin,real,1,
injected/05099.bin,real,1,
real_world_training/05100.bin,real,0,
real_world_training/05101.bin,real,0,
real_world_training/05102.bin,real,0,
injected/05103.bin,real,1,
injected/05104.bin,real,1,
injected/05105.bin,real,1,
injected/05106.bin,real,1,
injected/05107.bin,real,1,
real_world_training/05108.bin,real,0,
real_world_training/05109.bin,real,1,
real_world_training/05110.bin,real,0,
injected/05111.bin,real,1,
injected/05112.bin,real,1,
real_world_training/05113.bin,real,0,
injected/05114.bin,real,1,
injected/05115.bin,real,1,
injected/05116.bin,real,1,
injected/05117.bin,real,1,
real_world_training/05118.bin,real,0,
real_world_training/05119.bin,real,0,
real_world_training/05120.bin,real,0,
real_world_training/05121.bin,real,0,
real_world_training/05122.bin,real,1,
injected/05123.bin,real,1,
real_world_training/05124.bin,real,0,
real_world_training/05125.bin,real,0,
real_world_training/05126.bin,real,0,
real_world_training/05127.bin,real,0,
injected/05128.bin,real,1,
real_world_training/05129.bin,real,0,
real_world_training/05130.bin,real,0,
real_world_training/05131.bin,real,0,
injected/05132.bin,real,1,
real_world_training/05133.bin,real,0,
injected/05134.bin,real,1,
real_world_training/05135.bin,real,0,
real_world_training/05136.bin,real,0,
real_world_training/05137.bin,real,0,
injected/05138.bin,real,1,
real_world_training/05139.bin,real,0,
real_world_training/05140.bin,real,0,
real_world_training/05141.bin,real,0,
injected/05142.bin,real,1,
injected/05143.bin,real,1,
real_world_training/05144.bin,real,0,
injected/05145.bin,real,1,
real_world_training/05146.bin,real,0,
real_world_training/05147.bin,real,0,
real_world_training/05148.bin,real,0,
injected/05149.bin,real,1,
real_world_training/05150.bin,real,0,
real_world_training/05151.bin,real,0,
injected/05152.bin,real,1,
injected/05153.bin,real,1,
real_world_training/05154.bin,real,0,
real_world_training/05155.bin,real,0,
injected/05156.bin,real,1,
real_world_training/05157.bin,real,0,
real_world_training/05158.bin,real,0,
real_world_training/05159.bin,real,0,
injected/05160.bin,real,1,
injected/05161.bin,real,1,
injected/05162.bin,real,1,
injected/05163.bin,real,1,
injected/05164.bin,real,1,
injected/05165.bin,real,1,
real_world_training/05166.bin,real,0,
injected/05167.bin,real,1,
injected/05168.bin,real,1,
injected/05169.bin,real,1,
injected/05170.bin,real,1,
real_world_training/05171.bin,real,0,
injected/05172.bin,real,1,
real_world_training/05173.bin,real,0,
real_world_training/05174.bin,real,1,
injected/05175.bin,real,1,
injected/05176.bin,real,1,
real_world_training/05177.bin,real,0,
real_world_training/05178.bin,real,1,
real_world_training/05179.bin,real,0,
real_world_training/05180.bin,real,0,
real_world_training/05181.bin,real,0,
injected/05182.bin,real,1,
injected/05183.bin,real,1,
injected/05184.bin,real,1,
real_world_training/05185.bin,real,0,
injected/05186.bin,real,1,
real_world_training/05187.bin,real,0,
real_world_training/05188.bin,real,0,
injected/05189.bin,real,1,
real_world_training/05190.bin,real,0,
real_world_training/05191.bin,real,0,
real_world_training/05192.bin,real,0,
real_world_training/05193.bin,real,0,
real_world_training/05194.bin,real,0,
injected/05195.bin,real,1,
injected/05196.bin,real,1,
injected/05197.bin,real,1,
injected/05198.bin,real,1,
real_world_training/05199.bin,real,0,
real_world_training/05200.bin,real,0,
injected/05201.bin,real,1,
real_world_training/05202.bin,real,0,
real_world_training/05203.bin,real,0,
injected/05204.bin,real,1,
real_world_training/05205.bin,real,0,
real_world_training/05206.bin,real,0,
real_world_training/05207.bin,real,0,
real_world_training/05208.bin,real,0,
real_world_training/05209.bin,real,0,
real_world_training/05210.bin,real,0,
injected/05211.bin,real,1,
real_world_training/05212.bin,real,0,
real_world_training/05213.bin,real,0,
injected/05214.bin,real,1,
injected/05215.bin,real,1,
real_world_training/05216.bin,real,1,
injected/05217.bin,real,1,
real_world_training/05218.bin,real,1,
real_world_training/05219.bin,real,0,
real_world_training/05220.bin,real,1,
injected/05221.bin,real,1,
real_world_training/05222.bin,real,0,
real_world_training/05223.bin,real,0,
real_world_training/05224.bin,real,0,
injected/05225.bin,real,1,
real_world_training/05226.bin,real,0,
real_world_training/05227.bin,real,0,
real_world_training/05228.bin,real,0,
injected/05229.bin,real,1,
injected/05230.bin,real,1,
real_world_training/05231.bin,real,0,
injected/05232.bin,real,1,
real_world_training/05233.bin,real,0,
real_world_training/05234.bin,real,0,
injected/05235.bin,real,1,
injected/05236.bin,real,1,
injected/05237.bin,real,1,
injected/05238.bin,real,1,
injected/05239.bin,real,1,
injected/05240.bin,real,1,
injected/05241.bin,real,1,
injected/05242.bin,real,1,
real_world_training/05243.bin,real,0,
real_world_training/05244.bin,real,0,
injected/05245.bin,real,1,
real_world_training/05246.bin,real,1,
injected/05247.bin,real,1,
real_world_training/05248.bin,real,0,
real_world_training/05249.bin,real,0,
real_world_training/05250.bin,real,0,
injected/05251.bin,real,1,
real_world_training/05252.bin,real,0,
real_world_training/05253.bin,real,0,
real_world_training/05254.bin,real,0,
real_world_training/05255.bin,real,0,
injected/05256.bin,real,1,
injected/05257.bin,real,1,
injected/05258.bin,real,1,
real_world_training/05259.bin,real,0,
real_world_training/05260.bin,real,0,
real_world_training/05261.bin,real,0,
injected/05262.bin,real,1,
real_world_training/05263.bin,real,0,
real_world_training/05264.bin,real,0,
real_world_training/05265.bin,real,0,
real_world_training/05266.bin,real,0,
real_world_training/05267.bin,real,0,
injected/05268.bin,real,1,
injected/05269.bin,real,1,
real_world_training/05270.bin,real,0,
real_world_training/05271.bin,real,0,
injected/05272.bin,real,1,
injected/05273.bin,real,1,
injected/05274.bin,real,1,
real_world_training/05275.bin,real,0,
real_world_training/05276.bin,real,0,
injected/05277.bin,real,1,
injected/05278.bin,real,1,
injected/05279.bin,real,1,
injected/05280.bin,real,1,
real_world_training/05281.bin,real,0,
injected/05282.bin,real,1,
real_world_training/05283.bin,real,0,
real_world_training/05284.bin,real,0,
injected/05285.bin,real,1,
injected/05286.bin,real,1,
injected/05287.bin,real,1,
real_world_training/05288.bin,real,0,
injected/05289.bin,real,1,
real_world_training/05290.bin,real,0,
injected/05291.bin,real,1,
real_world_training/05292.bin,real,0,
real_world_training/05293.bin,real,0,
real_world_training/05294.bin,real,0,
real_world_training/05295.bin,real,0,
injected/05296.bin,real,1,
real_world_training/05297.bin,real,0,
real_world_training/05298.bin,real,0,
real_world_training/05299.bin,real,0,
injected/05300.bin,real,1,
real_world_training/05301.bin,real,0,
injected/05302.bin,real,1,
injected/05303.bin,real,1,
real_world_training/05304.bin,real,1,
injected/05305.bin,real,1,
real_world_training/05306.bin,real,0,
injected/05307.bin,real,1,
real_world_training/05308.bin,real,0,
injected/05309.bin,real,1,
injected/05310.bin,real,1,
injected/05311.bin,real,1,
real_world_training/05312.bin,real,0,
real_world_training/05313.bin,real,0,
injected/05314.bin,real,1,
injected/05315.bin,real,1,
injected/05316.bin,real,1,
real_world_training/05317.bin,real,0,
injected/05318.bin,real,1,
injected/05319.bin,real,1,
real_world_training/05320.bin,real,0,
injected/05321.bin,real,1,
injected/05322.bin,real,1,
real_world_training/05323.bin,real,0,
injected/05324.bin,real,1,
real_world_training/05325.bin,real,0,
injected/05326.bin,real,1,
real_world_training/05327.bin,real,0,
real_world_training/05328.bin,real,0,
real_world_training/05329.bin,real,0,
injected/05330.bin,real,1,
real_world_training/05331.bin,real,0,
real_world_training/05332.bin,real,0,
real_world_training/05333.bin,real,0,
injected/05334.bin,real,1,
real_world_training/05335.bin,real,0,
real_world_training/05336.bin,real,0,
injected/05337.bin,real,1,
real_world_training/05338.bin,real,0,
injected/05339.bin,real,1,
real_world_training/05340.bin,real,0,
real_world_training/05341.bin,real,0,
real_world_training/05342.bin,real,0,
injected/05343.bin,real,1,
real_world_training/05344.bin,real,0,
real_world_training/05345.bin,real,0,
injected/05346.bin,real,1,
real_world_training/05347.bin,real,0,
real_world_training/05348.bin,real,0,
real_world_training/05349.bin,real,0,
real_world_training/05350.bin,real,0,
injected/05351.bin,real,1,
real_world_training/05352.bin,real,0,
injected/05353.bin,real,1,
injected/05354.bin,real,1,
real_world_training/05355.bin,real,0,
real_world_training/05356.bin,real,1,
real_world_training/05357.bin,real,0,
real_world_training/05358.bin,real,0,
real_world_training/05359.bin,real,0,
injected/05360.bin,real,1,
injected/05361.bin,real,1,
injected/05362.bin,real,1,
real_world_training/05363.bin,real,0,
injected/05364.bin,real,1,
real_world_training/05365.bin,real,0,
injected/05366.bin,real,1,
real_world_training/05367.bin,real,0,
real_world_training/05368.bin,real,0,
injected/05369.bin,real,1,
injected/05370.bin,real,1,
injected/05371.bin,real,1,
real_world_training/05372.bin,real,0,
real_world_training/05373.bin,real,0,
real_world_training/05374.bin,real,0,
injected/05375.bin,real,1,
real_world_training/05376.bin,real,0,
injected/05377.bin,real,1,
injected/05378.bin,real,1,
injected/05379.bin,real,1,
injected/05380.bin,real,1,
injected/05381.bin,real,1,
injected/05382.bin,real,1,
injected/05383.bin,real,1,
real_world_training/05384.bin,real,0,
real_world_training/05385.bin,real,0,
injected/05386.bin,real,1,
real_world_training/05387.bin,real,0,
injected/05388.bin,real,1,
real_world_training/05389.bin,real,0,
real_world_training/05390.bin,real,0,
injected/05391.bin,real,1,
real_world_training/05392.bin,real,0,
real_world_training/05393.bin,real,1,
injected/05394.bin,real,1,
injected/05395.bin,real,1,
real_world_training/05396.bin,real,0,
real_world_training/05397.bin,real,0,
real_world_training/05398.bin,real,0,
injected/05399.bin,real,1,
real_world_training/05400.bin,real,0,
real_world_training/05401.bin,real,0,
injected/05402.bin,real,1,
injected/05403.bin,real,1,
real_world_training/05404.bin,real,0,
injected/05405.bin,real,1,
injected/05406.bin,real,1,
injected/05407.bin,real,1,
injected/05408.bin,real,1,
injected/05409.bin,real,1,
injected/05410.bin,real,1,
real_world_training/05411.bin,real,0,
real_world_training/05412.bin,real,1,
injected/05413.bin,real,1,
injected/05414.bin,real,1,
injected/05415.bin,real,1,
injected/05416.bin,real,1,
real_world_training/05417.bin,real,0,
injected/05418.bin,real,1,
injected/05419.bin,real,1,
injected/05420.bin,real,1,
real_world_training/05421.bin,real,0,
injected/05422.bin,real,1,
injected/05423.bin,real,1,
real_world_training/05424.bin,real,0,
real_world_training/05425.bin,real,0,
injected/05426.bin,real,1,
real_world_training/05427.bin,real,0,
real_world_training/05428.bin,real,1,
real_world_training/05429.bin,real,0,
real_world_training/05430.bin,real,0,
real_world_training/05431.bin,real,0,
real_world_training/05432.bin,real,0,
real_world_training/05433.bin,real,0,
real_world_training/05434.bin,real,0,
injected/05435.bin,real,1,
injected/05436.bin,real,1,
injected/05437.bin,real,1,
real_world_training/05438.bin,real,0,
real_world_training/05439.bin,real,0,
injected/05440.bin,real,1,
real_world_training/05441.bin,real,0,
injected/05442.bin,real,1,
injected/05443.bin,real,1,
real_world_training/05444.bin,real,0,
real_world_training/05445.bin,real,0,
real_world_training/05446.bin,real,0,
real_world_training/05447.bin,real,0,
real_world_training/05448.bin,real,0,
real_world_training/05449.bin,real,0,
real_world_training/05450.bin,real,0,
real_world_training/05451.bin,real,0,
injected/05452.bin,real,1,
real_world_training/05453.bin,real,0,
real_world_training/05454.bin,real,0,
injected/05455.bin,real,1,
injected/05456.bin,real,1,
injected/05457.bin,real,1,
real_world_training/05458.bin,real,0,
injected/05459.bin,real,1,
real_world_training/05460.bin,real,0,
real_world_training/05461.bin,real,0,
real_world_training/05462.bin,real,0,
real_world_training/05463.bin,real,0,
injected/05464.bin,real,1,
injected/05465.bin,real,1,
real_world_training/05466.bin,real,0,
real_world_training/05467.bin,real,0,
injected/05468.bin,real,1,
real_world_training/05469.bin,real,0,
real_world_training/05470.bin,real,0,
injected/05471.bin,real,1,
real_world_training/05472.bin,real,0,
real_world_training/05473.bin,real,0,
injected/05474.bin,real,1,
real_world_training/05475.bin,real,0,
injected/05476.bin,real,1,
real_world_training/05477.bin,real,0,
injected/05478.bin,real,1,
real_world_training/05479.bin,real,0,
injected/05480.bin,real,1,
real_world_training/05481.bin,real,0,
real_world_training/05482.bin,real,0,
injected/05483.bin,real,1,
real_world_training/05484.bin,real,0,
injected/05485.bin,real,1,
real_world_training/05486.bin,real,0,
real_world_training/05487.bin,real,0,
real_world_training/05488.bin,real,0,
injected/05489.bin,real,1,
real_world_training/05490.bin,real,0,
real_world_training/05491.bin,real,0,
real_world_training/05492.bin,real,0,
injected/05493.bin,real,1,
real_world_training/05494.bin,real,1,
injected/05495.bin,real,1,
real_world_training/05496.bin,real,0,
real_world_training/05497.bin,real,0,
injected/05498.bin,real,1,
injected/05499.bin,real,1,
real_world_training/05500.bin,real,0,
injected/05501.bin,real,1,
real_world_training/05502.bin,real,0,
real_world_training/05503.bin,real,0,
injected/05504.bin,real,1,
injected/05505.bin,real,1,
real_world_training/05506.bin,real,0,
injected/05507.bin,real,1,
real_world_training/05508.bin,real,0,
injected/05509.bin,real,1,
injected/05510.bin,real,1,
injected/05511.bin,real,1,
real_world_training/05512.bin,real,0,
injected/05513.bin,real,1,
injected/05514.bin,real,1,
real_world_training/05515.bin,real,1,
real_world_training/05516.bin,real,0,
injected/05517.bin,real,1,
injected/05518.bin,real,1,
injected/05519.bin,real,1,
injected/05520.bin,real,1,
real_world_training/05521.bin,real,0,
real_world_training/05522.bin,real,0,
real_world_training/05523.bin,real,0,
injected/05524.bin,real,1,
real_world_training/05525.bin,real,0,
real_world_training/05526.bin,real,0,
injected/05527.bin,real,1,
injected/05528.bin,real,1,
injected/05529.bin,real,1,
injected/05530.bin,real,1,
injected/05531.bin,real,1,
real_world_training/05532.bin,real,0,
real_world_training/05533.bin,real,0,
injected/05534.bin,real,1,
injected/05535.bin,real,1,
real_world_training/05536.bin,real,0,
injected/05537.bin,real,1,
real_world_training/05538.bin,real,0,
real_world_training/05539.bin,real,0,
real_world_training/05540.bin,real,0,
injected/05541.bin,real,1,
injected/05542.bin,real,1,
injected/05543.bin,real,1,
real_world_training/05544.bin,real,0,
real_world_training/05545.bin,real,0,
injected/05546.bin,real,1,
real_world_training/05547.bin,real,0,
real_world_training/05548.bin,real,0,
real_world_training/05549.bin,real,0,
real_world_training/05550.bin,real,0,
real_world_training/05551.bin,real,0,
real_world_training/05552.bin,real,0,
real_world_training/05553.bin,real,0,
real_world_training/05554.bin,real,0,
real_world_training/05555.bin,real,0,
real_world_training/05556.bin,real,0,
injected/05557.bin,real,1,
injected/05558.bin,real,1,
injected/05559.bin,real,1,
injected/05560.bin,real,1,
real_world_training/05561.bin,real,0,
injected/05562.bin,real,1,
real_world_training/05563.bin,real,0,
injected/05564.bin,real,1,
injected/05565.bin,real,1,
injected/05566.bin,real,1,
injected/05567.bin,real,1,
injected/05568.bin,real,1,
real_world_training/05569.bin,real,0,
injected/05570.bin,real,1,
injected/05571.bin,real,1,
injected/05572.bin,real,1,
real_world_training/05573.bin,real,0,
injected/05574.bin,real,1,
injected/05575.bin,real,1,
injected/05576.bin,real,1,
injected/05577.bin,real,1,
real_world_training/05578.bin,real,0,
real_world_training/05579.bin,real,0,
real_world_training/05580.bin,real,0,
injected/05581.bin,real,1,
real_world_training/05582.bin,real,0,
real_world_training/05583.bin,real,0,
injected/05584.bin,real,1,
real_world_training/05585.bin,real,0,
real_world_training/05586.bin,real,0,
real_world_training/05587.bin,real,1,
real_world_training/05588.bin,real,0,
injected/05589.bin,real,1,
real_world_training/05590.bin,real,0,
real_world_training/05591.bin,real,0,
real_world_training/05592.bin,real,0,
injected/05593.bin,real,1,
real_world_training/05594.bin,real,0,
real_world_training/05595.bin,real,0,
real_world_training/05596.bin,real,0,
real_world_training/05597.bin,real,0,
real_world_training/05598.bin,real,0,
injected/05599.bin,real,1,
injected/05600.bin,real,1,
real_world_training/05601.bin,real,1,
real_world_training/05602.bin,real,0,
real_world_training/05603.bin,real,0,
injected/05604.bin,real,1,
injected/05605.bin,real,1,
real_world_training/05606.bin,real,0,
real_world_training/05607.bin,real,0,
real_world_training/05608.bin,real,0,
injected/05609.bin,real,1,
injected/05610.bin,real,1,
real_world_training/05611.bin,real,0,
real_world_training/05612.bin,real,0,
real_world_training/05613.bin,real,0,
real_world_training/05614.bin,real,0,
injected/05615.bin,real,1,
real_world_training/05616.bin,real,0,
real_world_training/05617.bin,real,0,
injected/05618.bin,real,1,
real_world_training/05619.bin,real,0,
real_world_training/05620.bin,real,0,
injected/05621.bin,real,1,
injected/05622.bin,real,1,
real_world_training/05623.bin,real,0,
injected/05624.bin,real,1,
real_world_training/05625.bin,real,0,
injected/05626.bin,real,1,
injected/05627.bin,real,1,
real_world_training/05628.bin,real,0,
real_world_training/05629.bin,real,0,
real_world_training/05630.bin,real,0,
injected/05631.bin,real,1,
real_world_training/05632.bin,real,0,
real_world_training/05633.bin,real,0,
real_world_training/05634.bin,real,0,
real_world_training/05635.bin,real,0,
real_world_training/05636.bin,real,0,
injected/05637.bin,real,1,
real_world_training/05638.bin,real,0,
real_world_training/05639.bin,real,0,
real_world_training/05640.bin,real,0,
injected/05641.bin,real,1,
real_world_training/05642.bin,real,0,
real_world_training/05643.bin,real,0,
real_world_training/05644.bin,real,0,
real_world_training/05645.bin,real,0,
real_world_training/05646.bin,real,0,
real_world_training/05647.bin,real,0,
real_world_training/05648.bin,real,0,
real_world_training/05649.bin,real,0,
real_world_training/05650.bin,real,0,
real_world_training/05651.bin,real,0,
real_world_training/05652.bin,real,0,
real_world_training/05653.bin,real,0,
real_world_training/05654.bin,real,0,
injected/05655.bin,real,1,
real_world_training/05656.bin,real,1,
injected/05657.bin,real,1,
real_world_training/05658.bin,real,0,
injected/05659.bin,real,1,
real_world_training/05660.bin,real,0,
injected/05661.bin,real,1,
injected/05662.bin,real,1,
real_world_training/05663.bin,real,0,
real_world_training/05664.bin,real,0,
real_world_training/05665.bin,real,0,
real_world_training/05666.bin,real,0,
real_world_training/05667.bin,real,0,
injected/05668.bin,real,1,
real_world_training/05669.bin,real,0,
real_world_training/05670.bin,real,0,
injected/05671.bin,real,1,
injected/05672.bin,real,1,
injected/05673.bin,real,1,
injected/05674.bin,real,1,
injected/05675.bin,real,1,
injected/05676.bin,real,1,
real_world_training/05677.bin,real,0,
real_world_training/05678.bin,real,0,
injected/05679.bin,real,1,
real_world_training/05680.bin,real,0,
injected/05681.bin,real,1,
injected/05682.bin,real,1,
injected/05683.bin,real,1,
injected/05684.bin,real,1,
real_world_training/05685.bin,real,0,
injected/05686.bin,real,1,
injected/05687.bin,real,1,
real_world_training/05688.bin,real,0,
real_world_training/05689.bin,real,0,
injected/05690.bin,real,1,
injected/05691.bin,real,1,
injected/05692.bin,real,1,
injected/05693.bin,real,1,
injected/05694.bin,real,1,
real_world_training/05695.bin,real,0,
real_world_training/05696.bin,real,0,
real_world_training/05697.bin,real,0,
real_world_training/05698.bin,real,0,
real_world_training/05699.bin,real,0,
real_world_training/05700.bin,real,0,
real_world_training/05701.bin,real,0,
real_world_training/05702.bin,real,0,
real_world_training/05703.bin,real,0,
injected/05704.bin,real,1,
real_world_training/05705.bin,real,0,
injected/05706.bin,real,1,
real_world_training/05707.bin,real,0,
injected/05708.bin,real,1,
real_world_training/05709.bin,real,0,
injected/05710.bin,real,1,
injected/05711.bin,real,1,
real_world_training/05712.bin,real,0,
injected/05713.bin,real,1,
injected/05714.bin,real,1,
injected/05715.bin,real,1,
injected/05716.bin,real,1,
real_world_training/05717.bin,real,0,
injected/05718.bin,real,1,
real_world_training/05719.bin,real,0,
real_world_training/05720.bin,real,0,
injected/05721.bin,real,1,
real_world_training/05722.bin,real,0,
real_world_training/05723.bin,real,0,
real_world_training/05724.bin,real,0,
injected/05725.bin,real,1,
real_world_training/05726.bin,real,0,
real_world_training/05727.bin,real,0,
injected/05728.bin,real,1,
real_world_training/05729.bin,real,0,
injected/05730.bin,real,1,
real_world_training/05731.bin,real,0,
injected/05732.bin,real,1,
real_world_training/05733.bin,real,0,
real_world_training/05734.bin,real,0,
real_world_training/05735.bin,real,0,
injected/05736.bin,real,1,
real_world_training/05737.bin,real,0,
injected/05738.bin,real,1,
injected/05739.bin,real,1,
real_world_training/05740.bin,real,0,
real_world_training/05741.bin,real,0,
real_world_training/05742.bin,real,0,
real_world_training/05743.bin,real,0,
injected/05744.bin,real,1,
injected/05745.bin,real,1,
injected/05746.bin,real,1,
injected/05747.bin,real,1,
injected/05748.bin,real,1,
real_world_training/05749.bin,real,0,
real_world_training/05750.bin,real,0,
injected/05751.bin,real,1,
injected/05752.bin,real,1,
real_world_training/05753.bin,real,0,
injected/05754.bin,real,1,
real_world_training/05755.bin,real,0,
real_world_training/05756.bin,real,0,
injected/05757.bin,real,1,
real_world_training/05758.bin,real,0,
real_world_training/05759.bin,real,0,
injected/05760.bin,real,1,
real_world_training/05761.bin,real,0,
injected/05762.bin,real,1,
real_world_training/05763.bin,real,0,
real_world_training/05764.bin,real,0,
injected/05765.bin,real,1,
real_world_training/05766.bin,real,0,
real_world_training/05767.bin,real,0,
real_world_training/05768.bin,real,0,
injected/05769.bin,real,1,
real_world_training/05770.bin,real,0,
real_world_training/05771.bin,real,0,
real_world_training/05772.bin,real,0,
real_world_training/05773.bin,real,0,
real_world_training/05774.bin,real,0,
injected/05775.bin,real,1,
injected/05776.bin,real,1,
real_world_training/05777.bin,real,0,
real_world_training/05778.bin,real,0,
real_world_training/05779.bin,real,0,
real_world_training/05780.bin,real,0,
real_world_training/05781.bin,real,0,
injected/05782.bin,real,1,
real_world_training/05783.bin,real,0,
real_world_training/05784.bin,real,0,
real_world_training/05785.bin,real,0,
real_world_training/05786.bin,real,0,
real_world_training/05787.bin,real,0,
real_world_training/05788.bin,real,0,
injected/05789.bin,real,1,
real_world_training/05790.bin,real,0,
real_world_training/05791.bin,real,0,
injected/05792.bin,real,1,
real_world_training/05793.bin,real,0,
real_world_training/05794.bin,real,0,
injected/05795.bin,real,1,
injected/05796.bin,real,1,
injected/05797.bin,real,1,
real_world_training/05798.bin,real,0,
injected/05799.bin,real,1,
real_world_training/05800.bin,real,0,
real_world_training/05801.bin,real,0,
real_world_training/05802.bin,real,0,
real_world_training/05803.bin,real,0,
injected/05804.bin,real,1,
real_world_training/05805.bin,real,0,
real_world_training/05806.bin,real,0,
real_world_training/05807.bin,real,0,
injected/05808.bin,real,1,
injected/05809.bin,real,1,
injected/05810.bin,real,1,
injected/05811.bin,real,1,
real_world_training/05812.bin,real,0,
injected/05813.bin,real,1,
injected/05814.bin,real,1,
injected/05815.bin,real,1,
real_world_training/05816.bin,real,0,
injected/05817.bin,real,1,
injected/05818.bin,real,1,
real_world_training/05819.bin,real,0,
real_world_training/05820.bin,real,0,
injected/05821.bin,real,1,
real_world_training/05822.bin,real,0,
real_world_training/05823.bin,real,0,
real_world_training/05824.bin,real,0,
injected/05825.bin,real,1,
injected/05826.bin,real,1,
injected/05827.bin,real,1,
real_world_training/05828.bin,real,0,
injected/05829.bin,real,1,
real_world_training/05830.bin,real,0,
real_world_training/05831.bin,real,0,
injected/05832.bin,real,1,
injected/05833.bin,real,1,
injected/05834.bin,real,1,
injected/05835.bin,real,1,
real_world_training/05836.bin,real,0,
real_world_training/05837.bin,real,0,
real_world_training/05838.bin,real,0,
injected/05839.bin,real,1,
injected/05840.bin,real,1,
injected/05841.bin,real,1,
real_world_training/05842.bin,real,0,
injected/05843.bin,real,1,
real_world_training/05844.bin,real,0,
real_world_training/05845.bin,real,0,
real_world_training/05846.bin,real,0,
real_world_training/05847.bin,real,0,
real_world_training/05848.bin,real,0,
real_world_training/05849.bin,real,0,
real_world_training/05850.bin,real,0,
real_world_training/05851.bin,real,0,
injected/05852.bin,real,1,
injected/05853.bin,real,1,
real_world_training/05854.bin,real,0,
real_world_training/05855.bin,real,1,
real_world_training/05856.bin,real,0,
injected/05857.bin,real,1,
real_world_training/05858.bin,real,0,
injected/05859.bin,real,1,
real_world_training/05860.bin,real,0,
injected/05861.bin,real,1,
injected/05862.bin,real,1,
injected/05863.bin,real,1,
real_world_training/05864.bin,real,0,
real_world_training/05865.bin,real,0,
injected/05866.bin,real,1,
injected/05867.bin,real,1,
real_world_training/05868.bin,real,0,
real_world_training/05869.bin,real,0,
real_world_training/05870.bin,real,0,
injected/05871.bin,real,1,
injected/05872.bin,real,1,
real_world_training/05873.bin,real,0,
injected/05874.bin,real,1,
injected/05875.bin,real,1,
real_world_training/05876.bin,real,0,
injected/05877.bin,real,1,
real_world_training/05878.bin,real,0,
real_world_training/05879.bin,real,0,
real_world_training/05880.bin,real,0,
real_world_training/05881.bin,real,0,
real_world_training/05882.bin,real,0,
real_world_training/05883.bin,real,0,
injected/05884.bin,real,1,
injected/05885.bin,real,1,
injected/05886.bin,real,1,
real_world_training/05887.bin,real,0,
injected/05888.bin,real,1,
real_world_training/05889.bin,real,0,
injected/05890.bin,real,1,
real_world_training/05891.bin,real,0,
real_world_training/05892.bin,real,0,
real_world_training/05893.bin,real,0,
injected/05894.bin,real,1,
real_world_training/05895.bin,real,0,
real_world_training/05896.bin,real,0,
real_world_training/05897.bin,real,0,
injected/05898.bin,real,1,
real_world_training/05899.bin,real,0,
real_world_training/05900.bin,real,0,
real_world_training/05901.bin,real,0,
injected/05902.bin,real,1,
real_world_training/05903.bin,real,0,
real_world_training/05904.bin,real,0,
real_world_training/05905.bin,real,0,
injected/05906.bin,real,1,
injected/05907.bin,real,1,
injected/05908.bin,real,1,
real_world_training/05909.bin,real,0,
real_world_training/05910.bin,real,0,
real_world_training/05911.bin,real,0,
injected/05912.bin,real,1,
real_world_training/05913.bin,real,0,
injected/05914.bin,real,1,
injected/05915.bin,real,1,
real_world_training/05916.bin,real,0,
real_world_training/05917.bin,real,0,
injected/05918.bin,real,1,
injected/05919.bin,real,1,
real_world_training/05920.bin,real,0,
real_world_training/05921.bin,real,0,
real_world_training/05922.bin,real,0,
real_world_training/05923.bin,real,0,
real_world_training/05924.bin,real,0,
injected/05925.bin,real,1,
real_world_training/05926.bin,real,0,
real_world_training/05927.bin,real,0,
real_world_training/05928.bin,real,0,
real_world_training/05929.bin,real,0,
injected/05930.bin,real,1,
injected/05931.bin,real,1,
injected/05932.bin,real,1,
real_world_training/05933.bin,real,0,
injected/05934.bin,real,1,
real_world_training/05935.bin,real,0,
real_world_training/05936.bin,real,0,
injected/05937.bin,real,1,
real_world_training/05938.bin,real,0,
real_world_training/05939.bin,real,0,
injected/05940.bin,real,1,
real_world_training/05941.bin,real,0,
injected/05942.bin,real,1,
real_world_training/05943.bin,real,0,
injected/05944.bin,real,1,
injected/05945.bin,real,1,
real_world_training/05946.bin,real,0,
real_world_training/05947.bin,real,0,
real_world_training/05948.bin,real,0,
injected/05949.bin,real,1,
real_world_training/05950.bin,real,0,
injected/05951.bin,real,1,
real_world_training/05952.bin,real,0,
real_world_training/05953.bin,real,0,
real_world_training/05954.bin,real,1,
real_world_training/05955.bin,real,0,
injected/05956.bin,real,1,
real_world_training/05957.bin,real,0,
injected/05958.bin,real,1,
injected/05959.bin,real,1,
real_world_training/05960.bin,real,0,
real_world_training/05961.bin,real,0,
real_world_training/05962.bin,real,0,
injected/05963.bin,real,1,
real_world_training/05964.bin,real,0,
real_world_training/05965.bin,real,0,
injected/05966.bin,real,1,
real_world_training/05967.bin,real,0,
real_world_training/05968.bin,real,0,
injected/05969.bin,real,1,
real_world_training/05970.bin,real,0,
real_world_training/05971.bin,real,0,
real_world_training/05972.bin,real,0,
real_world_training/05973.bin,real,0,
injected/05974.bin,real,1,
injected/05975.bin,real,1,
real_world_training/05976.bin,real,1,
real_world_training/05977.bin,real,0,
real_world_training/05978.bin,real,0,
real_world_training/05979.bin,real,0,
real_world_training/05980.bin,real,0,
injected/05981.bin,real,1,
real_world_training/05982.bin,real,0,
real_world_training/05983.bin,real,0,
real_world_training/05984.bin,real,0,
real_world_training/05985.bin,real,0,
real_world_training/05986.bin,real,0,
real_world_training/05987.bin,real,0,
injected/05988.bin,real,1,
injected/05989.bin,real,1,
real_world_training/05990.bin,real,0,
real_world_training/05991.bin,real,0,
real_world_training/05992.bin,real,1,
real_world_training/05993.bin,real,0,
injected/05994.bin,real,1,
real_world_training/05995.bin,real,0,
real_world_training/05996.bin,real,0,
real_world_training/05997.bin,real,0,
real_world_training/05998.bin,real,0,
real_world_training/05999.bin,real,0,
real_world_training/06000.bin,real,0,
real_world_training/06001.bin,real,0,
real_world_training/06002.bin,real,0,
real_world_training/06003.bin,real,0,
real_world_training/06004.bin,real,0,
real_world_training/06005.bin,real,0,
real_world_training/06006.bin,real,0,
injected/06007.bin,real,1,
real_world_training/06008.bin,real,0,
real_world_training/06009.bin,real,0,
real_world_training/06010.bin,real,0,
real_world_training/06011.bin,real,0,
real_world_training/06012.bin,real,0,
real_world_training/06013.bin,real,0,
real_world_training/06014.bin,real,0,
real_world_training/06015.bin,real,0,
injected/06016.bin,real,1,
real_world_training/06017.bin,real,0,
injected/06018.bin,real,1,
injected/06019.bin,real,1,
real_world_training/06020.bin,real,0,
injected/06021.bin,real,1,
real_world_training/06022.bin,real,0,
real_world_training/06023.bin,real,0,
real_world_training/06024.bin,real,0,
real_world_training/06025.bin,real,0,
injected/06026.bin,real,1,
real_world_training/06027.bin,real,0,
real_world_training/06028.bin,real,0,
injected/06029.bin,real,1,
real_world_training/06030.bin,real,0,
injected/06031.bin,real,1,
real_world_training/06032.bin,real,1,
injected/06033.bin,real,1,
injected/06034.bin,real,1,
injected/06035.bin,real,1,
injected/06036.bin,real,1,
injected/06037.bin,real,1,
real_world_training/06038.bin,real,0,
real_world_training/06039.bin,real,0,
injected/06040.bin,real,1,
real_world_training/06041.bin,real,0,
real_world_training/06042.bin,real,0,
injected/06043.bin,real,1,
injected/06044.bin,real,1,
real_world_training/06045.bin,real,0,
real_world_training/06046.bin,real,0,
injected/06047.bin,real,1,
real_world_training/06048.bin,real,0,
injected/06049.bin,real,1,
injected/06050.bin,real,1,
injected/06051.bin,real,1,
real_world_training/06052.bin,real,0,
real_world_training/06053.bin,real,0,
injected/06054.bin,real,1,
injected/06055.bin,real,1,
real_world_training/06056.bin,real,0,
real_world_training/06057.bin,real,0,
injected/06058.bin,real,1,
real_world_training/06059.bin,real,0,
injected/06060.bin,real,1,
real_world_training/06061.bin,real,0,
injected/06062.bin,real,1,
real_world_training/06063.bin,real,0,
injected/06064.bin,real,1,
real_world_training/06065.bin,real,0,
real_world_training/06066.bin,real,0,
real_world_training/06067.bin,real,0,
real_world_training/06068.bin,real,0,
real_world_training/06069.bin,real,0,
real_world_training/06070.bin,real,0,
injected/06071.bin,real,1,
real_world_training/06072.bin,real,1,
real_world_training/06073.bin,real,0,
real_world_training/06074.bin,real,0,
real_world_training/06075.bin,real,0,
injected/06076.bin,real,1,
real_world_training/06077.bin,real,0,
real_world_training/06078.bin,real,0,
real_world_training/06079.bin,real,0,
real_world_training/06080.bin,real,0,
injected/06081.bin,real,1,
injected/06082.bin,real,1,
real_world_training/06083.bin,real,0,
real_world_training/06084.bin,real,0,
real_world_training/06085.bin,real,0,
real_world_training/06086.bin,real,0,
injected/06087.bin,real,1,
real_world_training/06088.bin,real,0,
injected/06089.bin,real,1,
real_world_training/06090.bin,real,1,
injected/06091.bin,real,1,
real_world_training/06092.bin,real,0,
real_world_training/06093.bin,real,0,
injected/06094.bin,real,1,
real_world_training/06095.bin,real,0,
real_world_training/06096.bin,real,0,
real_world_training/06097.bin,real,0,
injected/06098.bin,real,1,
real_world_training/06099.bin,real,0,
real_world_training/06100.bin,real,0,
injected/06101.bin,real,1,
injected/06102.bin,real,1,
real_world_training/06103.bin,real,0,
injected/06104.bin,real,1,
real_world_training/06105.bin,real,0,
real_world_training/06106.bin,real,0,
real_world_training/06107.bin,real,0,
injected/06108.bin,real,1,
injected/06109.bin,real,1,
injected/06110.bin,real,1,
injected/06111.bin,real,1,
injected/06112.bin,real,1,
injected/06113.bin,real,1,
injected/06114.bin,real,1,
real_world_training/06115.bin,real,0,
real_world_training/06116.bin,real,0,
injected/06117.bin,real,1,
real_world_training/06118.bin,real,0,
injected/06119.bin,real,1,
real_world_training/06120.bin,real,0,
injected/06121.bin,real,1,
real_world_training/06122.bin,real,0,
real_world_training/06123.bin,real,0,
real_world_training/06124.bin,real,0,
real_world_training/06125.bin,real,0,
real_world_training/06126.bin,real,0,
real_world_training/06127.bin,real,0,
injected/06128.bin,real,1,
real_world_training/06129.bin,real,0,
injected/06130.bin,real,1,
real_world_training/06131.bin,real,0,
real_world_training/06132.bin,real,1,
real_world_training/06133.bin,real,0,
real_world_training/06134.bin,real,0,
real_world_training/06135.bin,real,0,
injected/06136.bin,real,1,
injected/06137.bin,real,1,
real_world_training/06138.bin,real,0,
injected/06139.bin,real,1,
real_world_training/06140.bin,real,0,
real_world_training/06141.bin,real,1,
injected/06142.bin,real,1,
real_world_training/06143.bin,real,0,
real_world_training/06144.bin,real,0,
real_world_training/06145.bin,real,0,
injected/06146.bin,real,1,
real_world_training/06147.bin,real,0,
real_world_training/06148.bin,real,0,
injected/06149.bin,real,1,
real_world_training/06150.bin,real,0,
injected/06151.bin,real,1,
injected/06152.bin,real,1,
real_world_training/06153.bin,real,0,
real_world_training/06154.bin,real,0,
real_world_training/06155.bin,real,0,
real_world_training/06156.bin,real,0,
real_world_training/06157.bin,real,0,
injected/06158.bin,real,1,
real_world_training/06159.bin,real,0,
injected/06160.bin,real,1,
real_world_training/06161.bin,real,1,
real_world_training/06162.bin,real,0,
real_world_training/06163.bin,real,0,
real_world_training/06164.bin,real,0,
real_world_training/06165.bin,real,0,
real_world_training/06166.bin,real,0,
real_world_training/06167.bin,real,0,
real_world_training/06168.bin,real,0,
injected/06169.bin,real,1,
injected/06170.bin,real,1,
injected/06171.bin,real,1,
injected/06172.bin,real,1,
real_world_training/06173.bin,real,0,
real_world_training/06174.bin,real,0,
real_world_training/06175.bin,real,0,
real_world_training/06176.bin,real,0,
injected/06177.bin,real,1,
real_world_training/06178.bin,real,0,
real_world_training/06179.bin,real,0,
injected/06180.bin,real,1,
real_world_training/06181.bin,real,0,
injected/06182.bin,real,1,
injected/06183.bin,real,1,
real_world_training/06184.bin,real,0,
real_world_training/06185.bin,real,0,
real_world_training/06186.bin,real,0,
real_world_training/06187.bin,real,0,
real_world_training/06188.bin,real,0,
real_world_training/06189.bin,real,0,
injected/06190.bin,real,1,
real_world_training/06191.bin,real,0,
real_world_training/06192.bin,real,0,
real_world_training/06193.bin,real,0,
real_world_training/06194.bin,real,0,
real_world_training/06195.bin,real,0,
real_world_training/06196.bin,real,0,
injected/06197.bin,real,1,
real_world_training/06198.bin,real,0,
real_world_training/06199.bin,real,0,
injected/06200.bin,real,1,
real_world_training/06201.bin,real,0,
injected/06202.bin,real,1,
injected/06203.bin,real,1,
injected/06204.bin,real,1,
injected/06205.bin,real,1,
real_world_training/06206.bin,real,0,
injected/06207.bin,real,1,
injected/06208.bin,real,1,
injected/06209.bin,real,1,
injected/06210.bin,real,1,
real_world_training/06211.bin,real,0,
injected/06212.bin,real,1,
real_world_training/06213.bin,real,0,
real_world_training/06214.bin,real,0,
injected/06215.bin,real,1,
real_world_training/06216.bin,real,0,
real_world_training/06217.bin,real,0,
real_world_training/06218.bin,real,0,
injected/06219.bin,real,1,
real_world_training/06220.bin,real,0,
real_world_training/06221.bin,real,0,
real_world_training/06222.bin,real,0,
injected/06223.bin,real,1,
real_world_training/06224.bin,real,1,
injected/06225.bin,real,1,
injected/06226.bin,real,1,
injected/06227.bin,real,1,
real_world_training/06228.bin,real,0,
real_world_training/06229.bin,real,0,
real_world_training/06230.bin,real,0,
real_world_training/06231.bin,real,0,
real_world_training/06232.bin,real,0,
real_world_training/06233.bin,real,0,
real_world_training/06234.bin,real,0,
injected/06235.bin,real,1,
injected/06236.bin,real,1,
real_world_training/06237.bin,real,0,
injected/06238.bin,real,1,
injected/06239.bin,real,1,
injected/06240.bin,real,1,
real_world_training/06241.bin,real,0,
real_world_training/06242.bin,real,0,
injected/06243.bin,real,1,
real_world_training/06244.bin,real,0,
real_world_training/06245.bin,real,0,
real_world_training/06246.bin,real,0,
real_world_training/06247.bin,real,0,
real_world_training/06248.bin,real,0,
real_world_training/06249.bin,real,0,
injected/06250.bin,real,1,
injected/06251.bin,real,1,
real_world_training/06252.bin,real,0,
real_world_training/06253.bin,real,0,
injected/06254.bin,real,1,
injected/06255.bin,real,1,
injected/06256.bin,real,1,
real_world_training/06257.bin,real,0,
real_world_training/06258.bin,real,0,
injected/06259.bin,real,1,
injected/06260.bin,real,1,
real_world_training/06261.bin,real,0,
injected/06262.bin,real,1,
injected/06263.bin,real,1,
real_world_training/06264.bin,real,0,
real_world_training/06265.bin,real,0,
real_world_training/06266.bin,real,1,
real_world_training/06267.bin,real,0,
real_world_training/06268.bin,real,0,
injected/06269.bin,real,1,
injected/06270.bin,real,1,
injected/06271.bin,real,1,
injected/06272.bin,real,1,
real_world_training/06273.bin,real,1,
real_world_training/06274.bin,real,0,
real_world_training/06275.bin,real,0,
injected/06276.bin,real,1,
injected/06277.bin,real,1,
real_world_training/06278.bin,real,0,
real_world_training/06279.bin,real,0,
real_world_training/06280.bin,real,0,
real_world_training/06281.bin,real,0,
injected/06282.bin,real,1,
real_world_training/06283.bin,real,0,
real_world_training/06284.bin,real,0,
real_world_training/06285.bin,real,0,
real_world_training/06286.bin,real,0,
real_world_training/06287.bin,real,0,
injected/06288.bin,real,1,
injected/06289.bin,real,1,
real_world_training/06290.bin,real,0,
injected/06291.bin,real,1,
injected/06292.bin,real,1,
real_world_training/06293.bin,real,0,
real_world_training/06294.bin,real,0,
real_world_training/06295.bin,real,0,
injected/06296.bin,real,1,
real_world_training/06297.bin,real,0,
real_world_training/06298.bin,real,0,
real_world_training/06299.bin,real,0,
real_world_training/06300.bin,real,0,
real_world_training/06301.bin,real,0,
injected/06302.bin,real,1,
injected/06303.bin,real,1,
injected/06304.bin,real,1,
real_world_training/06305.bin,real,0,
injected/06306.bin,real,1,
real_world_training/06307.bin,real,0,
real_world_training/06308.bin,real,0,
real_world_training/06309.bin,real,0,
injected/06310.bin,real,1,
real_world_training/06311.bin,real,1,
injected/06312.bin,real,1,
injected/06313.bin,real,1,
real_world_training/06314.bin,real,0,
real_world_training/06315.bin,real,0,
injected/06316.bin,real,1,
injected/06317.bin,real,1,
real_world_training/06318.bin,real,0,
injected/06319.bin,real,1,
real_world_training/06320.bin,real,0,
real_world_training/06321.bin,real,0,
real_world_training/06322.bin,real,0,
real_world_training/06323.bin,real,0,
real_world_training/06324.bin,real,0,
real_world_training/06325.bin,real,0,
injected/06326.bin,real,1,
real_world_training/06327.bin,real,0,
real_world_training/06328.bin,real,0,
real_world_training/06329.bin,real,0,
injected/06330.bin,real,1,
real_world_training/06331.bin,real,0,
real_world_training/06332.bin,real,0,
real_world_training/06333.bin,real,0,
injected/06334.bin,real,1,
real_world_training/06335.bin,real,0,
injected/06336.bin,real,1,
real_world_training/06337.bin,real,0,
injected/06338.bin,real,1,
injected/06339.bin,real,1,
real_world_training/06340.bin,real,0,
real_world_training/06341.bin,real,0,
real_world_training/06342.bin,real,0,
real_world_training/06343.bin,real,0,
real_world_training/06344.bin,real,0,
injected/06345.bin,real,1,
real_world_training/06346.bin,real,0,
real_world_training/06347.bin,real,0,
injected/06348.bin,real,1,
real_world_training/06349.bin,real,0,
real_world_training/06350.bin,real,0,
injected/06351.bin,real,1,
injected/06352.bin,real,1,
injected/06353.bin,real,1,
real_world_training/06354.bin,real,0,
real_world_training/06355.bin,real,0,
injected/06356.bin,real,1,
injected/06357.bin,real,1,
real_world_training/06358.bin,real,0,
real_world_training/06359.bin,real,0,
real_world_training/06360.bin,real,0,
real_world_training/06361.bin,real,0,
real_world_training/06362.bin,real,0,
injected/06363.bin,real,1,
real_world_training/06364.bin,real,0,
injected/06365.bin,real,1,
real_world_training/06366.bin,real,0,
real_world_training/06367.bin,real,0,
real_world_training/06368.bin,real,0,
injected/06369.bin,real,1,
injected/06370.bin,real,1,
real_world_training/06371.bin,real,0,
injected/06372.bin,real,1,
real_world_training/06373.bin,real,0,
real_world_training/06374.bin,real,0,
injected/06375.bin,real,1,
injected/06376.bin,real,1,
real_world_training/06377.bin,real,0,
injected/06378.bin,real,1,
real_world_training/06379.bin,real,0,
real_world_training/06380.bin,real,0,
real_world_training/06381.bin,real,0,
real_world_training/06382.bin,real,0,
real_world_training/06383.bin,real,0,
real_world_training/06384.bin,real,0,
injected/06385.bin,real,1,
real_world_training/06386.bin,real,0,
real_world_training/06387.bin,real,0,
real_world_training/06388.bin,real,0,
injected/06389.bin,real,1,
real_world_training/06390.bin,real,0,
real_world_training/06391.bin,real,0,
injected/06392.bin,real,1,
real_world_training/06393.bin,real,0,
injected/06394.bin,real,1,
real_world_training/06395.bin,real,0,
real_world_training/06396.bin,real,0,
real_world_training/06397.bin,real,0,
real_world_training/06398.bin,real,0,
injected/06399.bin,real,1,
real_world_training/06400.bin,real,0,
real_world_training/06401.bin,real,0,
real_world_training/06402.bin,real,0,
injected/06403.bin,real,1,
real_world_training/06404.bin,real,0,
injected/06405.bin,real,1,
real_world_training/06406.bin,real,0,
real_world_training/06407.bin,real,0,
injected/06408.bin,real,1,
injected/06409.bin,real,1,
injected/06410.bin,real,1,
injected/06411.bin,real,1,
injected/06412.bin,real,1,
real_world_training/06413.bin,real,0,
injected/06414.bin,real,1,
real_world_training/06415.bin,real,0,
injected/06416.bin,real,1,
real_world_training/06417.bin,real,0,
real_world_training/06418.bin,real,0,
injected/06419.bin,real,1,
real_world_training/06420.bin,real,0,
injected/06421.bin,real,1,
real_world_training/06422.bin,real,0,
injected/06423.bin,real,1,
injected/06424.bin,real,1,
injected/06425.bin,real,1,
real_world_training/06426.bin,real,0,
real_world_training/06427.bin,real,0,
real_world_training/06428.bin,real,0,
injected/06429.bin,real,1,
injected/06430.bin,real,1,
injected/06431.bin,real,1,
injected/06432.bin,real,1,
real_world_training/06433.bin,real,0,
real_world_training/06434.bin,real,0,
real_world_training/06435.bin,real,0,
real_world_training/06436.bin,real,0,
real_world_training/06437.bin,real,0,
real_world_training/06438.bin,real,0,
real_world_training/06439.bin,real,0,
real_world_training/06440.bin,real,0,
real_world_training/06441.bin,real,0,
real_world_training/06442.bin,real,0,
injected/06443.bin,real,1,
real_world_training/06444.bin,real,0,
real_world_training/06445.bin,real,0,
real_world_training/06446.bin,real,0,
injected/06447.bin,real,1,
real_world_training/06448.bin,real,0,
real_world_training/06449.bin,real,0,
injected/06450.bin,real,1,
real_world_training/06451.bin,real,0,
real_world_training/06452.bin,real,0,
real_world_training/06453.bin,real,0,
injected/06454.bin,real,1,
injected/06455.bin,real,1,
injected/06456.bin,real,1,
real_world_training/06457.bin,real,0,
real_world_training/06458.bin,real,0,
real_world_training/06459.bin,real,0,
injected/06460.bin,real,1,
real_world_training/06461.bin,real,0,
injected/06462.bin,real,1,
injected/06463.bin,real,1,
injected/06464.bin,real,1,
injected/06465.bin,real,1,
real_world_training/06466.bin,real,0,
injected/06467.bin,real,1,
injected/06468.bin,real,1,
real_world_training/06469.bin,real,0,
real_world_training/06470.bin,real,1,
real_world_training/06471.bin,real,0,
real_world_training/06472.bin,real,0,
injected/06473.bin,real,1,
real_world_training/06474.bin,real,0,
real_world_training/06475.bin,real,0,
real_world_training/06476.bin,real,0,
injected/06477.bin,real,1,
real_world_training/06478.bin,real,1,
real_world_training/06479.bin,real,0,
injected/06480.bin,real,1,
injected/06481.bin,real,1,
real_world_training/06482.bin,real,0,
real_world_training/06483.bin,real,0,
real_world_training/06484.bin,real,0,
real_world_training/06485.bin,real,0,
injected/06486.bin,real,1,
injected/06487.bin,real,1,
real_world_training/06488.bin,real,0,
injected/06489.bin,real,1,
real_world_training/06490.bin,real,0,
real_world_training/06491.bin,real,0,
real_world_training/06492.bin,real,0,
real_world_training/06493.bin,real,0,
injected/06494.bin,real,1,
real_world_training/06495.bin,real,0,
injected/06496.bin,real,1,
real_world_training/06497.bin,real,0,
real_world_training/06498.bin,real,0,
real_world_training/06499.bin,real,0,
real_world_training/06500.bin,real,0,
injected/06501.bin,real,1,
real_world_training/06502.bin,real,0,
real_world_training/06503.bin,real,1,
real_world_training/06504.bin,real,1,
real_world_training/06505.bin,real,0,
real_world_training/06506.bin,real,0,
real_world_training/06507.bin,real,0,
injected/06508.bin,real,1,
real_world_training/06509.bin,real,0,
real_world_training/06510.bin,real,0,
injected/06511.bin,real,1,
real_world_training/06512.bin,real,0,
real_world_training/06513.bin,real,0,
injected/06514.bin,real,1,
real_world_training/06515.bin,real,0,
real_world_training/06516.bin,real,0,
injected/06517.bin,real,1,
real_world_training/06518.bin,real,0,
real_world_training/06519.bin,real,0,
real_world_training/06520.bin,real,0,
real_world_training/06521.bin,real,0,
real_world_training/06522.bin,real,0,
real_world_training/06523.bin,real,0,
real_world_training/06524.bin,real,0,
real_world_training/06525.bin,real,1,
injected/06526.bin,real,1,
real_world_training/06527.bin,real,0,
real_world_training/06528.bin,real,0,
injected/06529.bin,real,1,
real_world_training/06530.bin,real,0,
real_world_training/06531.bin,real,0,
real_world_training/06532.bin,real,0,
real_world_training/06533.bin,real,0,
injected/06534.bin,real,1,
real_world_training/06535.bin,real,0,
real_world_training/06536.bin,real,0,
injected/06537.bin,real,1,
injected/06538.bin,real,1,
real_world_training/06539.bin,real,0,
real_world_training/06540.bin,real,0,
injected/06541.bin,real,1,
real_world_training/06542.bin,real,0,
injected/06543.bin,real,1,
injected/06544.bin,real,1,
injected/06545.bin,real,1,
injected/06546.bin,real,1,
injected/06547.bin,real,1,
injected/06548.bin,real,1,
injected/06549.bin,real,1,
injected/06550.bin,real,1,
real_world_training/06551.bin,real,0,
injected/06552.bin,real,1,
real_world_training/06553.bin,real,0,
real_world_training/06554.bin,real,0,
real_world_training/06555.bin,real,0,
real_world_training/06556.bin,real,0,
real_world_training/06557.bin,real,0,
injected/06558.bin,real,1,
injected/06559.bin,real,1,
real_world_training/06560.bin,real,0,
injected/06561.bin,real,1,
real_world_training/06562.bin,real,0,
real_world_training/06563.bin,real,0,
injected/06564.bin,real,1,
real_world_training/06565.bin,real,0,
injected/06566.bin,real,1,
real_world_training/06567.bin,real,0,
injected/06568.bin,real,1,
real_world_training/06569.bin,real,0,
real_world_training/06570.bin,real,1,
real_world_training/06571.bin,real,0,
real_world_training/06572.bin,real,0,
real_world_training/06573.bin,real,0,
injected/06574.bin,real,1,
real_world_training/06575.bin,real,0,
real_world_training/06576.bin,real,0,
real_world_training/06577.bin,real,0,
real_world_training/06578.bin,real,0,
real_world_training/06579.bin,real,0,
real_world_training/06580.bin,real,0,
real_world_training/06581.bin,real,0,
real_world_training/06582.bin,real,0,
injected/06583.bin,real,1,
injected/06584.bin,real,1,
injected/06585.bin,real,1,
real_world_training/06586.bin,real,0,
real_world_training/06587.bin,real,1,
real_world_training/06588.bin,real,0,
real_world_training/06589.bin,real,0,
real_world_training/06590.bin,real,0,
injected/06591.bin,real,1,
injected/06592.bin,real,1,
real_world_training/06593.bin,real,0,
real_world_training/06594.bin,real,0,
real_world_training/06595.bin,real,0,
real_world_training/06596.bin,real,0,
real_world_training/06597.bin,real,0,
real_world_training/06598.bin,real,0,
real_world_training/06599.bin,real,0,
injected/06600.bin,real,1,
real_world_training/06601.bin,real,0,
real_world_training/06602.bin,real,0,
real_world_training/06603.bin,real,0,
injected/06604.bin,real,1,
real_world_training/06605.bin,real,0,
real_world_training/06606.bin,real,0,
real_world_training/06607.bin,real,0,
real_world_training/06608.bin,real,0,
injected/06609.bin,real,1,
real_world_training/06610.bin,real,0,
real_world_training/06611.bin,real,0,
real_world_training/06612.bin,real,0,
injected/06613.bin,real,1,
real_world_training/06614.bin,real,0,
real_world_training/06615.bin,real,0,
real_world_training/06616.bin,real,1,
real_world_training/06617.bin,real,0,
real_world_training/06618.bin,real,0,
real_world_training/06619.bin,real,0,
real_world_training/06620.bin,real,0,
injected/06621.bin,real,1,
injected/06622.bin,real,1,
real_world_training/06623.bin,real,0,
real_world_training/06624.bin,real,0,
real_world_training/06625.bin,real,0,
injected/06626.bin,real,1,
real_world_training/06627.bin,real,0,
real_world_training/06628.bin,real,0,
injected/06629.bin,real,1,
injected/06630.bin,real,1,
real_world_training/06631.bin,real,1,
real_world_training/06632.bin,real,0,
injected/06633.bin,real,1,
real_world_training/06634.bin,real,0,
real_world_training/06635.bin,real,0,
real_world_training/06636.bin,real,0,
real_world_training/06637.bin,real,0,
real_world_training/06638.bin,real,0,
real_world_training/06639.bin,real,0,
real_world_training/06640.bin,real,0,
real_world_training/06641.bin,real,0,
injected/06642.bin,real,1,
injected/06643.bin,real,1,
real_world_training/06644.bin,real,0,
real_world_training/06645.bin,real,0,
real_world_training/06646.bin,real,0,
real_world_training/06647.bin,real,0,
injected/06648.bin,real,1,
injected/06649.bin,real,1,
injected/06650.bin,real,1,
real_world_training/06651.bin,real,0,
real_world_training/06652.bin,real,0,
injected/06653.bin,real,1,
injected/06654.bin,real,1,
real_world_training/06655.bin,real,0,
injected/06656.bin,real,1,
injected/06657.bin,real,1,
real_world_training/06658.bin,real,1,
injected/06659.bin,real,1,
real_world_training/06660.bin,real,0,
injected/06661.bin,real,1,
injected/06662.bin,real,1,
injected/06663.bin,real,1,
real_world_training/06664.bin,real,0,
injected/06665.bin,real,1,
real_world_training/06666.bin,real,1,
injected/06667.bin,real,1,
injected/06668.bin,real,1,
real_world_training/06669.bin,real,0,
real_world_training/06670.bin,real,0,
real_world_training/06671.bin,real,0,
real_world_training/06672.bin,real,0,
injected/06673.bin,real,1,
real_world_training/06674.bin,real,0,
injected/06675.bin,real,1,
injected/06676.bin,real,1,
injected/06677.bin,real,1,
real_world_training/06678.bin,real,0,
real_world_training/06679.bin,real,0,
real_world_training/06680.bin,real,0,
injected/06681.bin,real,1,
real_world_training/06682.bin,real,0,
injected/06683.bin,real,1,
real_world_training/06684.bin,real,0,
injected/06685.bin,real,1,
real_world_training/06686.bin,real,0,
injected/06687.bin,real,1,
injected/06688.bin,real,1,
real_world_training/06689.bin,real,0,
real_world_training/06690.bin,real,0,
real_world_training/06691.bin,real,0,
injected/06692.bin,real,1,
injected/06693.bin,real,1,
real_world_training/06694.bin,real,0,
real_world_training/06695.bin,real,1,
injected/06696.bin,real,1,
injected/06697.bin,real,1,
injected/06698.bin,real,1,
injected/06699.bin,real,1,
injected/06700.bin,real,1,
injected/06701.bin,real,1,
injected/06702.bin,real,1,
injected/06703.bin,real,1,
injected/06704.bin,real,1,
real_world_training/06705.bin,real,0,
injected/06706.bin,real,1,
injected/06707.bin,real,1,
real_world_training/06708.bin,real,0,
real_world_training/06709.bin,real,0,
injected/06710.bin,real,1,
injected/06711.bin,real,1,
real_world_training/06712.bin,real,0,
injected/06713.bin,real,1,
real_world_training/06714.bin,real,0,
real_world_training/06715.bin,real,0,
real_world_training/06716.bin,real,0,
injected/06717.bin,real,1,
real_world_training/06718.bin,real,0,
real_world_training/06719.bin,real,0,
real_world_training/06720.bin,real,0,
injected/06721.bin,real,1,
injected/06722.bin,real,1,
real_world_training/06723.bin,real,0,
injected/06724.bin,real,1,
real_world_training/06725.bin,real,0,
injected/06726.bin,real,1,
real_world_training/06727.bin,real,0,
real_world_training/06728.bin,real,0,
real_world_training/06729.bin,real,0,
injected/06730.bin,real,1,
injected/06731.bin,real,1,
injected/06732.bin,real,1,
real_world_training/06733.bin,real,0,
real_world_training/06734.bin,real,0,
injected/06735.bin,real,1,
real_world_training/06736.bin,real,0,
real_world_training/06737.bin,real,0,
injected/06738.bin,real,1,
injected/06739.bin,real,1,
injected/06740.bin,real,1,
real_world_training/06741.bin,real,1,
injected/06742.bin,real,1,
real_world_training/06743.bin,real,0,
real_world_training/06744.bin,real,1,
real_world_training/06745.bin,real,0,
real_world_training/06746.bin,real,0,
real_world_training/06747.bin,real,0,
real_world_training/06748.bin,real,0,
real_world_training/06749.bin,real,0,
real_world_training/06750.bin,real,0,
real_world_training/06751.bin,real,0,
real_world_training/06752.bin,real,0,
real_world_training/06753.bin,real,0,
real_world_training/06754.bin,real,0,
real_world_training/06755.bin,real,0,
injected/06756.bin,real,1,
real_world_training/06757.bin,real,0,
real_world_training/06758.bin,real,0,
injected/06759.bin,real,1,
real_world_training/06760.bin,real,0,
injected/06761.bin,real,1,
real_world_training/06762.bin,real,0,
real_world_training/06763.bin,real,0,
real_world_training/06764.bin,real,0,
real_world_training/06765.bin,real,0,
injected/06766.bin,real,1,
injected/06767.bin,real,1,
real_world_training/06768.bin,real,0,
real_world_training/06769.bin,real,0,
injected/06770.bin,real,1,
injected/06771.bin,real,1,
injected/06772.bin,real,1,
injected/06773.bin,real,1,
injected/06774.bin,real,1,
real_world_training/06775.bin,real,0,
injected/06776.bin,real,1,
real_world_training/06777.bin,real,0,
injected/06778.bin,real,1,
real_world_training/06779.bin,real,0,
real_world_training/06780.bin,real,0,
injected/06781.bin,real,1,
real_world_training/06782.bin,real,0,
real_world_training/06783.bin,real,0,
real_world_training/06784.bin,real,0,
injected/06785.bin,real,1,
real_world_training/06786.bin,real,0,
injected/06787.bin,real,1,
real_world_training/06788.bin,real,0,
real_world_training/06789.bin,real,0,
injected/06790.bin,real,1,
real_world_training/06791.bin,real,0,
real_world_training/06792.bin,real,0,
real_world_training/06793.bin,real,0,
real_world_training/06794.bin,real,1,
real_world_training/06795.bin,real,0,
real_world_training/06796.bin,real,0,
injected/06797.bin,real,1,
real_world_training/06798.bin,real,1,
real_world_training/06799.bin,real,0,
real_world_training/06800.bin,real,0,
real_world_training/06801.bin,real,0,
real_world_training/06802.bin,real,0,
real_world_training/06803.bin,real,0,
real_world_training/06804.bin,real,0,
real_world_training/06805.bin,real,0,
injected/06806.bin,real,1,
real_world_training/06807.bin,real,0,
real_world_training/06808.bin,real,0,
injected/06809.bin,real,1,
real_world_training/06810.bin,real,0,
injected/06811.bin,real,1,
real_world_training/06812.bin,real,0,
injected/06813.bin,real,1,
real_world_training/06814.bin,real,0,
real_world_training/06815.bin,real,0,
injected/06816.bin,real,1,
real_world_training/06817.bin,real,1,
real_world_training/06818.bin,real,0,
real_world_training/06819.bin,real,0,
real_world_training/06820.bin,real,0,
injected/06821.bin,real,1,
injected/06822.bin,real,1,
injected/06823.bin,real,1,
real_world_training/06824.bin,real,0,
injected/06825.bin,real,1,
real_world_training/06826.bin,real,0,
real_world_training/06827.bin,real,0,
injected/06828.bin,real,1,
real_world_training/06829.bin,real,0,
real_world_training/06830.bin,real,0,
real_world_training/06831.bin,real,0,
real_world_training/06832.bin,real,0,
real_world_training/06833.bin,real,0,
real_world_training/06834.bin,real,0,
injected/06835.bin,real,1,
real_world_training/06836.bin,real,0,
real_world_training/06837.bin,real,0,
real_world_training/06838.bin,real,0,
real_world_training/06839.bin,real,0,
real_world_training/06840.bin,real,0,
injected/06841.bin,real,1,
injected/06842.bin,real,1,
injected/06843.bin,real,1,
real_world_training/06844.bin,real,0,
injected/06845.bin,real,1,
injected/06846.bin,real,1,
real_world_training/06847.bin,real,0,
injected/06848.bin,real,1,
real_world_training/06849.bin,real,1,
real_world_training/06850.bin,real,0,
real_world_training/06851.bin,real,0,
injected/06852.bin,real,1,
real_world_training/06853.bin,real,0,
real_world_training/06854.bin,real,0,
real_world_training/06855.bin,real,0,
real_world_training/06856.bin,real,0,
real_world_training/06857.bin,real,1,
real_world_training/06858.bin,real,0,
real_world_training/06859.bin,real,0,
real_world_training/06860.bin,real,0,
injected/06861.bin,real,1,
real_world_training/06862.bin,real,0,
real_world_training/06863.bin,real,0,
real_world_training/06864.bin,real,0,
injected/06865.bin,real,1,
real_world_training/06866.bin,real,1,
real_world_training/06867.bin,real,0,
real_world_training/06868.bin,real,0,
real_world_training/06869.bin,real,0,
real_world_training/06870.bin,real,0,
injected/06871.bin,real,1,
real_world_training/06872.bin,real,0,
injected/06873.bin,real,1,
real_world_training/06874.bin,real,0,
injected/06875.bin,real,1,
real_world_training/06876.bin,real,0,
real_world_training/06877.bin,real,0,
real_world_training/06878.bin,real,0,
real_world_training/06879.bin,real,0,
injected/06880.bin,real,1,
injected/06881.bin,real,1,
injected/06882.bin,real,1,
injected/06883.bin,real,1,
injected/06884.bin,real,1,
real_world_training/06885.bin,real,0,
real_world_training/06886.bin,real,0,
real_world_training/06887.bin,real,1,
real_world_training/06888.bin,real,0,
injected/06889.bin,real,1,
real_world_training/06890.bin,real,0,
real_world_training/06891.bin,real,0,
real_world_training/06892.bin,real,1,
real_world_training/06893.bin,real,0,
real_world_training/06894.bin,real,1,
real_world_training/06895.bin,real,0,
injected/06896.bin,real,1,
real_world_training/06897.bin,real,0,
real_world_training/06898.bin,real,0,
real_world_training/06899.bin,real,0,
injected/06900.bin,real,1,
injected/06901.bin,real,1,
injected/06902.bin,real,1,
injected/06903.bin,real,1,
real_world_training/06904.bin,real,0,
real_world_training/06905.bin,real,0,
real_world_training/06906.bin,real,0,
real_world_training/06907.bin,real,0,
real_world_training/06908.bin,real,0,
injected/06909.bin,real,1,
real_world_training/06910.bin,real,0,
real_world_training/06911.bin,real,0,
injected/06912.bin,real,1,
injected/06913.bin,real,1,
real_world_training/06914.bin,real,0,
real_world_training/06915.bin,real,0,
real_world_training/06916.bin,real,0,
real_world_training/06917.bin,real,0,
real_world_training/06918.bin,real,1,
real_world_training/06919.bin,real,0,
real_world_training/06920.bin,real,0,
injected/06921.bin,real,1,
injected/06922.bin,real,1,
real_world_training/06923.bin,real,0,
injected/06924.bin,real,1,
real_world_training/06925.bin,real,0,
real_world_training/06926.bin,real,0,
injected/06927.bin,real,1,
real_world_training/06928.bin,real,0,
injected/06929.bin,real,1,
injected/06930.bin,real,1,
real_world_training/06931.bin,real,0,
real_world_training/06932.bin,real,1,
real_world_training/06933.bin,real,0,
real_world_training/06934.bin,real,0,
real_world_training/06935.bin,real,0,
real_world_training/06936.bin,real,0,
real_world_training/06937.bin,real,0,
injected/06938.bin,real,1,
real_world_training/06939.bin,real,0,
real_world_training/06940.bin,real,0,
real_world_training/06941.bin,real,0,
real_world_training/06942.bin,real,0,
real_world_training/06943.bin,real,0,
injected/06944.bin,real,1,
real_world_training/06945.bin,real,0,
real_world_training/06946.bin,real,0,
real_world_training/06947.bin,real,0,
real_world_training/06948.bin,real,0,
real_world_training/06949.bin,real,0,
injected/06950.bin,real,1,
real_world_training/06951.bin,real,0,
real_world_training/06952.bin,real,0,
real_world_training/06953.bin,real,0,
injected/06954.bin,real,1,
injected/06955.bin,real,1,
real_world_training/06956.bin,real,0,
real_world_training/06957.bin,real,0,
injected/06958.bin,real,1,
injected/06959.bin,real,1,
real_world_training/06960.bin,real,1,
real_world_training/06961.bin,real,0,
real_world_training/06962.bin,real,0,
injected/06963.bin,real,1,
real_world_training/06964.bin,real,0,
real_world_training/06965.bin,real,1,
real_world_training/06966.bin,real,0,
real_world_training/06967.bin,real,0,
real_world_training/06968.bin,real,0,
real_world_training/06969.bin,real,0,
real_world_training/06970.bin,real,0,
real_world_training/06971.bin,real,0,
real_world_training/06972.bin,real,0,
real_world_training/06973.bin,real,0,
real_world_training/06974.bin,real,0,
real_world_training/06975.bin,real,0,
injected/06976.bin,real,1,
real_world_training/06977.bin,real,0,
real_world_training/06978.bin,real,0,
real_world_training/06979.bin,real,0,
real_world_training/06980.bin,real,0,
real_world_training/06981.bin,real,0,
real_world_training/06982.bin,real,0,
real_world_training/06983.bin,real,1,
injected/06984.bin,real,1,
real_world_training/06985.bin,real,0,
real_world_training/06986.bin,real,0,
real_world_training/06987.bin,real,0,
real_world_training/06988.bin,real,0,
real_world_training/06989.bin,real,0,
injected/06990.bin,real,1,
injected/06991.bin,real,1,
real_world_training/06992.bin,real,0,
real_world_training/06993.bin,real,0,
real_world_training/06994.bin,real,0,
injected/06995.bin,real,1,
real_world_training/06996.bin,real,0,
real_world_training/06997.bin,real,0,
real_world_training/06998.bin,real,0,
real_world_training/06999.bin,real,0,
real_world_training/07000.bin,real,0,
real_world_training/07001.bin,real,0,
real_world_training/07002.bin,real,0,
injected/07003.bin,real,1,
real_world_training/07004.bin,real,0,
real_world_training/07005.bin,real,0,
injected/07006.bin,real,1,
injected/07007.bin,real,1,
injected/07008.bin,real,1,
real_world_training/07009.bin,real,0,
real_world_training/07010.bin,real,0,
injected/07011.bin,real,1,
injected/07012.bin,real,1,
real_world_training/07013.bin,real,0,
real_world_training/07014.bin,real,0,
real_world_training/07015.bin,real,0,
injected/07016.bin,real,1,
real_world_training/07017.bin,real,0,
injected/07018.bin,real,1,
injected/07019.bin,real,1,
real_world_training/07020.bin,real,0,
injected/07021.bin,real,1,
real_world_training/07022.bin,real,0,
real_world_training/07023.bin,real,0,
real_world_training/07024.bin,real,0,
real_world_training/07025.bin,real,0,
real_world_training/07026.bin,real,0,
real_world_training/07027.bin,real,0,
injected/07028.bin,real,1,
real_world_training/07029.bin,real,0,
injected/07030.bin,real,1,
real_world_training/07031.bin,real,0,
real_world_training/07032.bin,real,0,
real_world_training/07033.bin,real,0,
real_world_training/07034.bin,real,0,
real_world_training/07035.bin,real,0,
injected/07036.bin,real,1,
real_world_training/07037.bin,real,0,
real_world_training/07038.bin,real,0,
injected/07039.bin,real,1,
injected/07040.bin,real,1,
real_world_training/07041.bin,real,0,
injected/07042.bin,real,1,
injected/07043.bin,real,1,
real_world_training/07044.bin,real,0,
injected/07045.bin,real,1,
injected/07046.bin,real,1,
real_world_training/07047.bin,real,0,
real_world_training/07048.bin,real,0,
real_world_training/07049.bin,real,0,
real_world_training/07050.bin,real,0,
injected/07051.bin,real,1,
injected/07052.bin,real,1,
real_world_training/07053.bin,real,0,
real_world_training/07054.bin,real,0,
injected/07055.bin,real,1,
injected/07056.bin,real,1,
real_world_training/07057.bin,real,0,
real_world_training/07058.bin,real,0,
injected/07059.bin,real,1,
real_world_training/07060.bin,real,0,
real_world_training/07061.bin,real,1,
injected/07062.bin,real,1,
real_world_training/07063.bin,real,0,
real_world_training/07064.bin,real,0,
real_world_training/07065.bin,real,0,
real_world_training/07066.bin,real,1,
injected/07067.bin,real,1,
real_world_training/07068.bin,real,0,
real_world_training/07069.bin,real,0,
real_world_training/07070.bin,real,0,
injected/07071.bin,real,1,
injected/07072.bin,real,1,
real_world_training/07073.bin,real,0,
real_world_training/07074.bin,real,0,
real_world_training/07075.bin,real,0,
real_world_training/07076.bin,real,0,
injected/07077.bin,real,1,
real_world_training/07078.bin,real,0,
real_world_training/07079.bin,real,0,
real_world_training/07080.bin,real,0,
injected/07081.bin,real,1,
injected/07082.bin,real,1,
injected/07083.bin,real,1,
real_world_training/07084.bin,real,0,
injected/07085.bin,real,1,
real_world_training/07086.bin,real,0,
real_world_training/07087.bin,real,0,
real_world_training/07088.bin,real,0,
real_world_training/07089.bin,real,0,
injected/07090.bin,real,1,
injected/07091.bin,real,1,
injected/07092.bin,real,1,
injected/07093.bin,real,1,
real_world_training/07094.bin,real,0,
real_world_training/07095.bin,real,0,
real_world_training/07096.bin,real,0,
real_world_training/07097.bin,real,0,
real_world_training/07098.bin,real,0,
injected/07099.bin,real,1,
injected/07100.bin,real,1,
real_world_training/07101.bin,real,0,
injected/07102.bin,real,1,
injected/07103.bin,real,1,
injected/07104.bin,real,1,
real_world_training/07105.bin,real,0,
injected/07106.bin,real,1,
real_world_training/07107.bin,real,1,
real_world_training/07108.bin,real,0,
injected/07109.bin,real,1,
real_world_training/07110.bin,real,0,
injected/07111.bin,real,1,
injected/07112.bin,real,1,
injected/07113.bin,real,1,
real_world_training/07114.bin,real,0,
real_world_training/07115.bin,real,0,
real_world_training/07116.bin,real,0,
injected/07117.bin,real,1,
real_world_training/07118.bin,real,0,
real_world_training/07119.bin,real,1,
real_world_training/07120.bin,real,0,
injected/07121.bin,real,1,
real_world_training/07122.bin,real,0,
injected/07123.bin,real,1,
injected/07124.bin,real,1,
injected/07125.bin,real,1,
injected/07126.bin,real,1,
real_world_training/07127.bin,real,0,
real_world_training/07128.bin,real,0,
real_world_training/07129.bin,real,0,
real_world_training/07130.bin,real,1,
injected/07131.bin,real,1,
injected/07132.bin,real,1,
real_world_training/07133.bin,real,0,
injected/07134.bin,real,1,
real_world_training/07135.bin,real,0,
real_world_training/07136.bin,real,0,
injected/07137.bin,real,1,
injected/07138.bin,real,1,
real_world_training/07139.bin,real,0,
injected/07140.bin,real,1,
real_world_training/07141.bin,real,0,
injected/07142.bin,real,1,
real_world_training/07143.bin,real,0,
real_world_training/07144.bin,real,0,
real_world_training/07145.bin,real,0,
injected/07146.bin,real,1,
real_world_training/07147.bin,real,0,
real_world_training/07148.bin,real,0,
real_world_training/07149.bin,real,0,
real_world_training/07150.bin,real,0,
real_world_training/07151.bin,real,1,
real_world_training/07152.bin,real,1,
real_world_training/07153.bin,real,0,
real_world_training/07154.bin,real,0,
real_world_training/07155.bin,real,0,
real_world_training/07156.bin,real,0,
real_world_training/07157.bin,real,0,
real_world_training/07158.bin,real,0,
injected/07159.bin,real,1,
real_world_training/07160.bin,real,0,
injected/07161.bin,real,1,
injected/07162.bin,real,1,
real_world_training/07163.bin,real,0,
real_world_training/07164.bin,real,0,
injected/07165.bin,real,1,
real_world_training/07166.bin,real,0,
real_world_training/07167.bin,real,0,
injected/07168.bin,real,1,
real_world_training/07169.bin,real,0,
injected/07170.bin,real,1,
real_world_training/07171.bin,real,0,
injected/07172.bin,real,1,
real_world_training/07173.bin,real,0,
real_world_training/07174.bin,real,0,
real_world_training/07175.bin,real,0,
injected/07176.bin,real,1,
real_world_training/07177.bin,real,0,
injected/07178.bin,real,1,
injected/07179.bin,real,1,
injected/07180.bin,real,1,
injected/07181.bin,real,1,
injected/07182.bin,real,1,
injected/07183.bin,real,1,
real_world_training/07184.bin,real,0,
real_world_training/07185.bin,real,0,
real_world_training/07186.bin,real,0,
injected/07187.bin,real,1,
real_world_training/07188.bin,real,0,
real_world_training/07189.bin,real,0,
real_world_training/07190.bin,real,0,
real_world_training/07191.bin,real,0,
real_world_training/07192.bin,real,0,
real_world_training/07193.bin,real,0,
real_world_training/07194.bin,real,0,
real_world_training/07195.bin,real,0,
real_world_training/07196.bin,real,0,
injected/07197.bin,real,1,
injected/07198.bin,real,1,
real_world_training/07199.bin,real,0,
injected/07200.bin,real,1,
injected/07201.bin,real,1,
injected/07202.bin,real,1,
injected/07203.bin,real,1,
injected/07204.bin,real,1,
injected/07205.bin,real,1,
real_world_training/07206.bin,real,0,
real_world_training/07207.bin,real,0,
real_world_training/07208.bin,real,0,
injected/07209.bin,real,1,
real_world_training/07210.bin,real,0,
real_world_training/07211.bin,real,0,
injected/07212.bin,real,1,
injected/07213.bin,real,1,
injected/07214.bin,real,1,
real_world_training/07215.bin,real,0,
real_world_training/07216.bin,real,0,
injected/07217.bin,real,1,
real_world_training/07218.bin,real,0,
injected/07219.bin,real,1,
real_world_training/07220.bin,real,0,
injected/07221.bin,real,1,
injected/07222.bin,real,1,
injected/07223.bin,real,1,
injected/07224.bin,real,1,
real_world_training/07225.bin,real,0,
injected/07226.bin,real,1,
real_world_training/07227.bin,real,1,
injected/07228.bin,real,1,
real_world_training/07229.bin,real,0,
real_world_training/07230.bin,real,0,
injected/07231.bin,real,1,
real_world_training/07232.bin,real,0,
injected/07233.bin,real,1,
real_world_training/07234.bin,real,0,
injected/07235.bin,real,1,
real_world_training/07236.bin,real,0,
injected/07237.bin,real,1,
real_world_training/07238.bin,real,0,
real_world_training/07239.bin,real,0,
real_world_training/07240.bin,real,0,
real_world_training/07241.bin,real,0,
injected/07242.bin,real,1,
injected/07243.bin,real,1,
injected/07244.bin,real,1,
injected/07245.bin,real,1,
real_world_training/07246.bin,real,0,
real_world_training/07247.bin,real,0,
real_world_training/07248.bin,real,0,
real_world_training/07249.bin,real,0,
real_world_training/07250.bin,real,0,
real_world_training/07251.bin,real,0,
injected/07252.bin,real,1,
injected/07253.bin,real,1,
injected/07254.bin,real,1,
real_world_training/07255.bin,real,0,
injected/07256.bin,real,1,
real_world_training/07257.bin,real,0,
injected/07258.bin,real,1,
injected/07259.bin,real,1,
injected/07260.bin,real,1,
real_world_training/07261.bin,real,0,
real_world_training/07262.bin,real,0,
injected/07263.bin,real,1,
injected/07264.bin,real,1,
real_world_training/07265.bin,real,0,
injected/07266.bin,real,1,
injected/07267.bin,real,1,
real_world_training/07268.bin,real,0,
injected/07269.bin,real,1,
injected/07270.bin,real,1,
injected/07271.bin,real,1,
real_world_training/07272.bin,real,0,
real_world_training/07273.bin,real,0,
real_world_training/07274.bin,real,0,
real_world_training/07275.bin,real,0,
injected/07276.bin,real,1,
injected/07277.bin,real,1,
injected/07278.bin,real,1,
real_world_training/07279.bin,real,0,
real_world_training/07280.bin,real,0,
injected/07281.bin,real,1,
real_world_training/07282.bin,real,0,
real_world_training/07283.bin,real,0,
injected/07284.bin,real,1,
real_world_training/07285.bin,real,0,
real_world_training/07286.bin,real,0,
real_world_training/07287.bin,real,0,
real_world_training/07288.bin,real,0,
injected/07289.bin,real,1,
injected/07290.bin,real,1,
real_world_training/07291.bin,real,0,
real_world_training/07292.bin,real,0,
injected/07293.bin,real,1,
injected/07294.bin,real,1,
injected/07295.bin,real,1,
real_world_training/07296.bin,real,0,
real_world_training/07297.bin,real,0,
injected/07298.bin,real,1,
real_world_training/07299.bin,real,0,
real_world_training/07300.bin,real,0,
real_world_training/07301.bin,real,0,
injected/07302.bin,real,1,
real_world_training/07303.bin,real,0,
injected/07304.bin,real,1,
injected/07305.bin,real,1,
injected/07306.bin,real,1,
injected/07307.bin,real,1,
real_world_training/07308.bin,real,0,
real_world_training/07309.bin,real,0,
real_world_training/07310.bin,real,0,
injected/07311.bin,real,1,
real_world_training/07312.bin,real,0,
injected/07313.bin,real,1,
injected/07314.bin,real,1,
injected/07315.bin,real,1,
real_world_training/07316.bin,real,0,
injected/07317.bin,real,1,
real_world_training/07318.bin,real,0,
injected/07319.bin,real,1,
real_world_training/07320.bin,real,0,
real_world_training/07321.bin,real,0,
real_world_training/07322.bin,real,0,
injected/07323.bin,real,1,
injected/07324.bin,real,1,
injected/07325.bin,real,1,
injected/07326.bin,real,1,
real_world_training/07327.bin,real,0,
real_world_training/07328.bin,real,0,
real_world_training/07329.bin,real,0,
real_world_training/07330.bin,real,0,
injected/07331.bin,real,1,
real_world_training/07332.bin,real,0,
real_world_training/07333.bin,real,0,
real_world_training/07334.bin,real,0,
real_world_training/07335.bin,real,0,
real_world_training/07336.bin,real,0,
injected/07337.bin,real,1,
injected/07338.bin,real,1,
real_world_training/07339.bin,real,0,
injected/07340.bin,real,1,
real_world_training/07341.bin,real,0,
real_world_training/07342.bin,real,0,
injected/07343.bin,real,1,
injected/07344.bin,real,1,
real_world_training/07345.bin,real,0,
real_world_training/07346.bin,real,0,
injected/07347.bin,real,1,
injected/07348.bin,real,1,
real_world_training/07349.bin,real,0,
real_world_training/07350.bin,real,0,
injected/07351.bin,real,1,
real_world_training/07352.bin,real,0,
injected/07353.bin,real,1,
injected/07354.bin,real,1,
real_world_training/07355.bin,real,0,
injected/07356.bin,real,1,
injected/07357.bin,real,1,
real_world_training/07358.bin,real,0,
real_world_training/07359.bin,real,0,
injected/07360.bin,real,1,
injected/07361.bin,real,1,
real_world_training/07362.bin,real,0,
real_world_training/07363.bin,real,0,
injected/07364.bin,real,1,
injected/07365.bin,real,1,
injected/07366.bin,real,1,
injected/07367.bin,real,1,
real_world_training/07368.bin,real,0,
real_world_training/07369.bin,real,0,
real_world_training/07370.bin,real,1,
injected/07371.bin,real,1,
real_world_training/07372.bin,real,0,
real_world_training/07373.bin,real,0,
real_world_training/07374.bin,real,0,
real_world_training/07375.bin,real,0,
injected/07376.bin,real,1,
real_world_training/07377.bin,real,0,
injected/07378.bin,real,1,
real_world_training/07379.bin,real,0,
real_world_training/07380.bin,real,0,
real_world_training/07381.bin,real,1,
real_world_training/07382.bin,real,0,
real_world_training/07383.bin,real,0,
real_world_training/07384.bin,real,0,
real_world_training/07385.bin,real,0,
real_world_training/07386.bin,real,1,
real_world_training/07387.bin,real,0,
real_world_training/07388.bin,real,0,
injected/07389.bin,real,1,
injected/07390.bin,real,1,
injected/07391.bin,real,1,
real_world_training/07392.bin,real,0,
real_world_training/07393.bin,real,0,
injected/07394.bin,real,1,
real_world_training/07395.bin,real,0,
injected/07396.bin,real,1,
real_world_training/07397.bin,real,0,
injected/07398.bin,real,1,
injected/07399.bin,real,1,
real_world_training/07400.bin,real,0,
real_world_training/07401.bin,real,0,
injected/07402.bin,real,1,
injected/07403.bin,real,1,
injected/07404.bin,real,1,
real_world_training/07405.bin,real,0,
injected/07406.bin,real,1,
real_world_training/07407.bin,real,0,
real_world_training/07408.bin,real,0,
real_world_training/07409.bin,real,0,
injected/07410.bin,real,1,
injected/07411.bin,real,1,
real_world_training/07412.bin,real,0,
real_world_training/07413.bin,real,0,
real_world_training/07414.bin,real,1,
injected/07415.bin,real,1,
injected/07416.bin,real,1,
injected/07417.bin,real,1,
real_world_training/07418.bin,real,0,
real_world_training/07419.bin,real,0,
injected/07420.bin,real,1,
injected/07421.bin,real,1,
injected/07422.bin,real,1,
real_world_training/07423.bin,real,0,
real_world_training/07424.bin,real,0,
injected/07425.bin,real,1,
real_world_training/07426.bin,real,0,
injected/07427.bin,real,1,
real_world_training/07428.bin,real,1,
real_world_training/07429.bin,real,0,
real_world_training/07430.bin,real,0,
injected/07431.bin,real,1,
real_world_training/07432.bin,real,0,
real_world_training/07433.bin,real,0,
real_world_training/07434.bin,real,1,
injected/07435.bin,real,1,
injected/07436.bin,real,1,
real_world_training/07437.bin,real,0,
injected/07438.bin,real,1,
real_world_training/07439.bin,real,0,
real_world_training/07440.bin,real,1,
injected/07441.bin,real,1,
real_world_training/07442.bin,real,0,
injected/07443.bin,real,1,
real_world_training/07444.bin,real,0,
real_world_training/07445.bin,real,0,
real_world_training/07446.bin,real,0,
real_world_training/07447.bin,real,0,
real_world_training/07448.bin,real,0,
real_world_training/07449.bin,real,0,
injected/07450.bin,real,1,
injected/07451.bin,real,1,
real_world_training/07452.bin,real,0,
real_world_training/07453.bin,real,0,
real_world_training/07454.bin,real,0,
injected/07455.bin,real,1,
injected/07456.bin,real,1,
injected/07457.bin,real,1,
injected/07458.bin,real,1,
real_world_training/07459.bin,real,0,
real_world_training/07460.bin,real,0,
real_world_training/07461.bin,real,0,
real_world_training/07462.bin,real,0,
injected/07463.bin,real,1,
injected/07464.bin,real,1,
injected/07465.bin,real,1,
real_world_training/07466.bin,real,0,
real_world_training/07467.bin,real,0,
real_world_training/07468.bin,real,1,
real_world_training/07469.bin,real,0,
real_world_training/07470.bin,real,0,
real_world_training/07471.bin,real,0,
injected/07472.bin,real,1,
real_world_training/07473.bin,real,0,
injected/07474.bin,real,1,
real_world_training/07475.bin,real,0,
real_world_training/07476.bin,real,1,
real_world_training/07477.bin,real,0,
real_world_training/07478.bin,real,0,
injected/07479.bin,real,1,
injected/07480.bin,real,1,
injected/07481.bin,real,1,
injected/07482.bin,real,1,
real_world_training/07483.bin,real,0,
real_world_training/07484.bin,real,0,
real_world_training/07485.bin,real,0,
real_world_training/07486.bin,real,0,
real_world_training/07487.bin,real,0,
injected/07488.bin,real,1,
injected/07489.bin,real,1,
real_world_training/07490.bin,real,0,
real_world_training/07491.bin,real,0,
real_world_training/07492.bin,real,0,
injected/07493.bin,real,1,
real_world_training/07494.bin,real,0,
injected/07495.bin,real,1,
real_world_training/07496.bin,real,0,
injected/07497.bin,real,1,
real_world_training/07498.bin,real,0,
real_world_training/07499.bin,real,0,
injected/07500.bin,real,1,
real_world_training/07501.bin,real,0,
real_world_training/07502.bin,real,0,
injected/07503.bin,real,1,
real_world_training/07504.bin,real,0,
real_world_training/07505.bin,real,0,
real_world_training/07506.bin,real,0,
injected/07507.bin,real,1,
real_world_training/07508.bin,real,0,
injected/07509.bin,real,1,
real_world_training/07510.bin,real,0,
injected/07511.bin,real,1,
real_world_training/07512.bin,real,0,
real_world_training/07513.bin,real,0,
injected/07514.bin,real,1,
real_world_training/07515.bin,real,0,
real_world_training/07516.bin,real,0,
real_world_training/07517.bin,real,0,
real_world_training/07518.bin,real,0,
real_world_training/07519.bin,real,0,
real_world_training/07520.bin,real,0,
injected/07521.bin,real,1,
injected/07522.bin,real,1,
real_world_training/07523.bin,real,0,
real_world_training/07524.bin,real,0,
injected/07525.bin,real,1,
real_world_training/07526.bin,real,0,
injected/07527.bin,real,1,
injected/07528.bin,real,1,
real_world_training/07529.bin,real,0,
injected/07530.bin,real,1,
injected/07531.bin,real,1,
real_world_training/07532.bin,real,1,
real_world_training/07533.bin,real,0,
real_world_training/07534.bin,real,0,
real_world_training/07535.bin,real,0,
real_world_training/07536.bin,real,0,
injected/07537.bin,real,1,
real_world_training/07538.bin,real,0,
real_world_training/07539.bin,real,0,
real_world_training/07540.bin,real,1,
injected/07541.bin,real,1,
real_world_training/07542.bin,real,0,
real_world_training/07543.bin,real,0,
real_world_training/07544.bin,real,0,
real_world_training/07545.bin,real,0,
real_world_training/07546.bin,real,0,
real_world_training/07547.bin,real,0,
injected/07548.bin,real,1,
injected/07549.bin,real,1,
real_world_training/07550.bin,real,0,
injected/07551.bin,real,1,
injected/07552.bin,real,1,
real_world_training/07553.bin,real,0,
real_world_training/07554.bin,real,0,
real_world_training/07555.bin,real,0,
injected/07556.bin,real,1,
real_world_training/07557.bin,real,0,
injected/07558.bin,real,1,
real_world_training/07559.bin,real,0,
injected/07560.bin,real,1,
real_world_training/07561.bin,real,0,
real_world_training/07562.bin,real,0,
real_world_training/07563.bin,real,0,
injected/07564.bin,real,1,
real_world_training/07565.bin,real,0,
real_world_training/07566.bin,real,0,
real_world_training/07567.bin,real,0,
injected/07568.bin,real,1,
real_world_training/07569.bin,real,0,
real_world_training/07570.bin,real,0,
real_world_training/07571.bin,real,0,
real_world_training/07572.bin,real,0,
real_world_training/07573.bin,real,0,
real_world_training/07574.bin,real,0,
real_world_training/07575.bin,real,0,
real_world_training/07576.bin,real,0,
real_world_training/07577.bin,real,0,
real_world_training/07578.bin,real,0,
injected/07579.bin,real,1,
real_world_training/07580.bin,real,0,
real_world_training/07581.bin,real,0,
real_world_training/07582.bin,real,0,
injected/07583.bin,real,1,
real_world_training/07584.bin,real,0,
real_world_training/07585.bin,real,0,
real_world_training/07586.bin,real,0,
real_world_training/07587.bin,real,0,
real_world_training/07588.bin,real,0,
injected/07589.bin,real,1,
real_world_training/07590.bin,real,0,
real_world_training/07591.bin,real,0,
injected/07592.bin,real,1,
real_world_training/07593.bin,real,0,
real_world_training/07594.bin,real,1,
injected/07595.bin,real,1,
injected/07596.bin,real,1,
injected/07597.bin,real,1,
real_world_training/07598.bin,real,0,
injected/07599.bin,real,1,
real_world_training/07600.bin,real,0,
real_world_training/07601.bin,real,0,
real_world_training/07602.bin,real,0,
real_world_training/07603.bin,real,0,
injected/07604.bin,real,1,
real_world_training/07605.bin,real,0,
real_world_training/07606.bin,real,0,
real_world_training/07607.bin,real,0,
real_world_training/07608.bin,real,0,
real_world_training/07609.bin,real,0,
real_world_training/07610.bin,real,0,
real_world_training/07611.bin,real,0,
real_world_training/07612.bin,real,0,
real_world_training/07613.bin,real,0,
real_world_training/07614.bin,real,0,
injected/07615.bin,real,1,
injected/07616.bin,real,1,
real_world_training/07617.bin,real,0,
real_world_training/07618.bin,real,0,
real_world_training/07619.bin,real,0,
injected/07620.bin,real,1,
real_world_training/07621.bin,real,0,
injected/07622.bin,real,1,
real_world_training/07623.bin,real,0,
real_world_training/07624.bin,real,0,
real_world_training/07625.bin,real,0,
real_world_training/07626.bin,real,0,
injected/07627.bin,real,1,
injected/07628.bin,real,1,
injected/07629.bin,real,1,
real_world_training/07630.bin,real,0,
injected/07631.bin,real,1,
injected/07632.bin,real,1,
injected/07633.bin,real,1,
injected/07634.bin,real,1,
real_world_training/07635.bin,real,0,
real_world_training/07636.bin,real,0,
injected/07637.bin,real,1,
real_world_training/07638.bin,real,0,
injected/07639.bin,real,1,
real_world_training/07640.bin,real,0,
real_world_training/07641.bin,real,0,
injected/07642.bin,real,1,
injected/07643.bin,real,1,
real_world_training/07644.bin,real,0,
injected/07645.bin,real,1,
real_world_training/07646.bin,real,0,
real_world_training/07647.bin,real,0,
injected/07648.bin,real,1,
real_world_training/07649.bin,real,0,
real_world_training/07650.bin,real,0,
real_world_training/07651.bin,real,0,
real_world_training/07652.bin,real,0,
real_world_training/07653.bin,real,0,
injected/07654.bin,real,1,
injected/07655.bin,real,1,
real_world_training/07656.bin,real,0,
real_world_training/07657.bin,real,0,
real_world_training/07658.bin,real,0,
real_world_training/07659.bin,real,0,
real_world_training/07660.bin,real,0,
real_world_training/07661.bin,real,0,
real_world_training/07662.bin,real,0,
real_world_training/07663.bin,real,0,
real_world_training/07664.bin,real,0,
injected/07665.bin,real,1,
real_world_training/07666.bin,real,0,
real_world_training/07667.bin,real,0,
real_world_training/07668.bin,real,0,
real_world_training/07669.bin,real,0,
injected/07670.bin,real,1,
real_world_training/07671.bin,real,0,
real_world_training/07672.bin,real,0,
real_world_training/07673.bin,real,0,
injected/07674.bin,real,1,
real_world_training/07675.bin,real,0,
real_world_training/07676.bin,real,0,
real_world_training/07677.bin,real,0,
injected/07678.bin,real,1,
real_world_training/07679.bin,real,0,
real_world_training/07680.bin,real,0,
real_world_training/07681.bin,real,0,
real_world_training/07682.bin,real,0,
real_world_training/07683.bin,real,1,
real_world_training/07684.bin,real,0,
real_world_training/07685.bin,real,0,
real_world_training/07686.bin,real,0,
real_world_training/07687.bin,real,0,
injected/07688.bin,real,1,
real_world_training/07689.bin,real,0,
real_world_training/07690.bin,real,1,
real_world_training/07691.bin,real,0,
real_world_training/07692.bin,real,0,
real_world_training/07693.bin,real,0,
real_world_training/07694.bin,real,0,
real_world_training/07695.bin,real,0,
injected/07696.bin,real,1,
real_world_training/07697.bin,real,0,
real_world_training/07698.bin,real,0,
real_world_training/07699.bin,real,0,
injected/07700.bin,real,1,
real_world_training/07701.bin,real,0,
injected/07702.bin,real,1,
real_world_training/07703.bin,real,0,
real_world_training/07704.bin,real,0,
real_world_training/07705.bin,real,0,
injected/07706.bin,real,1,
injected/07707.bin,real,1,
real_world_training/07708.bin,real,0,
injected/07709.bin,real,1,
real_world_training/07710.bin,real,0,
injected/07711.bin,real,1,
injected/07712.bin,real,1,
real_world_training/07713.bin,real,0,
real_world_training/07714.bin,real,0,
real_world_training/07715.bin,real,0,
real_world_training/07716.bin,real,0,
real_world_training/07717.bin,real,0,
real_world_training/07718.bin,real,1,
real_world_training/07719.bin,real,0,
injected/07720.bin,real,1,
injected/07721.bin,real,1,
injected/07722.bin,real,1,
real_world_training/07723.bin,real,0,
real_world_training/07724.bin,real,0,
real_world_training/07725.bin,real,1,
real_world_training/07726.bin,real,0,
real_world_training/07727.bin,real,0,
injected/07728.bin,real,1,
real_world_training/07729.bin,real,0,
real_world_training/07730.bin,real,0,
real_world_training/07731.bin,real,0,
real_world_training/07732.bin,real,0,
real_world_training/07733.bin,real,0,
injected/07734.bin,real,1,
injected/07735.bin,real,1,
injected/07736.bin,real,1,
real_world_training/07737.bin,real,0,
real_world_training/07738.bin,real,0,
real_world_training/07739.bin,real,0,
real_world_training/07740.bin,real,0,
real_world_training/07741.bin,real,0,
real_world_training/07742.bin,real,0,
injected/07743.bin,real,1,
injected/07744.bin,real,1,
injected/07745.bin,real,1,
real_world_training/07746.bin,real,0,
injected/07747.bin,real,1,
injected/07748.bin,real,1,
injected/07749.bin,real,1,
injected/07750.bin,real,1,
injected/07751.bin,real,1,
real_world_training/07752.bin,real,0,
injected/07753.bin,real,1,
real_world_training/07754.bin,real,0,
real_world_training/07755.bin,real,0,
real_world_training/07756.bin,real,0,
real_world_training/07757.bin,real,0,
real_world_training/07758.bin,real,0,
real_world_training/07759.bin,real,0,
real_world_training/07760.bin,real,0,
real_world_training/07761.bin,real,0,
real_world_training/07762.bin,real,0,
real_world_training/07763.bin,real,0,
injected/07764.bin,real,1,
real_world_training/07765.bin,real,0,
real_world_training/07766.bin,real,0,
real_world_training/07767.bin,real,0,
real_world_training/07768.bin,real,0,
real_world_training/07769.bin,real,0,
real_world_training/07770.bin,real,0,
real_world_training/07771.bin,real,0,
real_world_training/07772.bin,real,0,
real_world_training/07773.bin,real,0,
real_world_training/07774.bin,real,1,
real_world_training/07775.bin,real,0,
real_world_training/07776.bin,real,0,
real_world_training/07777.bin,real,0,
real_world_training/07778.bin,real,0,
injected/07779.bin,real,1,
real_world_training/07780.bin,real,0,
injected/07781.bin,real,1,
injected/07782.bin,real,1,
real_world_training/07783.bin,real,0,
injected/07784.bin,real,1,
real_world_training/07785.bin,real,0,
injected/07786.bin,real,1,
real_world_training/07787.bin,real,0,
real_world_training/07788.bin,real,0,
injected/07789.bin,real,1,
injected/07790.bin,real,1,
real_world_training/07791.bin,real,0,
real_world_training/07792.bin,real,0,
real_world_training/07793.bin,real,0,
real_world_training/07794.bin,real,0,
real_world_training/07795.bin,real,0,
injected/07796.bin,real,1,
injected/07797.bin,real,1,
injected/07798.bin,real,1,
real_world_training/07799.bin,real,0,
real_world_training/07800.bin,real,0,
real_world_training/07801.bin,real,0,
real_world_training/07802.bin,real,0,
real_world_training/07803.bin,real,1,
real_world_training/07804.bin,real,0,
injected/07805.bin,real,1,
real_world_training/07806.bin,real,0,
real_world_training/07807.bin,real,0,
real_world_training/07808.bin,real,0,
real_world_training/07809.bin,real,0,
real_world_training/07810.bin,real,0,
real_world_training/07811.bin,real,0,
real_world_training/07812.bin,real,0,
real_world_training/07813.bin,real,0,
real_world_training/07814.bin,real,0,
real_world_training/07815.bin,real,0,
real_world_training/07816.bin,real,0,
injected/07817.bin,real,1,
real_world_training/07818.bin,real,0,
real_world_training/07819.bin,real,0,
real_world_training/07820.bin,real,0,
real_world_training/07821.bin,real,0,
real_world_training/07822.bin,real,0,
real_world_training/07823.bin,real,0,
injected/07824.bin,real,1,
real_world_training/07825.bin,real,0,
injected/07826.bin,real,1,
real_world_training/07827.bin,real,0,
injected/07828.bin,real,1,
injected/07829.bin,real,1,
real_world_training/07830.bin,real,0,
real_world_training/07831.bin,real,0,
real_world_training/07832.bin,real,0,
real_world_training/07833.bin,real,0,
injected/07834.bin,real,1,
real_world_training/07835.bin,real,0,
real_world_training/07836.bin,real,0,
injected/07837.bin,real,1,
real_world_training/07838.bin,real,0,
real_world_training/07839.bin,real,0,
real_world_training/07840.bin,real,0,
real_world_training/07841.bin,real,0,
real_world_training/07842.bin,real,0,
injected/07843.bin,real,1,
injected/07844.bin,real,1,
real_world_training/07845.bin,real,0,
real_world_training/07846.bin,real,0,
real_world_training/07847.bin,real,0,
real_world_training/07848.bin,real,0,
real_world_training/07849.bin,real,0,
real_world_training/07850.bin,real,0,
real_world_training/07851.bin,real,0,
real_world_training/07852.bin,real,0,
injected/07853.bin,real,1,
real_world_training/07854.bin,real,0,
real_world_training/07855.bin,real,0,
injected/07856.bin,real,1,
real_world_training/07857.bin,real,0,
injected/07858.bin,real,1,
injected/07859.bin,real,1,
injected/07860.bin,real,1,
real_world_training/07861.bin,real,0,
injected/07862.bin,real,1,
real_world_training/07863.bin,real,0,
real_world_training/07864.bin,real,0,
real_world_training/07865.bin,real,1,
injected/07866.bin,real,1,
real_world_training/07867.bin,real,1,
injected/07868.bin,real,1,
real_world_training/07869.bin,real,0,
real_world_training/07870.bin,real,0,
real_world_training/07871.bin,real,1,
real_world_training/07872.bin,real,0,
real_world_training/07873.bin,real,0,
real_world_training/07874.bin,real,0,
real_world_training/07875.bin,real,0,
injected/07876.bin,real,1,
real_world_training/07877.bin,real,0,
real_world_training/07878.bin,real,0,
injected/07879.bin,real,1,
real_world_training/07880.bin,real,0,
injected/07881.bin,real,1,
real_world_training/07882.bin,real,0,
injected/07883.bin,real,1,
real_world_training/07884.bin,real,0,
real_world_training/07885.bin,real,0,
real_world_training/07886.bin,real,0,
injected/07887.bin,real,1,
real_world_training/07888.bin,real,0,
injected/07889.bin,real,1,
real_world_training/07890.bin,real,0,
real_world_training/07891.bin,real,0,
real_world_training/07892.bin,real,0,
real_world_training/07893.bin,real,0,
real_world_training/07894.bin,real,0,
real_world_training/07895.bin,real,0,
real_world_training/07896.bin,real,0,
real_world_training/07897.bin,real,0,
injected/07898.bin,real,1,
real_world_training/07899.bin,real,1,
injected/07900.bin,real,1,
real_world_training/07901.bin,real,0,
real_world_training/07902.bin,real,0,
real_world_training/07903.bin,real,0,
injected/07904.bin,real,1,
injected/07905.bin,real,1,
real_world_training/07906.bin,real,0,
real_world_training/07907.bin,real,0,
real_world_training/07908.bin,real,0,
real_world_training/07909.bin,real,0,
injected/07910.bin,real,1,
real_world_training/07911.bin,real,0,
real_world_training/07912.bin,real,0,
real_world_training/07913.bin,real,0,
real_world_training/07914.bin,real,0,
injected/07915.bin,real,1,
real_world_training/07916.bin,real,0,
real_world_training/07917.bin,real,0,
real_world_training/07918.bin,real,0,
real_world_training/07919.bin,real,0,
injected/07920.bin,real,1,
real_world_training/07921.bin,real,0,
real_world_training/07922.bin,real,0,
real_world_training/07923.bin,real,0,
real_world_training/07924.bin,real,0,
real_world_training/07925.bin,real,0,
real_world_training/07926.bin,real,0,
real_world_training/07927.bin,real,0,
injected/07928.bin,real,1,
real_world_training/07929.bin,real,0,
real_world_training/07930.bin,real,0,
real_world_training/07931.bin,real,0,
real_world_training/07932.bin,real,0,
real_world_training/07933.bin,real,0,
injected/07934.bin,real,1,
real_world_training/07935.bin,real,0,
real_world_training/07936.bin,real,0,
real_world_training/07937.bin,real,0,
real_world_training/07938.bin,real,0,
real_world_training/07939.bin,real,0,
real_world_training/07940.bin,real,0,
real_world_training/07941.bin,real,0,
injected/07942.bin,real,1,
injected/07943.bin,real,1,
real_world_training/07944.bin,real,0,
real_world_training/07945.bin,real,0,
injected/07946.bin,real,1,
real_world_training/07947.bin,real,0,
real_world_training/07948.bin,real,0,
real_world_training/07949.bin,real,0,
real_world_training/07950.bin,real,0,
real_world_training/07951.bin,real,0,
injected/07952.bin,real,1,
real_world_training/07953.bin,real,0,
real_world_training/07954.bin,real,0,
real_world_training/07955.bin,real,0,
real_world_training/07956.bin,real,0,
injected/07957.bin,real,1,
real_world_training/07958.bin,real,0,
injected/07959.bin,real,1,
real_world_training/07960.bin,real,0,
real_world_training/07961.bin,real,0,
injected/07962.bin,real,1,
real_world_training/07963.bin,real,0,
real_world_training/07964.bin,real,0,
injected/07965.bin,real,1,
real_world_training/07966.bin,real,0,
real_world_training/07967.bin,real,0,
injected/07968.bin,real,1,
real_world_training/07969.bin,real,0,
real_world_training/07970.bin,real,0,
injected/07971.bin,real,1,
real_world_training/07972.bin,real,1,
real_world_training/07973.bin,real,0,
real_world_training/07974.bin,real,0,
real_world_training/07975.bin,real,0,
real_world_training/07976.bin,real,0,
injected/07977.bin,real,1,
real_world_training/07978.bin,real,0,
real_world_training/07979.bin,real,0,
real_world_training/07980.bin,real,0,
injected/07981.bin,real,1,
real_world_training/07982.bin,real,0,
injected/07983.bin,real,1,
real_world_training/07984.bin,real,0,
injected/07985.bin,real,1,
real_world_training/07986.bin,real,0,
real_world_training/07987.bin,real,0,
real_world_training/07988.bin,real,0,
injected/07989.bin,real,1,
injected/07990.bin,real,1,
real_world_training/07991.bin,real,0,
real_world_training/07992.bin,real,0,
injected/07993.bin,real,1,
real_world_training/07994.bin,real,0,
real_world_training/07995.bin,real,0,
injected/07996.bin,real,1,
real_world_training/07997.bin,real,0,
injected/07998.bin,real,1,
injected/07999.bin,real,1,
real_world_training/08000.bin,real,0,
real_world_training/08001.bin,real,0,
injected/08002.bin,real,1,
injected/08003.bin,real,1,
real_world_training/08004.bin,real,0,
real_world_training/08005.bin,real,0,
injected/08006.bin,real,1,
real_world_training/08007.bin,real,0,
real_world_training/08008.bin,real,0,
real_world_training/08009.bin,real,0,
real_world_training/08010.bin,real,0,
real_world_training/08011.bin,real,1,
real_world_training/08012.bin,real,0,
real_world_training/08013.bin,real,0,
real_world_training/08014.bin,real,0,
injected/08015.bin,real,1,
real_world_training/08016.bin,real,0,
real_world_training/08017.bin,real,0,
injected/08018.bin,real,1,
real_world_training/08019.bin,real,0,
real_world_training/08020.bin,real,0,
real_world_training/08021.bin,real,0,
real_world_training/08022.bin,real,0,
real_world_training/08023.bin,real,0,
real_world_training/08024.bin,real,1,
injected/08025.bin,real,1,
real_world_training/08026.bin,real,0,
injected/08027.bin,real,1,
injected/08028.bin,real,1,
injected/08029.bin,real,1,
real_world_training/08030.bin,real,0,
real_world_training/08031.bin,real,0,
real_world_training/08032.bin,real,0,
real_world_training/08033.bin,real,1,
injected/08034.bin,real,1,
real_world_training/08035.bin,real,0,
real_world_training/08036.bin,real,0,
real_world_training/08037.bin,real,0,
real_world_training/08038.bin,real,1,
injected/08039.bin,real,1,
real_world_training/08040.bin,real,0,
real_world_training/08041.bin,real,0,
real_world_training/08042.bin,real,1,
real_world_training/08043.bin,real,0,
real_world_training/08044.bin,real,0,
real_world_training/08045.bin,real,0,
injected/08046.bin,real,1,
injected/08047.bin,real,1,
real_world_training/08048.bin,real,0,
real_world_training/08049.bin,real,0,
injected/08050.bin,real,1,
real_world_training/08051.bin,real,0,
real_world_training/08052.bin,real,0,
injected/08053.bin,real,1,
injected/08054.bin,real,1,
real_world_training/08055.bin,real,0,
injected/08056.bin,real,1,
real_world_training/08057.bin,real,1,
real_world_training/08058.bin,real,0,
real_world_training/08059.bin,real,0,
real_world_training/08060.bin,real,0,
real_world_training/08061.bin,real,0,
injected/08062.bin,real,1,
real_world_training/08063.bin,real,0,
real_world_training/08064.bin,real,1,
real_world_training/08065.bin,real,0,
injected/08066.bin,real,1,
injected/08067.bin,real,1,
real_world_training/08068.bin,real,0,
injected/08069.bin,real,1,
injected/08070.bin,real,1,
real_world_training/08071.bin,real,0,
real_world_training/08072.bin,real,0,
real_world_training/08073.bin,real,0,
real_world_training/08074.bin,real,0,
real_world_training/08075.bin,real,0,
real_world_training/08076.bin,real,0,
real_world_training/08077.bin,real,0,
real_world_training/08078.bin,real,0,
real_world_training/08079.bin,real,0,
real_world_training/08080.bin,real,0,
real_world_training/08081.bin,real,0,
real_world_training/08082.bin,real,0,
injected/08083.bin,real,1,
injected/08084.bin,real,1,
real_world_training/08085.bin,real,0,
real_world_training/08086.bin,real,0,
real_world_training/08087.bin,real,0,
injected/08088.bin,real,1,
injected/08089.bin,real,1,
real_world_training/08090.bin,real,0,
real_world_training/08091.bin,real,0,
real_world_training/08092.bin,real,0,
real_world_training/08093.bin,real,0,
real_world_training/08094.bin,real,1,
real_world_training/08095.bin,real,0,
real_world_training/08096.bin,real,0,
real_world_training/08097.bin,real,0,
real_world_training/08098.bin,real,0,
real_world_training/08099.bin,real,0,
injected/08100.bin,real,1,
real_world_training/08101.bin,real,0,
real_world_training/08102.bin,real,0,
injected/08103.bin,real,1,
real_world_training/08104.bin,real,0,
injected/08105.bin,real,1,
real_world_training/08106.bin,real,0,
real_world_training/08107.bin,real,0,
real_world_training/08108.bin,real,0,
real_world_training/08109.bin,real,0,
real_world_training/08110.bin,real,0,
real_world_training/08111.bin,real,0,
real_world_training/08112.bin,real,0,
injected/08113.bin,real,1,
real_world_training/08114.bin,real,0,
real_world_training/08115.bin,real,0,
real_world_training/08116.bin,real,0,
real_world_training/08117.bin,real,0,
real_world_training/08118.bin,real,0,
real_world_training/08119.bin,real,0,
real_world_training/08120.bin,real,0,
real_world_training/08121.bin,real,0,
injected/08122.bin,real,1,
injected/08123.bin,real,1,
real_world_training/08124.bin,real,1,
real_world_training/08125.bin,real,0,
real_world_training/08126.bin,real,1,
real_world_training/08127.bin,real,0,
real_world_training/08128.bin,real,0,
real_world_training/08129.bin,real,0,
injected/08130.bin,real,1,
real_world_training/08131.bin,real,0,
injected/08132.bin,real,1,
real_world_training/08133.bin,real,0,
injected/08134.bin,real,1,
real_world_training/08135.bin,real,0,
real_world_training/08136.bin,real,0,
real_world_training/08137.bin,real,0,
real_world_training/08138.bin,real,0,
real_world_training/08139.bin,real,0,
real_world_training/08140.bin,real,1,
real_world_training/08141.bin,real,0,
real_world_training/08142.bin,real,1,
real_world_training/08143.bin,real,0,
real_world_training/08144.bin,real,0,
real_world_training/08145.bin,real,0,
real_world_training/08146.bin,real,0,
injected/08147.bin,real,1,
injected/08148.bin,real,1,
real_world_training/08149.bin,real,0,
real_world_training/08150.bin,real,0,
real_world_training/08151.bin,real,0,
real_world_training/08152.bin,real,0,
real_world_training/08153.bin,real,0,
real_world_training/08154.bin,real,0,
injected/08155.bin,real,1,
injected/08156.bin,real,1,
injected/08157.bin,real,1,
real_world_training/08158.bin,real,0,
real_world_training/08159.bin,real,0,
real_world_training/08160.bin,real,0,
injected/08161.bin,real,1,
injected/08162.bin,real,1,
real_world_training/08163.bin,real,0,
injected/08164.bin,real,1,
injected/08165.bin,real,1,
real_world_training/08166.bin,real,0,
injected/08167.bin,real,1,
injected/08168.bin,real,1,
injected/08169.bin,real,1,
injected/08170.bin,real,1,
real_world_training/08171.bin,real,0,
real_world_training/08172.bin,real,0,
real_world_training/08173.bin,real,0,
real_world_training/08174.bin,real,0,
real_world_training/08175.bin,real,0,
real_world_training/08176.bin,real,0,
real_world_training/08177.bin,real,0,
real_world_training/08178.bin,real,0,
real_world_training/08179.bin,real,0,
real_world_training/08180.bin,real,0,
real_world_training/08181.bin,real,0,
real_world_training/08182.bin,real,0,
real_world_training/08183.bin,real,0,
real_world_training/08184.bin,real,0,
injected/08185.bin,real,1,
injected/08186.bin,real,1,
real_world_training/08187.bin,real,0,
injected/08188.bin,real,1,
real_world_training/08189.bin,real,0,
injected/08190.bin,real,1,
real_world_training/08191.bin,real,0,
real_world_training/08192.bin,real,0,
real_world_training/08193.bin,real,0,
real_world_training/08194.bin,real,0,
injected/08195.bin,real,1,
injected/08196.bin,real,1,
injected/08197.bin,real,1,
injected/08198.bin,real,1,
injected/08199.bin,real,1,
injected/08200.bin,real,1,
real_world_training/08201.bin,real,0,
real_world_training/08202.bin,real,0,
real_world_training/08203.bin,real,0,
real_world_training/08204.bin,real,0,
real_world_training/08205.bin,real,0,
real_world_training/08206.bin,real,0,
injected/08207.bin,real,1,
injected/08208.bin,real,1,
real_world_training/08209.bin,real,0,
real_world_training/08210.bin,real,0,
real_world_training/08211.bin,real,0,
real_world_training/08212.bin,real,0,
real_world_training/08213.bin,real,0,
real_world_training/08214.bin,real,0,
injected/08215.bin,real,1,
real_world_training/08216.bin,real,0,
injected/08217.bin,real,1,
real_world_training/08218.bin,real,0,
real_world_training/08219.bin,real,1,
real_world_training/08220.bin,real,0,
real_world_training/08221.bin,real,1,
real_world_training/08222.bin,real,0,
injected/08223.bin,real,1,
real_world_training/08224.bin,real,0,
injected/08225.bin,real,1,
injected/08226.bin,real,1,
injected/08227.bin,real,1,
real_world_training/08228.bin,real,0,
real_world_training/08229.bin,real,0,
real_world_training/08230.bin,real,0,
real_world_training/08231.bin,real,0,
real_world_training/08232.bin,real,0,
injected/08233.bin,real,1,
real_world_training/08234.bin,real,0,
real_world_training/08235.bin,real,0,
real_world_training/08236.bin,real,0,
real_world_training/08237.bin,real,0,
real_world_training/08238.bin,real,0,
real_world_training/08239.bin,real,0,
injected/08240.bin,real,1,
real_world_training/08241.bin,real,0,
real_world_training/08242.bin,real,1,
real_world_training/08243.bin,real,0,
real_world_training/08244.bin,real,1,
real_world_training/08245.bin,real,0,
injected/08246.bin,real,1,
injected/08247.bin,real,1,
real_world_training/08248.bin,real,0,
real_world_training/08249.bin,real,0,
real_world_training/08250.bin,real,0,
injected/08251.bin,real,1,
real_world_training/08252.bin,real,0,
real_world_training/08253.bin,real,0,
real_world_training/08254.bin,real,0,
real_world_training/08255.bin,real,0,
real_world_training/08256.bin,real,0,
real_world_training/08257.bin,real,0,
real_world_training/08258.bin,real,1,
injected/08259.bin,real,1,
real_world_training/08260.bin,real,0,
real_world_training/08261.bin,real,0,
injected/08262.bin,real,1,
injected/08263.bin,real,1,
real_world_training/08264.bin,real,0,
real_world_training/08265.bin,real,0,
injected/08266.bin,real,1,
real_world_training/08267.bin,real,0,
injected/08268.bin,real,1,
real_world_training/08269.bin,real,0,
real_world_training/08270.bin,real,0,
injected/08271.bin,real,1,
real_world_training/08272.bin,real,0,
injected/08273.bin,real,1,
real_world_training/08274.bin,real,0,
injected/08275.bin,real,1,
injected/08276.bin,real,1,
real_world_training/08277.bin,real,0,
real_world_training/08278.bin,real,0,
real_world_training/08279.bin,real,0,
real_world_training/08280.bin,real,0,
real_world_training/08281.bin,real,0,
real_world_training/08282.bin,real,0,
injected/08283.bin,real,1,
real_world_training/08284.bin,real,0,
real_world_training/08285.bin,real,0,
injected/08286.bin,real,1,
real_world_training/08287.bin,real,0,
real_world_training/08288.bin,real,0,
real_world_training/08289.bin,real,0,
real_world_training/08290.bin,real,1,
real_world_training/08291.bin,real,0,
real_world_training/08292.bin,real,0,
real_world_training/08293.bin,real,0,
injected/08294.bin,real,1,
real_world_training/08295.bin,real,0,
real_world_training/08296.bin,real,0,
injected/08297.bin,real,1,
real_world_training/08298.bin,real,0,
real_world_training/08299.bin,real,0,
real_world_training/08300.bin,real,0,
real_world_training/08301.bin,real,0,
real_world_training/08302.bin,real,0,
injected/08303.bin,real,1,
injected/08304.bin,real,1,
injected/08305.bin,real,1,
injected/08306.bin,real,1,
real_world_training/08307.bin,real,0,
real_world_training/08308.bin,real,0,
injected/08309.bin,real,1,
injected/08310.bin,real,1,
injected/08311.bin,real,1,
real_world_training/08312.bin,real,0,
injected/08313.bin,real,1,
injected/08314.bin,real,1,
real_world_training/08315.bin,real,0,
real_world_training/08316.bin,real,0,
real_world_training/08317.bin,real,0,
real_world_training/08318.bin,real,0,
real_world_training/08319.bin,real,0,
injected/08320.bin,real,1,
real_world_training/08321.bin,real,0,
injected/08322.bin,real,1,
injected/08323.bin,real,1,
injected/08324.bin,real,1,
real_world_training/08325.bin,real,0,
injected/08326.bin,real,1,
real_world_training/08327.bin,real,0,
real_world_training/08328.bin,real,0,
real_world_training/08329.bin,real,0,
injected/08330.bin,real,1,
real_world_training/08331.bin,real,0,
real_world_training/08332.bin,real,0,
real_world_training/08333.bin,real,0,
real_world_training/08334.bin,real,0,
injected/08335.bin,real,1,
injected/08336.bin,real,1,
real_world_training/08337.bin,real,0,
injected/08338.bin,real,1,
real_world_training/08339.bin,real,0,
injected/08340.bin,real,1,
real_world_training/08341.bin,real,0,
real_world_training/08342.bin,real,0,
real_world_training/08343.bin,real,0,
real_world_training/08344.bin,real,1,
real_world_training/08345.bin,real,0,
real_world_training/08346.bin,real,0,
injected/08347.bin,real,1,
injected/08348.bin,real,1,
real_world_training/08349.bin,real,0,
real_world_training/08350.bin,real,0,
real_world_training/08351.bin,real,0,
real_world_training/08352.bin,real,0,
injected/08353.bin,real,1,
real_world_training/08354.bin,real,0,
injected/08355.bin,real,1,
real_world_training/08356.bin,real,0,
real_world_training/08357.bin,real,0,
injected/08358.bin,real,1,
injected/08359.bin,real,1,
real_world_training/08360.bin,real,0,
real_world_training/08361.bin,real,0,
real_world_training/08362.bin,real,0,
injected/08363.bin,real,1,
real_world_training/08364.bin,real,0,
real_world_training/08365.bin,real,0,
real_world_training/08366.bin,real,0,
real_world_training/08367.bin,real,0,
real_world_training/08368.bin,real,0,
injected/08369.bin,real,1,
injected/08370.bin,real,1,
injected/08371.bin,real,1,
real_world_training/08372.bin,real,0,
real_world_training/08373.bin,real,0,
real_world_training/08374.bin,real,0,
real_world_training/08375.bin,real,0,
injected/08376.bin,real,1,
real_world_training/08377.bin,real,0,
real_world_training/08378.bin,real,0,
real_world_training/08379.bin,real,0,
real_world_training/08380.bin,real,0,
real_world_training/08381.bin,real,1,
injected/08382.bin,real,1,
real_world_training/08383.bin,real,0,
real_world_training/08384.bin,real,0,
injected/08385.bin,real,1,
injected/08386.bin,real,1,
real_world_training/08387.bin,real,0,
real_world_training/08388.bin,real,0,
injected/08389.bin,real,1,
real_world_training/08390.bin,real,0,
injected/08391.bin,real,1,
injected/08392.bin,real,1,
injected/08393.bin,real,1,
injected/08394.bin,real,1,
real_world_training/08395.bin,real,0,
injected/08396.bin,real,1,
real_world_training/08397.bin,real,0,
real_world_training/08398.bin,real,0,
real_world_training/08399.bin,real,0,
injected/08400.bin,real,1,
injected/08401.bin,real,1,
real_world_training/08402.bin,real,0,
real_world_training/08403.bin,real,0,
real_world_training/08404.bin,real,0,
real_world_training/08405.bin,real,0,
real_world_training/08406.bin,real,0,
real_world_training/08407.bin,real,0,
real_world_training/08408.bin,real,0,
real_world_training/08409.bin,real,0,
real_world_training/08410.bin,real,0,
real_world_training/08411.bin,real,0,
real_world_training/08412.bin,real,0,
injected/08413.bin,real,1,
real_world_training/08414.bin,real,0,
real_world_training/08415.bin,real,0,
real_world_training/08416.bin,real,0,
real_world_training/08417.bin,real,0,
real_world_training/08418.bin,real,0,
real_world_training/08419.bin,real,0,
real_world_training/08420.bin,real,0,
real_world_training/08421.bin,real,0,
real_world_training/08422.bin,real,0,
injected/08423.bin,real,1,
real_world_training/08424.bin,real,0,
real_world_training/08425.bin,real,0,
injected/08426.bin,real,1,
real_world_training/08427.bin,real,0,
real_world_training/08428.bin,real,0,
real_world_training/08429.bin,real,0,
real_world_training/08430.bin,real,0,
injected/08431.bin,real,1,
real_world_training/08432.bin,real,0,
real_world_training/08433.bin,real,0,
injected/08434.bin,real,1,
injected/08435.bin,real,1,
real_world_training/08436.bin,real,0,
real_world_training/08437.bin,real,0,
real_world_training/08438.bin,real,0,
injected/08439.bin,real,1,
real_world_training/08440.bin,real,0,
injected/08441.bin,real,1,
real_world_training/08442.bin,real,0,
real_world_training/08443.bin,real,0,
real_world_training/08444.bin,real,0,
real_world_training/08445.bin,real,0,
real_world_training/08446.bin,real,0,
real_world_training/08447.bin,real,0,
injected/08448.bin,real,1,
injected/08449.bin,real,1,
real_world_training/08450.bin,real,0,
injected/08451.bin,real,1,
real_world_training/08452.bin,real,0,
injected/08453.bin,real,1,
real_world_training/08454.bin,real,0,
real_world_training/08455.bin,real,0,
real_world_training/08456.bin,real,0,
real_world_training/08457.bin,real,0,
real_world_training/08458.bin,real,0,
real_world_training/08459.bin,real,0,
real_world_training/08460.bin,real,0,
real_world_training/08461.bin,real,0,
real_world_training/08462.bin,real,0,
injected/08463.bin,real,1,
real_world_training/08464.bin,real,0,
injected/08465.bin,real,1,
real_world_training/08466.bin,real,0,
real_world_training/08467.bin,real,0,
real_world_training/08468.bin,real,0,
injected/08469.bin,real,1,
real_world_training/08470.bin,real,0,
injected/08471.bin,real,1,
real_world_training/08472.bin,real,0,
real_world_training/08473.bin,real,0,
real_world_training/08474.bin,real,0,
injected/08475.bin,real,1,
real_world_training/08476.bin,real,0,
real_world_training/08477.bin,real,0,
real_world_training/08478.bin,real,0,
real_world_training/08479.bin,real,0,
real_world_training/08480.bin,real,0,
injected/08481.bin,real,1,
injected/08482.bin,real,1,
real_world_training/08483.bin,real,0,
real_world_training/08484.bin,real,0,
real_world_training/08485.bin,real,0,
injected/08486.bin,real,1,
real_world_training/08487.bin,real,0,
real_world_training/08488.bin,real,0,
real_world_training/08489.bin,real,0,
real_world_training/08490.bin,real,0,
real_world_training/08491.bin,real,0,
real_world_training/08492.bin,real,0,
real_world_training/08493.bin,real,1,
injected/08494.bin,real,1,
real_world_training/08495.bin,real,0,
real_world_training/08496.bin,real,0,
injected/08497.bin,real,1,
real_world_training/08498.bin,real,0,
real_world_training/08499.bin,real,0,
real_world_training/08500.bin,real,0,
injected/08501.bin,real,1,
real_world_training/08502.bin,real,0,
real_world_training/08503.bin,real,0,
real_world_training/08504.bin,real,0,
real_world_training/08505.bin,real,0,
real_world_training/08506.bin,real,0,
real_world_training/08507.bin,real,0,
injected/08508.bin,real,1,
real_world_training/08509.bin,real,0,
real_world_training/08510.bin,real,0,
real_world_training/08511.bin,real,0,
real_world_training/08512.bin,real,0,
real_world_training/08513.bin,real,0,
injected/08514.bin,real,1,
real_world_training/08515.bin,real,0,
real_world_training/08516.bin,real,0,
injected/08517.bin,real,1,
real_world_training/08518.bin,real,0,
real_world_training/08519.bin,real,0,
injected/08520.bin,real,1,
real_world_training/08521.bin,real,0,
real_world_training/08522.bin,real,0,
injected/08523.bin,real,1,
real_world_training/08524.bin,real,0,
real_world_training/08525.bin,real,0,
real_world_training/08526.bin,real,0,
real_world_training/08527.bin,real,0,
real_world_training/08528.bin,real,0,
real_world_training/08529.bin,real,0,
real_world_training/08530.bin,real,0,
injected/08531.bin,real,1,
real_world_training/08532.bin,real,0,
real_world_training/08533.bin,real,0,
real_world_training/08534.bin,real,0,
real_world_training/08535.bin,real,0,
real_world_training/08536.bin,real,0,
real_world_training/08537.bin,real,0,
real_world_training/08538.bin,real,0,
real_world_training/08539.bin,real,0,
real_world_training/08540.bin,real,0,
injected/08541.bin,real,1,
real_world_training/08542.bin,real,0,
real_world_training/08543.bin,real,0,
real_world_training/08544.bin,real,0,
injected/08545.bin,real,1,
real_world_training/08546.bin,real,0,
real_world_training/08547.bin,real,0,
injected/08548.bin,real,1,
real_world_training/08549.bin,real,0,
injected/08550.bin,real,1,
real_world_training/08551.bin,real,0,
injected/08552.bin,real,1,
injected/08553.bin,real,1,
real_world_training/08554.bin,real,0,
injected/08555.bin,real,1,
real_world_training/08556.bin,real,0,
injected/08557.bin,real,1,
real_world_training/08558.bin,real,0,
real_world_training/08559.bin,real,0,
real_world_training/08560.bin,real,0,
injected/08561.bin,real,1,
real_world_training/08562.bin,real,0,
real_world_training/08563.bin,real,0,
real_world_training/08564.bin,real,0,
injected/08565.bin,real,1,
real_world_training/08566.bin,real,0,
real_world_training/08567.bin,real,0,
real_world_training/08568.bin,real,0,
real_world_training/08569.bin,real,0,
real_world_training/08570.bin,real,0,
real_world_training/08571.bin,real,0,
injected/08572.bin,real,1,
injected/08573.bin,real,1,
real_world_training/08574.bin,real,0,
real_world_training/08575.bin,real,0,
real_world_training/08576.bin,real,0,
real_world_training/08577.bin,real,0,
real_world_training/08578.bin,real,1,
real_world_training/08579.bin,real,0,
real_world_training/08580.bin,real,1,
real_world_training/08581.bin,real,0,
real_world_training/08582.bin,real,0,
injected/08583.bin,real,1,
real_world_training/08584.bin,real,0,
injected/08585.bin,real,1,
real_world_training/08586.bin,real,0,
injected/08587.bin,real,1,
real_world_training/08588.bin,real,0,
real_world_training/08589.bin,real,0,
injected/08590.bin,real,1,
injected/08591.bin,real,1,
real_world_training/08592.bin,real,0,
real_world_training/08593.bin,real,0,
real_world_training/08594.bin,real,0,
real_world_training/08595.bin,real,0,
real_world_training/08596.bin,real,0,
real_world_training/08597.bin,real,0,
real_world_training/08598.bin,real,0,
injected/08599.bin,real,1,
real_world_training/08600.bin,real,1,
real_world_training/08601.bin,real,0,
injected/08602.bin,real,1,
real_world_training/08603.bin,real,0,
real_world_training/08604.bin,real,0,
real_world_training/08605.bin,real,0,
real_world_training/08606.bin,real,0,
real_world_training/08607.bin,real,0,
injected/08608.bin,real,1,
real_world_training/08609.bin,real,0,
injected/08610.bin,real,1,
injected/08611.bin,real,1,
real_world_training/08612.bin,real,0,
real_world_training/08613.bin,real,0,
injected/08614.bin,real,1,
injected/08615.bin,real,1,
real_world_training/08616.bin,real,0,
injected/08617.bin,real,1,
real_world_training/08618.bin,real,0,
real_world_training/08619.bin,real,0,
real_world_training/08620.bin,real,0,
injected/08621.bin,real,1,
injected/08622.bin,real,1,
real_world_training/08623.bin,real,0,
injected/08624.bin,real,1,
real_world_training/08625.bin,real,0,
injected/08626.bin,real,1,
injected/08627.bin,real,1,
real_world_training/08628.bin,real,0,
injected/08629.bin,real,1,
real_world_training/08630.bin,real,0,
real_world_training/08631.bin,real,0,
injected/08632.bin,real,1,
real_world_training/08633.bin,real,0,
real_world_training/08634.bin,real,0,
injected/08635.bin,real,1,
real_world_training/08636.bin,real,0,
injected/08637.bin,real,1,
injected/08638.bin,real,1,
injected/08639.bin,real,1,
injected/08640.bin,real,1,
real_world_training/08641.bin,real,0,
injected/08642.bin,real,1,
real_world_training/08643.bin,real,0,
real_world_training/08644.bin,real,1,
real_world_training/08645.bin,real,0,
real_world_training/08646.bin,real,0,
injected/08647.bin,real,1,
real_world_training/08648.bin,real,0,
injected/08649.bin,real,1,
real_world_training/08650.bin,real,0,
real_world_training/08651.bin,real,0,
injected/08652.bin,real,1,
real_world_training/08653.bin,real,0,
real_world_training/08654.bin,real,0,
real_world_training/08655.bin,real,0,
real_world_training/08656.bin,real,0,
injected/08657.bin,real,1,
real_world_training/08658.bin,real,0,
injected/08659.bin,real,1,
real_world_training/08660.bin,real,0,
real_world_training/08661.bin,real,0,
real_world_training/08662.bin,real,0,
real_world_training/08663.bin,real,0,
injected/08664.bin,real,1,
real_world_training/08665.bin,real,0,
real_world_training/08666.bin,real,0,
injected/08667.bin,real,1,
real_world_training/08668.bin,real,0,
real_world_training/08669.bin,real,0,
injected/08670.bin,real,1,
injected/08671.bin,real,1,
real_world_training/08672.bin,real,0,
real_world_training/08673.bin,real,1,
real_world_training/08674.bin,real,0,
injected/08675.bin,real,1,
real_world_training/08676.bin,real,0,
real_world_training/08677.bin,real,0,
real_world_training/08678.bin,real,0,
real_world_training/08679.bin,real,0,
real_world_training/08680.bin,real,0,
real_world_training/08681.bin,real,0,
real_world_training/08682.bin,real,0,
real_world_training/08683.bin,real,0,
real_world_training/08684.bin,real,0,
real_world_training/08685.bin,real,0,
injected/08686.bin,real,1,
injected/08687.bin,real,1,
injected/08688.bin,real,1,
real_world_training/08689.bin,real,0,
real_world_training/08690.bin,real,0,
injected/08691.bin,real,1,
real_world_training/08692.bin,real,0,
real_world_training/08693.bin,real,0,
injected/08694.bin,real,1,
real_world_training/08695.bin,real,0,
real_world_training/08696.bin,real,0,
real_world_training/08697.bin,real,0,
real_world_training/08698.bin,real,0,
real_world_training/08699.bin,real,0,
real_world_training/08700.bin,real,0,
real_world_training/08701.bin,real,0,
real_world_training/08702.bin,real,0,
real_world_training/08703.bin,real,0,
real_world_training/08704.bin,real,0,
injected/08705.bin,real,1,
real_world_training/08706.bin,real,0,
real_world_training/08707.bin,real,1,
real_world_training/08708.bin,real,0,
injected/08709.bin,real,1,
real_world_training/08710.bin,real,0,
real_world_training/08711.bin,real,0,
real_world_training/08712.bin,real,0,
real_world_training/08713.bin,real,0,
injected/08714.bin,real,1,
real_world_training/08715.bin,real,0,
injected/08716.bin,real,1,
real_world_training/08717.bin,real,0,
real_world_training/08718.bin,real,0,
real_world_training/08719.bin,real,0,
injected/08720.bin,real,1,
real_world_training/08721.bin,real,0,
injected/08722.bin,real,1,
injected/08723.bin,real,1,
real_world_training/08724.bin,real,0,
real_world_training/08725.bin,real,0,
injected/08726.bin,real,1,
injected/08727.bin,real,1,
real_world_training/08728.bin,real,0,
real_world_training/08729.bin,real,0,
real_world_training/08730.bin,real,0,
injected/08731.bin,real,1,
real_world_training/08732.bin,real,0,
real_world_training/08733.bin,real,0,
injected/08734.bin,real,1,
real_world_training/08735.bin,real,0,
real_world_training/08736.bin,real,0,
injected/08737.bin,real,1,
injected/08738.bin,real,1,
injected/08739.bin,real,1,
real_world_training/08740.bin,real,0,
real_world_training/08741.bin,real,0,
real_world_training/08742.bin,real,0,
injected/08743.bin,real,1,
real_world_training/08744.bin,real,0,
injected/08745.bin,real,1,
real_world_training/08746.bin,real,0,
real_world_training/08747.bin,real,0,
injected/08748.bin,real,1,
injected/08749.bin,real,1,
real_world_training/08750.bin,real,0,
real_world_training/08751.bin,real,0,
real_world_training/08752.bin,real,0,
injected/08753.bin,real,1,
real_world_training/08754.bin,real,0,
injected/08755.bin,real,1,
injected/08756.bin,real,1,
injected/08757.bin,real,1,
real_world_training/08758.bin,real,0,
injected/08759.bin,real,1,
injected/08760.bin,real,1,
real_world_training/08761.bin,real,0,
real_world_training/08762.bin,real,0,
real_world_training/08763.bin,real,0,
injected/08764.bin,real,1,
injected/08765.bin,real,1,
injected/08766.bin,real,1,
injected/08767.bin,real,1,
injected/08768.bin,real,1,
injected/08769.bin,real,1,
injected/08770.bin,real,1,
real_world_training/08771.bin,real,0,
real_world_training/08772.bin,real,0,
real_world_training/08773.bin,real,0,
injected/08774.bin,real,1,
real_world_training/08775.bin,real,0,
injected/08776.bin,real,1,
real_world_training/08777.bin,real,0,
injected/08778.bin,real,1,
injected/08779.bin,real,1,
injected/08780.bin,real,1,
real_world_training/08781.bin,real,0,
real_world_training/08782.bin,real,0,
real_world_training/08783.bin,real,0,
real_world_training/08784.bin,real,0,
real_world_training/08785.bin,real,0,
real_world_training/08786.bin,real,0,
real_world_training/08787.bin,real,0,
real_world_training/08788.bin,real,0,
real_world_training/08789.bin,real,0,
real_world_training/08790.bin,real,0,
injected/08791.bin,real,1,
real_world_training/08792.bin,real,0,
real_world_training/08793.bin,real,0,
real_world_training/08794.bin,real,0,
real_world_training/08795.bin,real,0,
injected/08796.bin,real,1,
real_world_training/08797.bin,real,0,
real_world_training/08798.bin,real,0,
real_world_training/08799.bin,real,0,
injected/08800.bin,real,1,
real_world_training/08801.bin,real,0,
real_world_training/08802.bin,real,0,
real_world_training/08803.bin,real,0,
real_world_training/08804.bin,real,0,
real_world_training/08805.bin,real,0,
real_world_training/08806.bin,real,0,
injected/08807.bin,real,1,
real_world_training/08808.bin,real,0,
injected/08809.bin,real,1,
injected/08810.bin,real,1,
real_world_training/08811.bin,real,0,
real_world_training/08812.bin,real,0,
real_world_training/08813.bin,real,0,
injected/08814.bin,real,1,
real_world_training/08815.bin,real,0,
injected/08816.bin,real,1,
real_world_training/08817.bin,real,0,
real_world_training/08818.bin,real,0,
injected/08819.bin,real,1,
injected/08820.bin,real,1,
injected/08821.bin,real,1,
real_world_training/08822.bin,real,0,
real_world_training/08823.bin,real,0,
real_world_training/08824.bin,real,0,
real_world_training/08825.bin,real,0,
real_world_training/08826.bin,real,0,
injected/08827.bin,real,1,
injected/08828.bin,real,1,
real_world_training/08829.bin,real,0,
real_world_training/08830.bin,real,0,
real_world_training/08831.bin,real,0,
real_world_training/08832.bin,real,0,
injected/08833.bin,real,1,
injected/08834.bin,real,1,
real_world_training/08835.bin,real,0,
real_world_training/08836.bin,real,0,
injected/08837.bin,real,1,
real_world_training/08838.bin,real,1,
injected/08839.bin,real,1,
real_world_training/08840.bin,real,0,
real_world_training/08841.bin,real,1,
real_world_training/08842.bin,real,0,
injected/08843.bin,real,1,
real_world_training/08844.bin,real,0,
real_world_training/08845.bin,real,0,
injected/08846.bin,real,1,
injected/08847.bin,real,1,
real_world_training/08848.bin,real,0,
injected/08849.bin,real,1,
real_world_training/08850.bin,real,0,
real_world_training/08851.bin,real,0,
injected/08852.bin,real,1,
real_world_training/08853.bin,real,0,
real_world_training/08854.bin,real,0,
real_world_training/08855.bin,real,0,
injected/08856.bin,real,1,
injected/08857.bin,real,1,
real_world_training/08858.bin,real,0,
injected/08859.bin,real,1,
real_world_training/08860.bin,real,0,
real_world_training/08861.bin,real,0,
injected/08862.bin,real,1,
real_world_training/08863.bin,real,0,
injected/08864.bin,real,1,
real_world_training/08865.bin,real,0,
injected/08866.bin,real,1,
real_world_training/08867.bin,real,0,
real_world_training/08868.bin,real,0,
real_world_training/08869.bin,real,0,
real_world_training/08870.bin,real,0,
injected/08871.bin,real,1,
injected/08872.bin,real,1,
real_world_training/08873.bin,real,0,
real_world_training/08874.bin,real,0,
injected/08875.bin,real,1,
real_world_training/08876.bin,real,0,
real_world_training/08877.bin,real,0,
real_world_training/08878.bin,real,0,
real_world_training/08879.bin,real,0,
real_world_training/08880.bin,real,0,
injected/08881.bin,real,1,
injected/08882.bin,real,1,
real_world_training/08883.bin,real,0,
real_world_training/08884.bin,real,0,
injected/08885.bin,real,1,
real_world_training/08886.bin,real,0,
injected/08887.bin,real,1,
injected/08888.bin,real,1,
real_world_training/08889.bin,real,1,
real_world_training/08890.bin,real,0,
real_world_training/08891.bin,real,0,
real_world_training/08892.bin,real,0,
real_world_training/08893.bin,real,0,
injected/08894.bin,real,1,
injected/08895.bin,real,1,
real_world_training/08896.bin,real,0,
real_world_training/08897.bin,real,0,
real_world_training/08898.bin,real,0,
real_world_training/08899.bin,real,0,
injected/08900.bin,real,1,
real_world_training/08901.bin,real,0,
real_world_training/08902.bin,real,0,
real_world_training/08903.bin,real,0,
injected/08904.bin,real,1,
real_world_training/08905.bin,real,0,
real_world_training/08906.bin,real,0,
real_world_training/08907.bin,real,0,
injected/08908.bin,real,1,
real_world_training/08909.bin,real,0,
real_world_training/08910.bin,real,0,
real_world_training/08911.bin,real,0,
injected/08912.bin,real,1,
injected/08913.bin,real,1,
injected/08914.bin,real,1,
injected/08915.bin,real,1,
real_world_training/08916.bin,real,0,
real_world_training/08917.bin,real,0,
real_world_training/08918.bin,real,0,
real_world_training/08919.bin,real,0,
real_world_training/08920.bin,real,0,
injected/08921.bin,real,1,
real_world_training/08922.bin,real,0,
real_world_training/08923.bin,real,0,
real_world_training/08924.bin,real,0,
real_world_training/08925.bin,real,0,
real_world_training/08926.bin,real,0,
real_world_training/08927.bin,real,0,
injected/08928.bin,real,1,
injected/08929.bin,real,1,
injected/08930.bin,real,1,
injected/08931.bin,real,1,
real_world_training/08932.bin,real,0,
real_world_training/08933.bin,real,0,
real_world_training/08934.bin,real,0,
real_world_training/08935.bin,real,0,
injected/08936.bin,real,1,
real_world_training/08937.bin,real,1,
real_world_training/08938.bin,real,0,
injected/08939.bin,real,1,
real_world_training/08940.bin,real,0,
real_world_training/08941.bin,real,0,
real_world_training/08942.bin,real,0,
real_world_training/08943.bin,real,0,
real_world_training/08944.bin,real,0,
real_world_training/08945.bin,real,0,
injected/08946.bin,real,1,
real_world_training/08947.bin,real,0,
real_world_training/08948.bin,real,0,
injected/08949.bin,real,1,
real_world_training/08950.bin,real,0,
real_world_training/08951.bin,real,0,
injected/08952.bin,real,1,
real_world_training/08953.bin,real,0,
injected/08954.bin,real,1,
real_world_training/08955.bin,real,0,
injected/08956.bin,real,1,
injected/08957.bin,real,1,
real_world_training/08958.bin,real,0,
real_world_training/08959.bin,real,0,
injected/08960.bin,real,1,
real_world_training/08961.bin,real,0,
real_world_training/08962.bin,real,0,
real_world_training/08963.bin,real,0,
real_world_training/08964.bin,real,0,
injected/08965.bin,real,1,
real_world_training/08966.bin,real,0,
injected/08967.bin,real,1,
real_world_training/08968.bin,real,0,
real_world_training/08969.bin,real,0,
injected/08970.bin,real,1,
injected/08971.bin,real,1,
injected/08972.bin,real,1,
injected/08973.bin,real,1,
real_world_training/08974.bin,real,0,
injected/08975.bin,real,1,
real_world_training/08976.bin,real,0,
real_world_training/08977.bin,real,0,
real_world_training/08978.bin,real,0,
real_world_training/08979.bin,real,0,
injected/08980.bin,real,1,
real_world_training/08981.bin,real,0,
injected/08982.bin,real,1,
real_world_training/08983.bin,real,0,
real_world_training/08984.bin,real,0,
real_world_training/08985.bin,real,0,
real_world_training/08986.bin,real,0,
real_world_training/08987.bin,real,0,
real_world_training/08988.bin,real,0,
real_world_training/08989.bin,real,0,
real_world_training/08990.bin,real,0,
injected/08991.bin,real,1,
real_world_training/08992.bin,real,0,
real_world_training/08993.bin,real,0,
real_world_training/08994.bin,real,0,
injected/08995.bin,real,1,
real_world_training/08996.bin,real,0,
real_world_training/08997.bin,real,0,
real_world_training/08998.bin,real,0,
real_world_training/08999.bin,real,0,
real_world_training/09000.bin,real,0,
real_world_training/09001.bin,real,0,
real_world_training/09002.bin,real,0,
real_world_training/09003.bin,real,0,
injected/09004.bin,real,1,
real_world_training/09005.bin,real,0,
real_world_training/09006.bin,real,0,
injected/09007.bin,real,1,
real_world_training/09008.bin,real,0,
real_world_training/09009.bin,real,0,
injected/09010.bin,real,1,
real_world_training/09011.bin,real,0,
real_world_training/09012.bin,real,0,
real_world_training/09013.bin,real,0,
real_world_training/09014.bin,real,0,
injected/09015.bin,real,1,
injected/09016.bin,real,1,
injected/09017.bin,real,1,
injected/09018.bin,real,1,
real_world_training/09019.bin,real,0,
injected/09020.bin,real,1,
injected/09021.bin,real,1,
injected/09022.bin,real,1,
injected/09023.bin,real,1,
real_world_training/09024.bin,real,0,
injected/09025.bin,real,1,
injected/09026.bin,real,1,
injected/09027.bin,real,1,
real_world_training/09028.bin,real,0,
real_world_training/09029.bin,real,0,
real_world_training/09030.bin,real,0,
real_world_training/09031.bin,real,0,
real_world_training/09032.bin,real,0,
injected/09033.bin,real,1,
real_world_training/09034.bin,real,0,
real_world_training/09035.bin,real,0,
injected/09036.bin,real,1,
real_world_training/09037.bin,real,0,
real_world_training/09038.bin,real,0,
real_world_training/09039.bin,real,0,
real_world_training/09040.bin,real,0,
injected/09041.bin,real,1,
injected/09042.bin,real,1,
real_world_training/09043.bin,real,0,
injected/09044.bin,real,1,
injected/09045.bin,real,1,
injected/09046.bin,real,1,
real_world_training/09047.bin,real,0,
injected/09048.bin,real,1,
real_world_training/09049.bin,real,0,
injected/09050.bin,real,1,
real_world_training/09051.bin,real,0,
real_world_training/09052.bin,real,0,
real_world_training/09053.bin,real,0,
real_world_training/09054.bin,real,0,
injected/09055.bin,real,1,
real_world_training/09056.bin,real,0,
real_world_training/09057.bin,real,0,
real_world_training/09058.bin,real,0,
real_world_training/09059.bin,real,0,
real_world_training/09060.bin,real,0,
real_world_training/09061.bin,real,0,
real_world_training/09062.bin,real,0,
real_world_training/09063.bin,real,0,
real_world_training/09064.bin,real,0,
injected/09065.bin,real,1,
injected/09066.bin,real,1,
injected/09067.bin,real,1,
real_world_training/09068.bin,real,0,
injected/09069.bin,real,1,
injected/09070.bin,real,1,
injected/09071.bin,real,1,
real_world_training/09072.bin,real,0,
real_world_training/09073.bin,real,0,
real_world_training/09074.bin,real,0,
real_world_training/09075.bin,real,0,
real_world_training/09076.bin,real,1,
real_world_training/09077.bin,real,0,
injected/09078.bin,real,1,
real_world_training/09079.bin,real,0,
injected/09080.bin,real,1,
real_world_training/09081.bin,real,0,
real_world_training/09082.bin,real,0,
real_world_training/09083.bin,real,1,
real_world_training/09084.bin,real,0,
real_world_training/09085.bin,real,0,
real_world_training/09086.bin,real,0,
real_world_training/09087.bin,real,0,
injected/09088.bin,real,1,
real_world_training/09089.bin,real,0,
injected/09090.bin,real,1,
real_world_training/09091.bin,real,0,
injected/09092.bin,real,1,
injected/09093.bin,real,1,
real_world_training/09094.bin,real,0,
real_world_training/09095.bin,real,0,
injected/09096.bin,real,1,
injected/09097.bin,real,1,
real_world_training/09098.bin,real,0,
injected/09099.bin,real,1,
real_world_training/09100.bin,real,0,
real_world_training/09101.bin,real,0,
real_world_training/09102.bin,real,0,
real_world_training/09103.bin,real,0,
injected/09104.bin,real,1,
real_world_training/09105.bin,real,0,
injected/09106.bin,real,1,
real_world_training/09107.bin,real,0,
real_world_training/09108.bin,real,0,
real_world_training/09109.bin,real,0,
real_world_training/09110.bin,real,1,
real_world_training/09111.bin,real,0,
real_world_training/09112.bin,real,1,
real_world_training/09113.bin,real,0,
injected/09114.bin,real,1,
real_world_training/09115.bin,real,0,
real_world_training/09116.bin,real,0,
injected/09117.bin,real,1,
injected/09118.bin,real,1,
injected/09119.bin,real,1,
real_world_training/09120.bin,real,0,
injected/09121.bin,real,1,
real_world_training/09122.bin,real,0,
real_world_training/09123.bin,real,0,
real_world_training/09124.bin,real,0,
real_world_training/09125.bin,real,0,
injected/09126.bin,real,1,
real_world_training/09127.bin,real,0,
real_world_training/09128.bin,real,0,
real_world_training/09129.bin,real,0,
injected/09130.bin,real,1,
real_world_training/09131.bin,real,0,
real_world_training/09132.bin,real,0,
real_world_training/09133.bin,real,0,
injected/09134.bin,real,1,
real_world_training/09135.bin,real,0,
injected/09136.bin,real,1,
real_world_training/09137.bin,real,0,
injected/09138.bin,real,1,
injected/09139.bin,real,1,
real_world_training/09140.bin,real,0,
real_world_training/09141.bin,real,0,
injected/09142.bin,real,1,
injected/09143.bin,real,1,
real_world_training/09144.bin,real,0,
real_world_training/09145.bin,real,0,
injected/09146.bin,real,1,
real_world_training/09147.bin,real,0,
real_world_training/09148.bin,real,0,
real_world_training/09149.bin,real,0,
real_world_training/09150.bin,real,0,
injected/09151.bin,real,1,
injected/09152.bin,real,1,
real_world_training/09153.bin,real,0,
real_world_training/09154.bin,real,1,
real_world_training/09155.bin,real,0,
injected/09156.bin,real,1,
real_world_training/09157.bin,real,0,
real_world_training/09158.bin,real,0,
real_world_training/09159.bin,real,0,
real_world_training/09160.bin,real,0,
real_world_training/09161.bin,real,0,
real_world_training/09162.bin,real,0,
real_world_training/09163.bin,real,0,
real_world_training/09164.bin,real,0,
injected/09165.bin,real,1,
real_world_training/09166.bin,real,0,
injected/09167.bin,real,1,
injected/09168.bin,real,1,
injected/09169.bin,real,1,
real_world_training/09170.bin,real,0,
real_world_training/09171.bin,real,0,
injected/09172.bin,real,1,
real_world_training/09173.bin,real,0,
real_world_training/09174.bin,real,0,
real_world_training/09175.bin,real,0,
real_world_training/09176.bin,real,0,
injected/09177.bin,real,1,
injected/09178.bin,real,1,
real_world_training/09179.bin,real,0,
injected/09180.bin,real,1,
injected/09181.bin,real,1,
injected/09182.bin,real,1,
injected/09183.bin,real,1,
injected/09184.bin,real,1,
injected/09185.bin,real,1,
injected/09186.bin,real,1,
injected/09187.bin,real,1,
real_world_training/09188.bin,real,0,
real_world_training/09189.bin,real,0,
real_world_training/09190.bin,real,0,
injected/09191.bin,real,1,
real_world_training/09192.bin,real,0,
real_world_training/09193.bin,real,0,
real_world_training/09194.bin,real,0,
injected/09195.bin,real,1,
injected/09196.bin,real,1,
real_world_training/09197.bin,real,0,
injected/09198.bin,real,1,
injected/09199.bin,real,1,
real_world_training/09200.bin,real,0,
real_world_training/09201.bin,real,0,
injected/09202.bin,real,1,
injected/09203.bin,real,1,
real_world_training/09204.bin,real,0,
injected/09205.bin,real,1,
real_world_training/09206.bin,real,0,
injected/09207.bin,real,1,
real_world_training/09208.bin,real,0,
real_world_training/09209.bin,real,0,
real_world_training/09210.bin,real,0,
real_world_training/09211.bin,real,0,
injected/09212.bin,real,1,
injected/09213.bin,real,1,
real_world_training/09214.bin,real,0,
injected/09215.bin,real,1,
real_world_training/09216.bin,real,0,
real_world_training/09217.bin,real,0,
injected/09218.bin,real,1,
injected/09219.bin,real,1,
real_world_training/09220.bin,real,0,
real_world_training/09221.bin,real,0,
real_world_training/09222.bin,real,1,
real_world_training/09223.bin,real,0,
injected/09224.bin,real,1,
real_world_training/09225.bin,real,0,
injected/09226.bin,real,1,
injected/09227.bin,real,1,
real_world_training/09228.bin,real,0,
real_world_training/09229.bin,real,0,
real_world_training/09230.bin,real,0,
real_world_training/09231.bin,real,0,
injected/09232.bin,real,1,
injected/09233.bin,real,1,
injected/09234.bin,real,1,
real_world_training/09235.bin,real,0,
injected/09236.bin,real,1,
real_world_training/09237.bin,real,0,
injected/09238.bin,real,1,
real_world_training/09239.bin,real,1,
injected/09240.bin,real,1,
injected/09241.bin,real,1,
injected/09242.bin,real,1,
injected/09243.bin,real,1,
real_world_training/09244.bin,real,0,
real_world_training/09245.bin,real,0,
injected/09246.bin,real,1,
injected/09247.bin,real,1,
injected/09248.bin,real,1,
injected/09249.bin,real,1,
real_world_training/09250.bin,real,0,
injected/09251.bin,real,1,
real_world_training/09252.bin,real,0,
real_world_training/09253.bin,real,0,
injected/09254.bin,real,1,
injected/09255.bin,real,1,
real_world_training/09256.bin,real,0,
real_world_training/09257.bin,real,0,
injected/09258.bin,real,1,
injected/09259.bin,real,1,
injected/09260.bin,real,1,
real_world_training/09261.bin,real,0,
injected/09262.bin,real,1,
injected/09263.bin,real,1,
real_world_training/09264.bin,real,0,
real_world_training/09265.bin,real,0,
injected/09266.bin,real,1,
injected/09267.bin,real,1,
injected/09268.bin,real,1,
real_world_training/09269.bin,real,0,
injected/09270.bin,real,1,
real_world_training/09271.bin,real,0,
injected/09272.bin,real,1,
real_world_training/09273.bin,real,0,
real_world_training/09274.bin,real,0,
real_world_training/09275.bin,real,0,
real_world_training/09276.bin,real,0,
real_world_training/09277.bin,real,0,
real_world_training/09278.bin,real,0,
injected/09279.bin,real,1,
injected/09280.bin,real,1,
real_world_training/09281.bin,real,0,
injected/09282.bin,real,1,
injected/09283.bin,real,1,
real_world_training/09284.bin,real,0,
real_world_training/09285.bin,real,0,
